Farmer_ID,Date,Procurement_Center,Village,District,Crop_Type,Crop_Variety,Quantity_Quintals,Number_of_Bags,Vehicle_Type,Number_of_Vehicles,Available_Machines,Number_of_Staff,Time_Slot,Day_of_Week,Month,Historical_Farmer_Arrivals,Actual_Farmer_Arrivals,Average_Processing_Time,Waiting_Time_Minutes,Procurement_Duration_Minutes,Congestion_Level,Weather_Condition,Festival_or_Holiday,Slot_Capacity,Completed_Status,Cluster
F1000,2024-03-06,Rural Market Yard,Rythu Colony,Krishna,Cotton,NCS-145,9.4,19,Auto,3,4,5,10:00-11:00,Wednesday,3,16,10,21.0,75.3,39.8,Medium,Rainy,0,25,Completed,1
F1001,2024-11-20,Rural Market Yard,Greenfield,Krishna,Paddy,BPT-5204,6.75,14,Tractor,3,4,8,09:00-10:00,Wednesday,11,47,46,15.2,132.1,48.2,High,Clear,0,20,Completed,2
F1002,2025-06-27,Mandal Procurement Centre,Lakshmi Nagar,Krishna,Cotton,NCS-145,15.07,31,Mini Truck,1,4,8,14:00-15:00,Friday,6,8,10,27.4,76.3,46.5,Medium,Rainy,0,25,Completed,1
F1003,2024-08-16,Mandal Procurement Centre,Rythu Colony,Krishna,Maize,Pioneer-3396,12.3,25,Mini Truck,3,5,11,15:00-16:00,Friday,8,26,26,24.0,82.2,44.5,Medium,Clear,0,25,Completed,1
F1004,2024-01-28,Mandal Procurement Centre,Rythu Colony,Krishna,Paddy,BPT-5204,10.72,22,Tractor,3,2,9,08:00-09:00,Sunday,1,44,42,20.2,145.1,56.5,High,Cloudy,0,20,Cancelled,2
F1005,2025-09-15,Rural Market Yard,Lakshmi Nagar,Krishna,Cotton,Bt Cotton,9.55,20,Mini Truck,2,2,7,09:00-10:00,Monday,9,38,36,20.4,123.5,51.3,High,Clear,0,20,Completed,2
F1006,2025-05-24,Rural Market Yard,Greenfield,Krishna,Maize,Pioneer-3396,8.36,17,Auto,2,4,9,09:00-10:00,Saturday,5,42,44,15.1,115.8,44.0,High,Clear,0,20,Completed,2
F1007,2025-05-26,Cooperative Collection Centre,Kisanpur,Krishna,Cotton,NCS-145,5.12,11,Auto,2,5,5,09:00-10:00,Monday,5,30,29,10.7,86.4,32.3,High,Cloudy,0,20,Completed,0
F1008,2024-01-15,Rural Market Yard,Kisanpur,Krishna,Cotton,Bt Cotton,4.88,10,Mini Truck,1,5,4,14:00-15:00,Monday,1,43,42,15.5,92.8,38.7,High,Clear,0,25,Cancelled,2
F1009,2024-05-04,Rural Market Yard,Rythu Colony,Krishna,Cotton,Bt Cotton,4.91,10,Mini Truck,1,4,4,16:00-17:00,Saturday,5,25,19,17.9,89.6,40.3,Medium,Clear,0,20,Completed,0
F1010,2025-08-13,Mandal Procurement Centre,Kisanpur,Krishna,Paddy,Sona Masuri,10.69,22,Mini Truck,1,3,8,10:00-11:00,Wednesday,8,34,38,19.9,105.8,46.3,High,Clear,0,25,Completed,2
F1011,2024-03-19,Cooperative Collection Centre,Greenfield,Krishna,Cotton,NCS-145,13.24,27,Tractor,3,2,5,15:00-16:00,Tuesday,3,32,28,24.7,120.1,54.7,High,Clear,0,25,Cancelled,1
F1012,2025-01-24,Cooperative Collection Centre,Rythu Colony,Krishna,Paddy,BPT-5204,9.26,19,Mini Truck,1,3,6,10:00-11:00,Friday,1,46,46,18.3,126.0,49.8,High,Rainy,0,25,Completed,2
F1013,2024-07-10,Mandal Procurement Centre,Rythu Colony,Krishna,Cotton,Bt Cotton,17.37,35,Tractor,1,2,4,16:00-17:00,Wednesday,7,21,19,27.1,118.0,56.6,High,Clear,0,20,Completed,1
F1014,2025-11-14,Cooperative Collection Centre,Rythu Colony,Krishna,Paddy,BPT-5204,6.12,13,Tractor,3,3,5,09:00-10:00,Friday,11,37,36,17.2,111.7,45.1,High,Clear,0,20,Completed,2
F1015,2025-11-09,Cooperative Collection Centre,Lakshmi Nagar,Krishna,Cotton,NCS-145,5.97,12,Auto,2,3,9,10:00-11:00,Sunday,11,59,58,15.5,122.5,46.1,High,Clear,0,25,Completed,2
F1016,2024-05-01,Mandal Procurement Centre,Rythu Colony,Krishna,Maize,Pioneer-3396,15.59,32,Mini Truck,2,3,11,16:00-17:00,Wednesday,5,19,20,26.4,96.3,50.5,High,Cloudy,0,20,Completed,1
F1017,2024-10-28,Rural Market Yard,Kisanpur,Krishna,Cotton,Bt Cotton,4.11,9,Auto,3,3,11,10:00-11:00,Monday,10,40,48,18.7,108.1,45.7,High,Cloudy,0,25,Completed,2
F1018,2024-08-20,Mandal Procurement Centre,Kisanpur,Krishna,Paddy,Sona Masuri,4.34,9,Tractor,1,4,4,08:00-09:00,Tuesday,8,24,23,12.1,72.5,30.2,Medium,Rainy,0,20,Cancelled,0
F1019,2024-08-20,Mandal Procurement Centre,Lakshmi Nagar,Krishna,Cotton,Bt Cotton,18.19,37,Tractor,1,5,6,11:00-12:00,Tuesday,8,12,20,27.6,101.2,52.9,High,Rainy,1,25,Cancelled,1
F1020,2025-09-03,Rural Market Yard,Rythu Colony,Krishna,Cotton,Bt Cotton,7.52,16,Mini Truck,1,5,8,15:00-16:00,Wednesday,9,14,14,20.0,27.9,27.0,Low,Rainy,0,25,Completed,0
F1021,2024-07-13,Cooperative Collection Centre,Rythu Colony,Krishna,Maize,Pioneer-3396,7.37,15,Tractor,3,3,5,08:00-09:00,Saturday,7,32,35,16.2,132.7,49.4,High,Clear,0,20,Completed,2
F1022,2024-12-02,Cooperative Collection Centre,Kisanpur,Krishna,Maize,DHM-117,5.97,12,Mini Truck,2,2,5,15:00-16:00,Monday,12,33,33,14.8,107.2,41.6,High,Cloudy,0,25,Completed,2
F1023,2024-03-02,Rural Market Yard,Kisanpur,Krishna,Cotton,Bt Cotton,5.96,12,Mini Truck,1,2,4,16:00-17:00,Saturday,3,25,27,12.7,86.1,34.2,Medium,Rainy,0,20,Completed,0
F1024,2024-01-06,Mandal Procurement Centre,Kisanpur,Krishna,Maize,DHM-117,2.32,5,Mini Truck,3,5,5,10:00-11:00,Saturday,1,55,61,13.7,130.4,46.3,High,Clear,0,25,Completed,2
F1025,2025-05-05,Mandal Procurement Centre,Kisanpur,Krishna,Cotton,Bt Cotton,8.12,17,Auto,3,5,4,10:00-11:00,Monday,5,30,29,15.6,88.7,37.8,Medium,Cloudy,0,25,Completed,0
F1026,2024-09-20,Mandal Procurement Centre,Kisanpur,Krishna,Cotton,Bt Cotton,11.6,24,Mini Truck,1,5,9,10:00-11:00,Friday,9,39,42,25.1,104.4,51.2,High,Clear,0,25,Completed,2
F1027,2025-08-26,Rural Market Yard,Lakshmi Nagar,Krishna,Cotton,NCS-145,9.05,19,Tractor,3,3,11,09:00-10:00,Tuesday,8,37,38,20.3,130.6,53.0,High,Clear,0,20,Cancelled,2
F1028,2024-06-28,Rural Market Yard,Greenfield,Krishna,Paddy,Sona Masuri,8.55,18,Tractor,3,2,4,08:00-09:00,Friday,6,33,35,15.7,118.9,45.4,High,Cloudy,0,20,Completed,2
F1029,2025-08-08,Mandal Procurement Centre,Greenfield,Krishna,Paddy,BPT-5204,10.34,21,Auto,1,5,8,16:00-17:00,Friday,8,21,26,17.4,76.9,36.6,Medium,Cloudy,0,20,Completed,0
F1030,2025-07-01,Cooperative Collection Centre,Greenfield,Krishna,Maize,Pioneer-3396,13.79,28,Mini Truck,2,5,5,08:00-09:00,Tuesday,7,34,26,23.2,110.3,50.8,High,Cloudy,1,20,Completed,1
F1031,2024-04-16,Cooperative Collection Centre,Lakshmi Nagar,Krishna,Maize,Pioneer-3396,10.68,22,Tractor,2,3,10,16:00-17:00,Tuesday,4,20,24,24.7,118.1,54.2,High,Cloudy,0,20,Completed,1
F1032,2025-03-25,Rural Market Yard,Lakshmi Nagar,Krishna,Maize,Pioneer-3396,2.3,5,Mini Truck,1,5,4,11:00-12:00,Tuesday,3,17,10,14.6,38.3,24.2,Low,Cloudy,0,25,Completed,0
F1033,2025-05-28,Mandal Procurement Centre,Rythu Colony,Krishna,Maize,Pioneer-3396,8.83,18,Mini Truck,2,4,12,12:00-13:00,Wednesday,5,27,22,21.5,84.0,42.5,Medium,Clear,0,20,Completed,1
F1034,2024-07-15,Rural Market Yard,Lakshmi Nagar,Krishna,Cotton,NCS-145,14.79,30,Tractor,2,2,6,09:00-10:00,Monday,7,29,31,25.1,142.8,60.8,High,Rainy,0,20,Completed,3
F1035,2025-08-27,Mandal Procurement Centre,Kisanpur,Krishna,Maize,Pioneer-3396,6.53,14,Mini Truck,3,3,8,15:00-16:00,Wednesday,8,14,3,14.7,51.2,27.5,Medium,Clear,0,25,Completed,0
F1036,2024-08-31,Cooperative Collection Centre,Rythu Colony,Krishna,Paddy,BPT-5204,20.84,42,Tractor,3,2,11,09:00-10:00,Saturday,8,36,39,32.6,185.2,78.9,High,Clear,0,20,Cancelled,3
F1037,2025-07-06,Mandal Procurement Centre,Lakshmi Nagar,Krishna,Maize,DHM-117,3.39,7,Auto,2,3,5,10:00-11:00,Sunday,7,37,38,14.4,75.7,33.3,High,Clear,0,25,Completed,0
F1038,2025-09-16,Rural Market Yard,Greenfield,Krishna,Maize,Pioneer-3396,12.46,25,Auto,1,5,11,12:00-13:00,Tuesday,9,23,18,23.5,90.2,46.0,High,Cloudy,0,20,Completed,1
F1039,2025-03-05,Mandal Procurement Centre,Lakshmi Nagar,Krishna,Maize,Pioneer-3396,10.43,21,Tractor,1,3,7,15:00-16:00,Wednesday,3,17,16,22.3,77.5,41.7,Medium,Clear,0,25,Cancelled,1
F1040,2024-11-03,Cooperative Collection Centre,Greenfield,Krishna,Paddy,Sona Masuri,4.1,9,Mini Truck,3,5,8,11:00-12:00,Sunday,11,35,35,13.6,65.4,30.0,High,Clear,0,25,Completed,0
F1041,2025-09-25,Rural Market Yard,Rythu Colony,Krishna,Maize,Pioneer-3396,4.29,9,Auto,3,4,11,08:00-09:00,Thursday,9,36,42,9.8,103.1,35.6,High,Clear,0,20,Completed,2
F1042,2025-09-20,Mandal Procurement Centre,Greenfield,Krishna,Maize,DHM-117,6.19,13,Mini Truck,1,3,11,16:00-17:00,Saturday,9,33,30,12.1,89.8,34.5,High,Clear,0,20,Cancelled,0
F1043,2025-06-05,Rural Market Yard,Lakshmi Nagar,Krishna,Paddy,Sona Masuri,19.37,39,Auto,1,5,7,14:00-15:00,Thursday,6,23,20,31.8,91.7,54.7,High,Cloudy,0,25,Completed,1
F1044,2025-03-22,Cooperative Collection Centre,Kisanpur,Krishna,Cotton,Bt Cotton,2.56,6,Mini Truck,2,2,6,09:00-10:00,Saturday,3,43,41,8.8,119.4,38.7,High,Rainy,0,20,Completed,2
F1045,2025-08-13,Mandal Procurement Centre,Lakshmi Nagar,Krishna,Maize,DHM-117,9.58,20,Tractor,2,3,5,16:00-17:00,Wednesday,8,25,18,19.1,100.4,44.2,High,Clear,0,20,Completed,1
F1046,2024-08-08,Mandal Procurement Centre,Greenfield,Krishna,Maize,Pioneer-3396,5.27,11,Mini Truck,2,3,12,12:00-13:00,Thursday,8,13,12,11.1,54.5,24.7,Medium,Clear,0,20,Completed,0
F1047,2025-03-07,Cooperative Collection Centre,Rythu Colony,Krishna,Paddy,Sona Masuri,12.18,25,Auto,3,3,9,12:00-13:00,Friday,3,23,32,24.2,134.4,57.8,High,Clear,0,20,Completed,1
F1048,2025-05-05,Mandal Procurement Centre,Greenfield,Krishna,Cotton,Bt Cotton,6.99,14,Tractor,1,5,7,14:00-15:00,Monday,5,29,27,11.9,57.0,26.1,Medium,Clear,0,25,Completed,0
F1049,2024-02-17,Mandal Procurement Centre,Greenfield,Krishna,Paddy,BPT-5204,16.3,33,Tractor,1,4,8,10:00-11:00,Saturday,2,34,33,28.7,111.1,56.5,High,Clear,1,25,Completed,3
F1050,2024-10-30,Mandal Procurement Centre,Rythu Colony,Krishna,Cotton,NCS-145,7.28,15,Tractor,1,4,6,08:00-09:00,Wednesday,10,40,42,12.2,101.5,37.6,High,Clear,0,20,Completed,2
F1051,2024-08-29,Mandal Procurement Centre,Lakshmi Nagar,Krishna,Maize,Pioneer-3396,7.97,16,Tractor,1,2,4,16:00-17:00,Thursday,8,22,24,19.1,101.5,44.5,High,Clear,0,20,Completed,0
F1052,2024-03-05,Mandal Procurement Centre,Rythu Colony,Krishna,Maize,Pioneer-3396,11.39,23,Auto,1,5,11,11:00-12:00,Tuesday,3,17,24,21.1,63.9,37.1,Medium,Rainy,1,25,Completed,1
F1053,2024-09-21,Cooperative Collection Centre,Lakshmi Nagar,Krishna,Paddy,Sona Masuri,14.18,29,Mini Truck,1,3,11,15:00-16:00,Saturday,9,33,35,21.4,108.0,48.4,High,Cloudy,0,25,Completed,1
F1054,2024-08-08,Cooperative Collection Centre,Kisanpur,Krishna,Cotton,NCS-145,4.67,10,Mini Truck,1,5,8,09:00-10:00,Thursday,8,26,26,13.5,67.1,30.3,Medium,Rainy,0,20,Completed,0
F1055,2024-04-02,Mandal Procurement Centre,Kisanpur,Krishna,Paddy,BPT-5204,4.72,10,Auto,2,5,7,15:00-16:00,Tuesday,4,21,18,10.1,47.8,22.0,Medium,Clear,0,25,Completed,0
F1056,2025-09-05,Rural Market Yard,Lakshmi Nagar,Krishna,Paddy,Sona Masuri,16.67,34,Mini Truck,1,4,12,11:00-12:00,Friday,9,23,28,28.4,99.3,53.2,High,Cloudy,0,25,Completed,1
F1057,2024-10-25,Rural Market Yard,Greenfield,Krishna,Cotton,NCS-145,6.77,14,Auto,3,5,12,08:00-09:00,Friday,10,49,44,16.8,113.5,45.2,High,Clear,0,20,Completed,2
F1058,2025-04-17,Cooperative Collection Centre,Greenfield,Krishna,Maize,Pioneer-3396,4.57,10,Tractor,3,4,11,11:00-12:00,Thursday,4,23,29,12.8,88.3,34.9,Medium,Cloudy,0,25,Completed,0
F1059,2025-12-16,Mandal Procurement Centre,Lakshmi Nagar,Krishna,Cotton,Bt Cotton,13.32,27,Tractor,2,4,4,10:00-11:00,Tuesday,12,40,52,23.3,140.8,58.5,High,Rainy,0,25,Completed,2
F1060,2025-07-16,Mandal Procurement Centre,Greenfield,Krishna,Paddy,Sona Masuri,4.14,9,Mini Truck,2,4,11,09:00-10:00,Wednesday,7,38,34,14.6,82.3,35.2,High,Cloudy,0,20,Completed,0
F1061,2024-07-08,Mandal Procurement Centre,Rythu Colony,Krishna,Paddy,Sona Masuri,9.79,20,Auto,3,3,6,08:00-09:00,Monday,7,16,8,19.7,74.8,38.4,Medium,Rainy,0,20,Cancelled,0
F1062,2025-03-06,Mandal Procurement Centre,Greenfield,Krishna,Paddy,Sona Masuri,6.16,13,Mini Truck,1,4,5,08:00-09:00,Thursday,3,22,15,14.8,65.7,31.2,Medium,Clear,0,20,Completed,0
F1063,2024-08-04,Rural Market Yard,Lakshmi Nagar,Krishna,Cotton,NCS-145,22.07,45,Tractor,1,3,10,10:00-11:00,Sunday,8,47,44,34.6,143.9,70.6,High,Cloudy,0,25,Completed,3
F1064,2024-05-15,Cooperative Collection Centre,Greenfield,Krishna,Paddy,Sona Masuri,18.67,38,Mini Truck,1,3,5,14:00-15:00,Wednesday,5,8,10,30.6,84.9,51.8,Medium,Rainy,0,25,Completed,1
F1065,2025-01-22,Cooperative Collection Centre,Lakshmi Nagar,Krishna,Cotton,Bt Cotton,18.75,38,Auto,2,3,7,11:00-12:00,Wednesday,1,37,41,28.2,144.0,64.2,High,Clear,0,25,Completed,3
F1066,2024-01-02,Mandal Procurement Centre,Kisanpur,Krishna,Paddy,Sona Masuri,12.37,25,Mini Truck,2,4,7,11:00-12:00,Tuesday,1,33,34,25.6,107.1,52.4,High,Clear,0,25,Completed,1
F1067,2025-08-03,Cooperative Collection Centre,Kisanpur,Krishna,Paddy,BPT-5204,8.6,18,Auto,2,5,7,09:00-10:00,Sunday,8,39,33,18.4,101.3,43.7,High,Clear,0,20,Completed,2
F1068,2025-04-18,Cooperative Collection Centre,Rythu Colony,Krishna,Paddy,BPT-5204,12.44,25,Auto,1,4,5,14:00-15:00,Friday,4,14,15,23.7,77.8,43.1,Medium,Clear,0,25,Completed,1
F1069,2025-07-01,Cooperative Collection Centre,Rythu Colony,Krishna,Maize,DHM-117,16.33,33,Mini Truck,2,4,12,16:00-17:00,Tuesday,7,29,36,29.1,137.2,63.4,High,Cloudy,0,20,Completed,3
F1070,2024-10-21,Mandal Procurement Centre,Rythu Colony,Krishna,Maize,Pioneer-3396,7.19,15,Tractor,3,3,4,10:00-11:00,Monday,10,49,51,19.5,133.7,52.9,High,Clear,0,25,Cancelled,2
F1071,2025-05-03,Cooperative Collection Centre,Greenfield,Krishna,Cotton,Bt Cotton,10.82,22,Tractor,3,3,8,08:00-09:00,Saturday,5,41,42,20.3,127.7,52.2,High,Clear,0,20,Completed,2
F1072,2025-06-08,Cooperative Collection Centre,Kisanpur,Krishna,Cotton,Bt Cotton,14.15,29,Mini Truck,3,2,12,10:00-11:00,Sunday,6,37,36,23.1,136.1,57.1,High,Cloudy,1,25,Cancelled,3
F1073,2024-09-01,Rural Market Yard,Kisanpur,Krishna,Maize,Pioneer-3396,7.9,16,Tractor,2,5,4,09:00-10:00,Sunday,9,33,28,14.7,103.4,40.5,High,Rainy,0,20,Completed,0
F1074,2024-12-03,Cooperative Collection Centre,Kisanpur,Krishna,Maize,DHM-117,8.53,18,Tractor,1,3,11,10:00-11:00,Tuesday,12,53,50,18.1,115.1,46.9,High,Clear,0,25,Completed,2
F1075,2025-12-30,Mandal Procurement Centre,Kisanpur,Krishna,Cotton,Bt Cotton,9.97,20,Auto,3,2,9,09:00-10:00,Tuesday,12,45,50,20.1,164.7,61.3,High,Clear,0,20,Completed,2
F1076,2025-02-24,Mandal Procurement Centre,Greenfield,Krishna,Paddy,BPT-5204,6.85,14,Mini Truck,1,2,8,10:00-11:00,Monday,2,38,38,17.2,107.9,44.2,High,Cloudy,0,25,Completed,2
F1077,2024-11-06,Mandal Procurement Centre,Rythu Colony,Krishna,Maize,DHM-117,16.25,33,Auto,3,4,6,08:00-09:00,Wednesday,11,41,37,27.0,140.5,62.1,High,Clear,0,20,Completed,3
F1078,2025-10-31,Rural Market Yard,Lakshmi Nagar,Krishna,Paddy,BPT-5204,6.48,13,Auto,2,2,4,09:00-10:00,Friday,10,50,50,19.3,152.5,57.4,High,Clear,1,20,Completed,2
F1079,2025-08-24,Rural Market Yard,Lakshmi Nagar,Krishna,Maize,Pioneer-3396,8.97,18,Mini Truck,3,5,8,11:00-12:00,Sunday,8,33,33,22.2,81.0,42.5,Medium,Clear,0,25,Completed,1
F1080,2025-12-04,Rural Market Yard,Rythu Colony,Krishna,Paddy,Sona Masuri,15.69,32,Auto,1,5,9,08:00-09:00,Thursday,12,53,53,27.0,159.9,67.0,High,Clear,0,20,Completed,3
F1081,2024-05-20,Rural Market Yard,Greenfield,Krishna,Maize,Pioneer-3396,25.61,52,Tractor,1,4,8,09:00-10:00,Monday,5,30,26,38.0,132.0,71.0,High,Clear,0,20,Completed,3
F1082,2024-07-08,Mandal Procurement Centre,Kisanpur,Krishna,Cotton,NCS-145,4.02,9,Mini Truck,3,4,10,15:00-16:00,Monday,7,23,24,12.8,57.3,27.1,Medium,Cloudy,0,25,Cancelled,0
F1083,2024-05-05,Rural Market Yard,Lakshmi Nagar,Krishna,Paddy,BPT-5204,23.78,48,Tractor,3,3,6,15:00-16:00,Sunday,5,30,37,39.5,158.4,79.1,High,Clear,0,25,Completed,3
F1084,2024-02-26,Cooperative Collection Centre,Rythu Colony,Krishna,Paddy,BPT-5204,11.47,23,Tractor,3,3,5,15:00-16:00,Monday,2,17,26,20.3,84.1,41.3,Medium,Clear,0,25,Completed,1
F1085,2025-03-28,Cooperative Collection Centre,Rythu Colony,Krishna,Paddy,Sona Masuri,5.91,12,Auto,1,5,4,08:00-09:00,Friday,3,37,40,13.9,109.0,41.1,High,Cloudy,0,20,Completed,2
F1086,2024-08-26,Mandal Procurement Centre,Kisanpur,Krishna,Maize,DHM-117,8.92,18,Tractor,3,2,5,11:00-12:00,Monday,8,14,10,21.3,70.3,38.9,Medium,Rainy,0,25,Completed,0
F1087,2024-11-11,Cooperative Collection Centre,Greenfield,Krishna,Maize,DHM-117,17.77,36,Tractor,2,5,6,12:00-13:00,Monday,11,18,21,27.9,103.4,53.8,High,Rainy,0,20,Completed,1
F1088,2024-08-11,Rural Market Yard,Kisanpur,Krishna,Paddy,Sona Masuri,9.27,19,Tractor,1,5,12,14:00-15:00,Sunday,8,24,23,20.3,76.0,39.3,Medium,Clear,0,25,Completed,0
F1089,2025-11-06,Rural Market Yard,Rythu Colony,Krishna,Cotton,NCS-145,15.5,31,Auto,2,2,6,11:00-12:00,Thursday,11,36,35,28.2,133.6,61.6,High,Clear,0,25,Completed,3
F1090,2025-12-23,Cooperative Collection Centre,Rythu Colony,Krishna,Maize,Pioneer-3396,10.04,21,Tractor,3,2,12,11:00-12:00,Tuesday,12,33,24,17.7,86.5,39.3,Medium,Clear,0,25,Completed,0
F1091,2024-03-14,Mandal Procurement Centre,Greenfield,Krishna,Maize,Pioneer-3396,2.0,4,Auto,1,3,5,15:00-16:00,Thursday,3,17,21,12.0,48.8,24.2,Medium,Cloudy,0,25,Completed,0
F1092,2024-02-18,Rural Market Yard,Greenfield,Krishna,Paddy,BPT-5204,9.74,20,Tractor,2,2,4,11:00-12:00,Sunday,2,23,20,20.3,77.6,39.7,Medium,Clear,0,25,Completed,1
F1093,2024-09-08,Rural Market Yard,Lakshmi Nagar,Krishna,Maize,DHM-117,12.18,25,Auto,2,5,11,08:00-09:00,Sunday,9,49,50,21.0,148.9,58.2,High,Clear,0,20,Completed,2
F1094,2024-12-15,Mandal Procurement Centre,Kisanpur,Krishna,Cotton,NCS-145,11.65,24,Auto,1,5,5,08:00-09:00,Sunday,12,52,50,25.8,151.1,63.6,High,Cloudy,0,20,Cancelled,3
F1095,2025-02-18,Rural Market Yard,Rythu Colony,Krishna,Cotton,Bt Cotton,10.65,22,Auto,1,3,5,10:00-11:00,Tuesday,2,39,37,23.3,118.0,52.8,High,Clear,0,25,Cancelled,2
F1096,2024-09-21,Rural Market Yard,Lakshmi Nagar,Krishna,Cotton,Bt Cotton,17.46,35,Tractor,2,5,8,08:00-09:00,Saturday,9,40,41,28.6,134.1,62.1,High,Cloudy,0,20,Completed,3
F1097,2024-02-26,Rural Market Yard,Lakshmi Nagar,Krishna,Cotton,Bt Cotton,11.87,24,Tractor,3,3,9,14:00-15:00,Monday,2,10,11,19.4,85.6,40.8,Medium,Rainy,0,25,Completed,1
F1098,2024-04-18,Cooperative Collection Centre,Greenfield,Krishna,Paddy,BPT-5204,7.85,16,Tractor,2,4,11,11:00-12:00,Thursday,4,12,14,20.2,51.5,33.1,Medium,Rainy,0,25,Completed,0
F1099,2025-11-22,Cooperative Collection Centre,Rythu Colony,Krishna,Paddy,Sona Masuri,5.87,12,Tractor,1,5,11,10:00-11:00,Saturday,11,60,60,16.4,121.8,46.8,High,Clear,0,25,Completed,2
F1100,2025-03-06,Rural Market Yard,Kisanpur,Krishna,Maize,DHM-117,15.02,31,Auto,3,5,4,11:00-12:00,Thursday,3,7,3,28.9,71.7,46.8,Medium,Clear,0,25,Completed,1
F1101,2024-12-08,Rural Market Yard,Kisanpur,Krishna,Paddy,Sona Masuri,19.5,39,Auto,3,3,5,15:00-16:00,Sunday,12,39,37,31.6,165.9,73.1,High,Clear,0,25,Completed,3
F1102,2025-05-30,Mandal Procurement Centre,Lakshmi Nagar,Krishna,Maize,Pioneer-3396,3.74,8,Tractor,2,3,5,10:00-11:00,Friday,5,28,22,12.5,49.2,24.8,Medium,Cloudy,0,25,Completed,0
F1103,2024-03-21,Cooperative Collection Centre,Lakshmi Nagar,Krishna,Cotton,Bt Cotton,10.41,21,Tractor,1,2,11,16:00-17:00,Thursday,3,24,24,22.2,84.8,43.4,Medium,Clear,0,20,Completed,1
F1104,2024-10-06,Cooperative Collection Centre,Lakshmi Nagar,Krishna,Paddy,BPT-5204,5.04,11,Mini Truck,2,2,8,11:00-12:00,Sunday,10,34,35,12.8,104.9,39.0,High,Cloudy,1,25,Completed,2
F1105,2024-10-13,Rural Market Yard,Greenfield,Krishna,Cotton,NCS-145,13.59,28,Auto,1,5,12,09:00-10:00,Sunday,10,53,55,24.7,148.5,61.8,High,Clear,0,20,Completed,3
F1106,2025-03-31,Rural Market Yard,Rythu Colony,Krishna,Cotton,NCS-145,15.54,32,Auto,2,4,8,11:00-12:00,Monday,3,10,14,27.8,87.9,49.8,Medium,Rainy,0,25,Cancelled,1
F1107,2024-03-20,Rural Market Yard,Greenfield,Krishna,Paddy,Sona Masuri,14.84,30,Tractor,1,5,10,09:00-10:00,Wednesday,3,33,31,28.5,109.9,56.0,High,Rainy,0,20,Completed,1
F1108,2024-06-06,Cooperative Collection Centre,Rythu Colony,Krishna,Paddy,BPT-5204,6.96,14,Mini Truck,1,4,5,09:00-10:00,Thursday,6,33,27,16.1,82.3,36.7,Medium,Clear,0,20,Cancelled,0
F1109,2025-08-18,Cooperative Collection Centre,Lakshmi Nagar,Krishna,Cotton,NCS-145,8.92,18,Mini Truck,3,3,9,09:00-10:00,Monday,8,29,22,18.7,84.8,39.9,Medium,Rainy,0,20,Completed,0
F1110,2024-09-22,Mandal Procurement Centre,Greenfield,Krishna,Cotton,Bt Cotton,8.26,17,Auto,1,2,7,08:00-09:00,Sunday,9,42,39,15.9,117.8,45.4,High,Clear,0,20,Completed,2
F1111,2025-04-14,Mandal Procurement Centre,Lakshmi Nagar,Krishna,Paddy,BPT-5204,5.32,11,Tractor,1,5,12,12:00-13:00,Monday,4,23,29,16.9,62.7,32.6,High,Clear,0,20,Completed,0
F1112,2024-05-20,Mandal Procurement Centre,Greenfield,Krishna,Cotton,Bt Cotton,9.17,19,Tractor,3,4,7,15:00-16:00,Monday,5,20,19,15.5,79.8,35.5,Medium,Cloudy,0,25,Cancelled,0
F1113,2025-04-12,Rural Market Yard,Lakshmi Nagar,Krishna,Paddy,BPT-5204,11.92,24,Auto,1,2,8,14:00-15:00,Saturday,4,6,12,20.6,72.1,38.6,Medium,Rainy,0,25,Cancelled,1
F1114,2024-03-18,Rural Market Yard,Rythu Colony,Krishna,Cotton,Bt Cotton,2.0,4,Mini Truck,1,5,6,10:00-11:00,Monday,3,18,20,10.2,49.3,22.5,Medium,Rainy,0,25,Cancelled,0
F1115,2025-10-29,Rural Market Yard,Kisanpur,Krishna,Cotton,NCS-145,2.94,6,Auto,3,4,11,09:00-10:00,Wednesday,10,40,41,16.3,104.5,42.4,High,Cloudy,0,20,Completed,2
F1116,2024-06-11,Cooperative Collection Centre,Greenfield,Krishna,Paddy,Sona Masuri,3.71,8,Auto,1,5,6,10:00-11:00,Tuesday,6,22,21,9.2,52.7,22.4,Medium,Rainy,0,25,Cancelled,0
F1117,2024-01-18,Rural Market Yard,Kisanpur,Krishna,Cotton,NCS-145,6.55,14,Auto,2,4,11,09:00-10:00,Thursday,1,44,46,17.6,122.0,48.1,High,Cloudy,0,20,Completed,2
F1118,2024-06-12,Cooperative Collection Centre,Rythu Colony,Krishna,Cotton,NCS-145,2.99,6,Mini Truck,2,3,12,15:00-16:00,Wednesday,6,19,28,11.9,49.2,24.2,Medium,Clear,0,25,Completed,0
F1119,2024-11-24,Cooperative Collection Centre,Lakshmi Nagar,Krishna,Paddy,BPT-5204,9.28,19,Tractor,3,2,5,12:00-13:00,Sunday,11,19,21,18.0,99.6,42.9,High,Rainy,0,20,Completed,0
F1120,2024-05-16,Cooperative Collection Centre,Rythu Colony,Krishna,Paddy,Sona Masuri,7.38,15,Tractor,2,2,9,08:00-09:00,Thursday,5,26,22,16.8,87.6,38.7,Medium,Rainy,1,20,Completed,0
F1121,2024-09-09,Cooperative Collection Centre,Rythu Colony,Krishna,Paddy,BPT-5204,12.7,26,Tractor,3,2,12,10:00-11:00,Monday,9,33,38,21.7,122.5,52.3,High,Cloudy,0,25,Completed,2
F1122,2024-11-26,Mandal Procurement Centre,Kisanpur,Krishna,Cotton,NCS-145,19.23,39,Tractor,3,2,9,15:00-16:00,Tuesday,11,40,42,28.7,151.6,66.6,High,Clear,0,25,Cancelled,3
F1123,2024-11-22,Cooperative Collection Centre,Greenfield,Krishna,Maize,Pioneer-3396,9.14,19,Mini Truck,2,2,8,10:00-11:00,Friday,11,62,60,21.2,155.0,60.0,High,Clear,0,25,Completed,2
F1124,2025-12-31,Mandal Procurement Centre,Kisanpur,Krishna,Cotton,Bt Cotton,15.63,32,Tractor,2,4,8,08:00-09:00,Wednesday,12,43,45,28.8,144.2,64.8,High,Clear,0,20,Completed,3
F1125,2025-07-16,Mandal Procurement Centre,Lakshmi Nagar,Krishna,Cotton,Bt Cotton,8.62,18,Mini Truck,2,2,7,14:00-15:00,Wednesday,7,19,17,17.5,78.0,37.0,Medium,Cloudy,0,25,Cancelled,0
F1126,2024-04-24,Cooperative Collection Centre,Kisanpur,Krishna,Cotton,NCS-145,9.61,20,Auto,1,5,12,15:00-16:00,Wednesday,4,14,13,20.5,45.8,31.9,Medium,Rainy,0,25,Completed,0
F1127,2024-05-29,Mandal Procurement Centre,Kisanpur,Krishna,Cotton,Bt Cotton,7.8,16,Mini Truck,1,5,12,11:00-12:00,Wednesday,5,29,25,15.1,62.8,30.8,Medium,Clear,0,25,Completed,0
F1128,2024-10-28,Cooperative Collection Centre,Rythu Colony,Krishna,Maize,DHM-117,3.56,8,Tractor,1,2,6,14:00-15:00,Monday,10,35,38,10.0,85.7,31.4,High,Clear,0,25,Completed,0
F1129,2025-04-24,Rural Market Yard,Rythu Colony,Krishna,Cotton,NCS-145,10.73,22,Tractor,2,2,6,09:00-10:00,Thursday,4,34,38,18.7,146.7,55.4,High,Clear,0,20,Cancelled,2
F1130,2025-02-04,Rural Market Yard,Rythu Colony,Krishna,Paddy,BPT-5204,7.01,15,Tractor,3,5,12,15:00-16:00,Tuesday,2,26,23,17.9,85.0,39.1,Medium,Clear,0,25,Completed,0
F1131,2024-02-03,Rural Market Yard,Kisanpur,Krishna,Maize,Pioneer-3396,9.75,20,Tractor,3,4,5,10:00-11:00,Saturday,2,41,36,21.7,107.9,48.7,High,Clear,0,25,Completed,2
F1132,2025-09-24,Cooperative Collection Centre,Rythu Colony,Krishna,Paddy,Sona Masuri,16.46,33,Auto,1,4,4,10:00-11:00,Wednesday,9,29,26,25.4,103.3,51.2,High,Clear,0,25,Completed,1
F1133,2025-10-24,Cooperative Collection Centre,Kisanpur,Krishna,Paddy,BPT-5204,7.01,15,Mini Truck,1,4,8,16:00-17:00,Friday,10,40,27,13.5,71.5,31.4,Medium,Clear,0,20,Cancelled,0
F1134,2025-06-12,Cooperative Collection Centre,Kisanpur,Krishna,Maize,DHM-117,3.03,7,Auto,2,4,12,09:00-10:00,Thursday,6,30,32,8.9,93.5,32.3,High,Rainy,0,20,Cancelled,0
F1135,2024-06-25,Cooperative Collection Centre,Rythu Colony,Krishna,Maize,DHM-117,2.84,6,Tractor,2,5,11,11:00-12:00,Tuesday,6,11,9,9.7,40.8,19.9,Low,Clear,0,25,Completed,0
F1136,2024-01-19,Mandal Procurement Centre,Lakshmi Nagar,Krishna,Cotton,Bt Cotton,6.37,13,Tractor,1,4,8,11:00-12:00,Friday,1,19,17,15.2,46.1,26.7,Medium,Rainy,0,25,Completed,0
F1137,2024-04-12,Rural Market Yard,Greenfield,Krishna,Cotton,Bt Cotton,3.97,8,Auto,1,3,10,10:00-11:00,Friday,4,35,41,13.2,100.7,38.4,High,Clear,0,25,Completed,2
F1138,2024-01-05,Cooperative Collection Centre,Lakshmi Nagar,Krishna,Maize,Pioneer-3396,5.59,12,Tractor,3,2,11,11:00-12:00,Friday,1,35,31,15.2,102.4,40.8,High,Cloudy,1,25,Cancelled,0
F1139,2025-07-29,Mandal Procurement Centre,Rythu Colony,Krishna,Paddy,Sona Masuri,11.21,23,Mini Truck,3,5,4,12:00-13:00,Tuesday,7,9,10,21.3,64.9,37.5,Medium,Rainy,1,20,Completed,1
F1140,2024-04-20,Cooperative Collection Centre,Rythu Colony,Krishna,Cotton,Bt Cotton,8.67,18,Mini Truck,1,4,7,10:00-11:00,Saturday,4,47,47,18.4,105.1,44.7,High,Clear,1,25,Completed,2
F1141,2025-09-20,Cooperative Collection Centre,Kisanpur,Krishna,Paddy,BPT-5204,7.53,16,Mini Truck,1,3,5,10:00-11:00,Saturday,9,28,33,17.3,97.4,41.7,High,Rainy,0,25,Completed,2
F1142,2024-09-29,Cooperative Collection Centre,Kisanpur,Krishna,Paddy,BPT-5204,5.57,12,Tractor,1,3,5,10:00-11:00,Sunday,9,36,30,12.4,84.1,33.4,Medium,Clear,0,25,Cancelled,0
F1143,2024-06-23,Cooperative Collection Centre,Kisanpur,Krishna,Maize,Pioneer-3396,4.67,10,Mini Truck,2,2,8,14:00-15:00,Sunday,6,17,14,14.1,62.3,29.7,Medium,Cloudy,0,25,Completed,0
F1144,2024-09-11,Mandal Procurement Centre,Rythu Colony,Krishna,Paddy,BPT-5204,8.57,18,Tractor,1,3,6,16:00-17:00,Wednesday,9,14,6,18.2,51.2,31.0,Medium,Clear,1,20,Completed,0
F1145,2024-03-06,Rural Market Yard,Rythu Colony,Krishna,Paddy,BPT-5204,7.64,16,Mini Truck,3,2,4,08:00-09:00,Wednesday,3,38,37,17.6,139.4,52.5,High,Cloudy,0,20,Completed,2
F1146,2025-06-06,Cooperative Collection Centre,Kisanpur,Krishna,Cotton,NCS-145,3.04,7,Tractor,3,2,4,09:00-10:00,Friday,6,33,34,10.6,122.9,41.3,High,Rainy,0,20,Cancelled,2
F1147,2024-07-20,Cooperative Collection Centre,Kisanpur,Krishna,Cotton,Bt Cotton,9.09,19,Tractor,3,2,11,10:00-11:00,Saturday,7,42,40,20.5,126.6,52.1,High,Clear,0,25,Completed,2
F1148,2024-09-30,Cooperative Collection Centre,Rythu Colony,Krishna,Maize,Pioneer-3396,9.26,19,Tractor,2,2,11,09:00-10:00,Monday,9,37,41,17.5,129.3,49.8,High,Clear,0,20,Completed,2
F1149,2025-08-21,Mandal Procurement Centre,Greenfield,Krishna,Paddy,BPT-5204,6.7,14,Tractor,3,3,5,11:00-12:00,Thursday,8,14,11,15.3,66.0,31.8,Medium,Rainy,0,25,Completed,0
F1150,2024-10-19,Cooperative Collection Centre,Greenfield,Krishna,Cotton,Bt Cotton,5.81,12,Auto,3,4,4,15:00-16:00,Saturday,10,35,37,16.1,113.6,44.5,High,Clear,0,25,Cancelled,2
F1151,2024-03-05,Rural Market Yard,Lakshmi Nagar,Krishna,Maize,Pioneer-3396,7.49,15,Mini Truck,3,5,8,08:00-09:00,Tuesday,3,21,16,17.1,74.0,35.6,Medium,Rainy,0,20,Completed,0
F1152,2024-03-15,Rural Market Yard,Greenfield,Krishna,Maize,DHM-117,8.25,17,Tractor,3,5,7,12:00-13:00,Friday,3,13,13,19.4,61.1,34.7,Medium,Clear,0,20,Completed,0
F1153,2024-10-09,Mandal Procurement Centre,Rythu Colony,Krishna,Cotton,NCS-145,8.01,17,Tractor,2,3,6,09:00-10:00,Wednesday,10,43,40,19.8,126.8,51.5,High,Cloudy,0,20,Cancelled,2
F1154,2025-06-03,Cooperative Collection Centre,Rythu Colony,Krishna,Maize,Pioneer-3396,8.86,18,Mini Truck,1,2,8,12:00-13:00,Tuesday,6,21,17,15.7,76.2,34.8,Medium,Rainy,0,20,Completed,0
F1155,2025-09-07,Cooperative Collection Centre,Lakshmi Nagar,Krishna,Paddy,BPT-5204,12.57,26,Mini Truck,2,2,12,15:00-16:00,Sunday,9,37,38,26.2,116.1,55.2,High,Cloudy,0,25,Cancelled,1
F1156,2024-03-01,Mandal Procurement Centre,Rythu Colony,Krishna,Paddy,Sona Masuri,12.61,26,Mini Truck,2,2,10,09:00-10:00,Friday,3,19,22,23.0,114.8,51.7,High,Rainy,0,20,Completed,1
F1157,2024-12-10,Cooperative Collection Centre,Greenfield,Krishna,Cotton,Bt Cotton,11.58,24,Tractor,1,3,11,10:00-11:00,Tuesday,12,49,53,22.2,130.6,54.8,High,Clear,0,25,Completed,2
F1158,2024-03-14,Mandal Procurement Centre,Greenfield,Krishna,Cotton,Bt Cotton,13.67,28,Mini Truck,1,3,12,11:00-12:00,Thursday,3,7,9,28.2,62.5,43.8,Medium,Rainy,1,25,Completed,1
F1159,2024-10-02,Cooperative Collection Centre,Greenfield,Krishna,Paddy,BPT-5204,15.75,32,Tractor,1,2,6,15:00-16:00,Wednesday,10,38,47,29.2,157.3,68.5,High,Clear,0,25,Completed,3
F1160,2025-12-25,Cooperative Collection Centre,Rythu Colony,Krishna,Cotton,NCS-145,2.0,4,Tractor,1,5,7,15:00-16:00,Thursday,12,32,28,14.3,55.7,28.2,Medium,Clear,1,25,Completed,0
F1161,2025-08-30,Cooperative Collection Centre,Greenfield,Krishna,Paddy,Sona Masuri,12.09,25,Tractor,2,3,7,08:00-09:00,Saturday,8,32,30,23.3,129.4,55.7,High,Rainy,0,20,Completed,1
F1162,2024-01-30,Mandal Procurement Centre,Greenfield,Krishna,Paddy,BPT-5204,3.83,8,Mini Truck,1,4,4,15:00-16:00,Tuesday,1,39,35,12.8,100.8,38.0,High,Cloudy,0,25,Completed,0
F1163,2024-02-22,Mandal Procurement Centre,Rythu Colony,Krishna,Maize,Pioneer-3396,8.01,17,Auto,1,5,8,11:00-12:00,Thursday,2,26,22,19.1,67.5,36.0,Medium,Clear,1,25,Cancelled,0
F1164,2024-10-11,Rural Market Yard,Greenfield,Krishna,Cotton,Bt Cotton,18.17,37,Mini Truck,1,3,7,09:00-10:00,Friday,10,54,60,34.9,210.7,87.6,High,Cloudy,0,20,Completed,3
F1165,2024-02-19,Mandal Procurement Centre,Rythu Colony,Krishna,Cotton,NCS-145,2.0,4,Mini Truck,3,2,4,16:00-17:00,Monday,2,29,27,10.5,93.8,34.0,High,Clear,0,20,Completed,0
F1166,2024-12-08,Mandal Procurement Centre,Rythu Colony,Krishna,Paddy,Sona Masuri,9.63,20,Tractor,1,3,5,12:00-13:00,Sunday,12,34,38,20.2,116.0,49.2,High,Rainy,0,20,Completed,2
F1167,2024-10-22,Rural Market Yard,Kisanpur,Krishna,Cotton,Bt Cotton,5.39,11,Mini Truck,1,4,4,11:00-12:00,Tuesday,10,36,33,13.8,60.7,29.0,Medium,Cloudy,0,25,Completed,0
F1168,2024-05-13,Rural Market Yard,Rythu Colony,Krishna,Paddy,BPT-5204,13.38,27,Tractor,2,2,10,14:00-15:00,Monday,5,9,6,27.2,71.0,45.0,Medium,Rainy,0,25,Completed,1
F1169,2024-09-29,Mandal Procurement Centre,Lakshmi Nagar,Krishna,Maize,Pioneer-3396,9.28,19,Auto,3,4,11,16:00-17:00,Sunday,9,32,27,17.2,101.6,42.6,High,Clear,0,20,Cancelled,0
F1170,2025-04-19,Mandal Procurement Centre,Kisanpur,Krishna,Maize,Pioneer-3396,6.86,14,Mini Truck,3,3,11,11:00-12:00,Saturday,4,40,38,15.4,108.8,42.6,High,Clear,0,25,Cancelled,2
F1171,2025-04-14,Rural Market Yard,Kisanpur,Krishna,Cotton,NCS-145,8.11,17,Mini Truck,2,3,12,10:00-11:00,Monday,4,28,22,16.2,69.6,33.6,Medium,Clear,0,25,Completed,0
F1172,2024-08-01,Mandal Procurement Centre,Lakshmi Nagar,Krishna,Cotton,NCS-145,2.38,5,Tractor,2,4,10,09:00-10:00,Thursday,8,21,21,14.5,55.5,28.4,Medium,Rainy,0,20,Completed,0
F1173,2024-01-10,Mandal Procurement Centre,Kisanpur,Krishna,Paddy,Sona Masuri,6.67,14,Tractor,1,4,12,11:00-12:00,Wednesday,1,34,37,18.2,102.2,43.8,High,Clear,0,25,Cancelled,2
F1174,2025-02-05,Rural Market Yard,Kisanpur,Krishna,Cotton,Bt Cotton,13.74,28,Mini Truck,3,2,8,08:00-09:00,Wednesday,2,37,41,23.9,153.0,62.1,High,Clear,0,20,Completed,3
F1175,2025-12-28,Mandal Procurement Centre,Rythu Colony,Krishna,Maize,DHM-117,7.85,16,Tractor,1,4,12,08:00-09:00,Sunday,12,55,48,18.5,124.4,49.6,High,Cloudy,0,20,Completed,2
F1176,2024-09-14,Mandal Procurement Centre,Greenfield,Krishna,Paddy,BPT-5204,11.17,23,Tractor,3,5,9,10:00-11:00,Saturday,9,45,47,19.7,118.2,49.2,High,Clear,0,25,Cancelled,2
F1177,2025-11-19,Mandal Procurement Centre,Rythu Colony,Krishna,Maize,Pioneer-3396,7.44,15,Mini Truck,1,3,11,16:00-17:00,Wednesday,11,34,32,17.9,83.8,38.8,High,Cloudy,0,20,Cancelled,0
F1178,2024-08-15,Mandal Procurement Centre,Lakshmi Nagar,Krishna,Cotton,Bt Cotton,10.55,22,Mini Truck,2,5,12,09:00-10:00,Thursday,8,42,47,22.9,128.3,55.0,High,Clear,0,20,Completed,2
F1179,2024-09-07,Rural Market Yard,Lakshmi Nagar,Krishna,Cotton,NCS-145,10.67,22,Mini Truck,2,2,6,09:00-10:00,Saturday,9,40,39,23.3,152.0,61.3,High,Clear,0,20,Completed,2
F1180,2025-12-26,Rural Market Yard,Lakshmi Nagar,Krishna,Maize,DHM-117,11.99,24,Auto,1,2,12,15:00-16:00,Friday,12,42,43,23.8,108.7,51.0,High,Clear,0,25,Completed,2
F1181,2024-10-15,Cooperative Collection Centre,Kisanpur,Krishna,Maize,DHM-117,15.41,31,Mini Truck,3,2,9,11:00-12:00,Tuesday,10,34,34,26.1,140.0,61.1,High,Clear,0,25,Completed,3
F1182,2025-02-18,Cooperative Collection Centre,Lakshmi Nagar,Krishna,Maize,Pioneer-3396,5.71,12,Tractor,2,2,7,10:00-11:00,Tuesday,2,34,37,17.9,106.1,44.4,High,Clear,0,25,Cancelled,2
F1183,2025-06-24,Rural Market Yard,Lakshmi Nagar,Krishna,Cotton,NCS-145,8.82,18,Auto,3,4,8,09:00-10:00,Tuesday,6,30,29,20.0,117.6,49.4,High,Clear,0,20,Completed,2
F1184,2025-09-14,Rural Market Yard,Greenfield,Krishna,Cotton,Bt Cotton,8.1,17,Tractor,2,3,5,11:00-12:00,Sunday,9,22,27,22.5,85.4,43.9,Medium,Clear,0,25,Completed,1
F1185,2025-09-21,Cooperative Collection Centre,Rythu Colony,Krishna,Paddy,BPT-5204,12.36,25,Tractor,2,4,10,09:00-10:00,Sunday,9,26,25,22.1,88.9,44.3,Medium,Rainy,1,20,Completed,1
F1186,2025-01-13,Cooperative Collection Centre,Greenfield,Krishna,Cotton,NCS-145,11.22,23,Tractor,1,2,8,08:00-09:00,Monday,1,55,53,22.5,147.8,59.5,High,Clear,0,20,Completed,2
F1187,2025-07-13,Rural Market Yard,Rythu Colony,Krishna,Maize,Pioneer-3396,16.14,33,Mini Truck,3,5,8,10:00-11:00,Sunday,7,31,30,25.3,113.2,53.6,High,Clear,0,25,Cancelled,1
F1188,2025-01-19,Cooperative Collection Centre,Greenfield,Krishna,Cotton,Bt Cotton,13.22,27,Mini Truck,1,4,8,11:00-12:00,Sunday,1,44,39,24.7,89.7,47.1,High,Cloudy,0,25,Completed,1
F1189,2025-10-10,Mandal Procurement Centre,Lakshmi Nagar,Krishna,Paddy,Sona Masuri,10.71,22,Mini Truck,1,5,11,08:00-09:00,Friday,10,48,48,21.2,141.3,56.5,High,Clear,0,20,Completed,2
F1190,2025-06-05,Rural Market Yard,Rythu Colony,Krishna,Maize,Pioneer-3396,4.07,9,Auto,2,2,9,16:00-17:00,Thursday,6,15,10,12.1,45.1,23.4,Medium,Clear,0,20,Completed,0
F1191,2024-12-25,Rural Market Yard,Lakshmi Nagar,Krishna,Maize,DHM-117,14.54,30,Tractor,1,4,4,08:00-09:00,Wednesday,12,53,57,26.9,178.9,71.6,High,Clear,0,20,Completed,3
F1192,2025-07-14,Rural Market Yard,Kisanpur,Krishna,Maize,Pioneer-3396,5.98,12,Tractor,1,5,10,10:00-11:00,Monday,7,29,32,14.1,62.7,29.8,Medium,Rainy,0,25,Cancelled,0
F1193,2024-11-25,Cooperative Collection Centre,Lakshmi Nagar,Krishna,Paddy,Sona Masuri,30.59,62,Mini Truck,3,5,5,10:00-11:00,Monday,11,47,45,45.6,183.9,91.6,High,Cloudy,0,25,Completed,3
F1194,2025-10-09,Cooperative Collection Centre,Lakshmi Nagar,Krishna,Paddy,Sona Masuri,7.72,16,Mini Truck,1,4,10,08:00-09:00,Thursday,10,47,44,16.2,126.5,47.8,High,Cloudy,0,20,Cancelled,2
F1195,2024-10-29,Mandal Procurement Centre,Lakshmi Nagar,Krishna,Paddy,BPT-5204,5.62,12,Tractor,1,3,6,11:00-12:00,Tuesday,10,39,42,18.2,86.5,39.8,High,Clear,0,25,Completed,2
F1196,2025-10-05,Rural Market Yard,Greenfield,Krishna,Paddy,Sona Masuri,4.08,9,Tractor,2,3,6,09:00-10:00,Sunday,10,53,50,9.8,135.3,43.6,High,Clear,0,20,Completed,2
F1197,2024-04-02,Rural Market Yard,Rythu Colony,Krishna,Cotton,Bt Cotton,14.12,29,Auto,2,5,11,08:00-09:00,Tuesday,4,47,43,25.9,138.4,60.5,High,Cloudy,0,20,Completed,3
F1198,2024-12-18,Cooperative Collection Centre,Rythu Colony,Krishna,Maize,DHM-117,4.82,10,Auto,1,4,8,12:00-13:00,Wednesday,12,29,26,15.7,73.6,34.1,Medium,Rainy,1,20,Cancelled,0
F1199,2024-01-26,Rural Market Yard,Kisanpur,Krishna,Cotton,NCS-145,3.63,8,Mini Truck,2,5,7,14:00-15:00,Friday,1,33,29,18.5,62.8,34.2,Medium,Clear,0,25,Completed,0
F1200,2025-06-08,Cooperative Collection Centre,Kisanpur,Krishna,Cotton,Bt Cotton,9.35,19,Tractor,1,5,6,12:00-13:00,Sunday,6,21,13,17.6,59.9,32.6,Medium,Clear,0,20,Completed,0
F1201,2025-08-06,Rural Market Yard,Rythu Colony,Krishna,Maize,Pioneer-3396,7.36,15,Mini Truck,1,5,10,16:00-17:00,Wednesday,8,22,20,16.6,56.4,30.7,Medium,Clear,0,20,Completed,0
F1202,2024-03-23,Cooperative Collection Centre,Lakshmi Nagar,Krishna,Paddy,Sona Masuri,7.34,15,Mini Truck,1,3,5,11:00-12:00,Saturday,3,19,23,16.8,64.2,32.9,Medium,Clear,0,25,Completed,0
F1203,2025-06-07,Rural Market Yard,Rythu Colony,Krishna,Paddy,Sona Masuri,5.48,11,Tractor,2,4,12,15:00-16:00,Saturday,6,34,41,15.0,82.7,35.7,High,Clear,0,25,Cancelled,2
F1204,2025-10-30,Mandal Procurement Centre,Greenfield,Krishna,Maize,Pioneer-3396,15.4,31,Mini Truck,2,4,9,11:00-12:00,Thursday,10,31,34,22.9,125.1,54.2,High,Clear,0,25,Completed,1
F1205,2024-03-21,Rural Market Yard,Lakshmi Nagar,Krishna,Cotton,Bt Cotton,10.89,22,Mini Truck,3,5,10,08:00-09:00,Thursday,3,36,42,18.7,137.9,53.2,High,Clear,0,20,Completed,2
F1206,2025-03-09,Mandal Procurement Centre,Lakshmi Nagar,Krishna,Maize,Pioneer-3396,4.16,9,Mini Truck,2,3,11,11:00-12:00,Sunday,3,27,34,13.0,69.8,30.4,High,Clear,0,25,Completed,0
F1207,2025-03-27,Cooperative Collection Centre,Rythu Colony,Krishna,Paddy,Sona Masuri,11.59,24,Auto,3,2,5,08:00-09:00,Thursday,3,32,32,20.3,133.2,53.6,High,Cloudy,0,20,Completed,2
F1208,2024-12-22,Rural Market Yard,Greenfield,Krishna,Paddy,BPT-5204,20.48,41,Tractor,3,2,9,12:00-13:00,Sunday,12,37,37,35.8,173.1,79.1,High,Cloudy,0,20,Cancelled,3
F1209,2024-10-26,Mandal Procurement Centre,Kisanpur,Krishna,Paddy,Sona Masuri,23.83,48,Tractor,3,4,4,09:00-10:00,Saturday,10,59,61,35.7,211.1,88.5,High,Clear,1,20,Completed,3
F1210,2024-06-13,Cooperative Collection Centre,Greenfield,Krishna,Paddy,Sona Masuri,6.95,14,Mini Truck,2,5,12,12:00-13:00,Thursday,6,26,23,15.3,54.6,29.0,Medium,Cloudy,0,20,Cancelled,0
F1211,2024-02-04,Cooperative Collection Centre,Kisanpur,Krishna,Paddy,BPT-5204,6.13,13,Auto,2,3,6,08:00-09:00,Sunday,2,43,37,16.5,105.9,43.0,High,Clear,0,20,Completed,2
F1212,2024-07-24,Mandal Procurement Centre,Rythu Colony,Krishna,Paddy,BPT-5204,5.95,12,Mini Truck,3,5,6,09:00-10:00,Wednesday,7,41,40,16.1,122.4,46.7,High,Cloudy,0,20,Completed,2
F1213,2024-05-19,Rural Market Yard,Rythu Colony,Krishna,Paddy,Sona Masuri,7.61,16,Mini Truck,1,4,10,09:00-10:00,Sunday,5,34,32,19.5,96.5,43.6,High,Clear,0,20,Completed,2
F1214,2024-01-29,Cooperative Collection Centre,Lakshmi Nagar,Krishna,Maize,Pioneer-3396,9.79,20,Tractor,1,2,10,09:00-10:00,Monday,1,43,46,18.0,138.2,52.5,High,Clear,0,20,Cancelled,2
F1215,2024-03-31,Mandal Procurement Centre,Kisanpur,Krishna,Maize,DHM-117,4.47,9,Tractor,1,3,12,09:00-10:00,Sunday,3,37,39,15.3,111.8,43.2,High,Clear,1,20,Completed,2
F1216,2025-01-30,Rural Market Yard,Kisanpur,Krishna,Paddy,Sona Masuri,5.5,11,Tractor,3,2,11,11:00-12:00,Thursday,1,36,38,14.5,106.0,41.0,High,Rainy,0,25,Cancelled,2
F1217,2024-12-25,Mandal Procurement Centre,Kisanpur,Krishna,Paddy,Sona Masuri,14.23,29,Mini Truck,1,2,9,09:00-10:00,Wednesday,12,51,52,23.4,156.6,62.5,High,Clear,0,20,Completed,3
F1218,2025-02-27,Mandal Procurement Centre,Rythu Colony,Krishna,Paddy,BPT-5204,11.88,24,Tractor,1,5,7,09:00-10:00,Thursday,2,28,25,21.0,85.3,42.3,Medium,Rainy,0,20,Completed,1
F1219,2025-05-27,Mandal Procurement Centre,Kisanpur,Krishna,Cotton,Bt Cotton,10.03,21,Auto,1,4,11,14:00-15:00,Tuesday,5,18,17,21.7,61.7,37.1,Medium,Clear,0,25,Completed,1
F1220,2025-12-18,Mandal Procurement Centre,Lakshmi Nagar,Krishna,Cotton,Bt Cotton,7.64,16,Tractor,1,4,5,09:00-10:00,Thursday,12,44,54,18.3,149.9,55.8,High,Cloudy,0,20,Completed,2
F1221,2025-10-18,Rural Market Yard,Greenfield,Krishna,Cotton,NCS-145,14.09,29,Tractor,2,5,6,11:00-12:00,Saturday,10,45,47,21.4,136.4,55.5,High,Clear,0,25,Completed,2
F1222,2024-07-20,Rural Market Yard,Rythu Colony,Krishna,Cotton,NCS-145,5.02,11,Auto,3,2,8,08:00-09:00,Saturday,7,43,37,11.2,112.3,39.3,High,Clear,0,20,Completed,2
F1223,2024-04-12,Rural Market Yard,Lakshmi Nagar,Krishna,Paddy,BPT-5204,17.14,35,Tractor,1,4,5,16:00-17:00,Friday,4,19,16,29.4,94.0,52.9,High,Cloudy,0,20,Completed,1
F1224,2024-04-27,Rural Market Yard,Greenfield,Krishna,Paddy,Sona Masuri,12.46,25,Mini Truck,2,4,9,12:00-13:00,Saturday,4,21,25,25.0,115.4,53.9,High,Cloudy,0,20,Cancelled,1
F1225,2024-12-16,Rural Market Yard,Kisanpur,Krishna,Paddy,Sona Masuri,7.72,16,Tractor,1,5,6,08:00-09:00,Monday,12,51,45,19.0,117.3,48.3,High,Clear,0,20,Completed,2
F1226,2024-12-20,Rural Market Yard,Lakshmi Nagar,Krishna,Paddy,Sona Masuri,12.57,26,Mini Truck,2,2,11,14:00-15:00,Friday,12,36,37,24.8,123.2,55.6,High,Clear,0,25,Completed,1
F1227,2024-06-12,Cooperative Collection Centre,Rythu Colony,Krishna,Maize,DHM-117,7.34,15,Tractor,1,3,11,16:00-17:00,Wednesday,6,30,26,17.5,97.0,41.8,High,Clear,0,20,Completed,0
F1228,2025-05-25,Mandal Procurement Centre,Kisanpur,Krishna,Maize,Pioneer-3396,7.18,15,Mini Truck,1,5,4,12:00-13:00,Sunday,5,25,24,12.4,66.5,29.0,Medium,Cloudy,0,20,Completed,0
F1229,2025-05-10,Mandal Procurement Centre,Rythu Colony,Krishna,Cotton,NCS-145,7.06,15,Auto,2,3,6,12:00-13:00,Saturday,5,20,24,17.0,87.1,38.8,Medium,Clear,0,20,Completed,0
F1230,2024-01-09,Cooperative Collection Centre,Kisanpur,Krishna,Paddy,Sona Masuri,15.53,32,Mini Truck,2,2,11,11:00-12:00,Tuesday,1,37,45,27.6,149.9,65.1,High,Clear,1,25,Cancelled,3
F1231,2025-11-21,Rural Market Yard,Kisanpur,Krishna,Paddy,Sona Masuri,6.79,14,Auto,1,3,11,10:00-11:00,Friday,11,52,51,12.9,107.7,39.8,High,Clear,0,25,Completed,2
F1232,2024-11-17,Mandal Procurement Centre,Greenfield,Krishna,Maize,DHM-117,8.64,18,Tractor,3,5,9,15:00-16:00,Sunday,11,29,29,17.8,85.5,39.2,Medium,Rainy,0,25,Completed,0
F1233,2025-03-29,Cooperative Collection Centre,Rythu Colony,Krishna,Cotton,Bt Cotton,10.03,21,Mini Truck,2,2,7,14:00-15:00,Saturday,3,10,9,18.2,68.2,35.2,Medium,Rainy,0,25,Cancelled,0
F1234,2024-05-11,Mandal Procurement Centre,Rythu Colony,Krishna,Maize,DHM-117,9.58,20,Auto,1,4,9,16:00-17:00,Saturday,5,24,19,17.6,75.6,36.5,Medium,Clear,1,20,Completed,0
F1235,2024-09-03,Mandal Procurement Centre,Rythu Colony,Krishna,Cotton,Bt Cotton,8.76,18,Mini Truck,3,5,5,12:00-13:00,Tuesday,9,14,11,18.0,58.8,32.7,Medium,Clear,0,20,Completed,0
F1236,2024-07-07,Cooperative Collection Centre,Rythu Colony,Krishna,Maize,Pioneer-3396,3.43,7,Tractor,3,3,6,14:00-15:00,Sunday,7,26,23,10.5,64.2,26.6,Medium,Clear,0,25,Completed,0
F1237,2025-02-08,Cooperative Collection Centre,Lakshmi Nagar,Krishna,Cotton,NCS-145,14.57,30,Mini Truck,2,5,12,10:00-11:00,Saturday,2,35,32,26.9,116.8,56.1,High,Rainy,0,25,Completed,1
F1238,2025-12-26,Rural Market Yard,Kisanpur,Krishna,Paddy,Sona Masuri,10.2,21,Mini Truck,3,3,11,15:00-16:00,Friday,12,33,28,22.7,101.4,48.0,High,Cloudy,0,25,Completed,1
F1239,2025-02-18,Cooperative Collection Centre,Lakshmi Nagar,Krishna,Maize,DHM-117,3.29,7,Mini Truck,3,5,8,11:00-12:00,Tuesday,2,31,34,12.2,69.7,29.6,High,Cloudy,0,25,Completed,0
F1240,2025-01-20,Rural Market Yard,Lakshmi Nagar,Krishna,Maize,DHM-117,14.92,30,Tractor,3,3,11,15:00-16:00,Monday,1,35,33,24.8,122.1,55.3,High,Clear,0,25,Completed,1
F1241,2025-05-30,Rural Market Yard,Greenfield,Krishna,Maize,Pioneer-3396,12.85,26,Tractor,1,2,8,14:00-15:00,Friday,5,17,16,20.8,69.0,38.0,Medium,Cloudy,0,25,Cancelled,1
F1242,2024-06-27,Rural Market Yard,Kisanpur,Krishna,Cotton,NCS-145,11.58,24,Auto,2,4,12,15:00-16:00,Thursday,6,20,24,21.5,92.9,44.7,High,Cloudy,0,25,Cancelled,1
F1243,2024-05-14,Rural Market Yard,Greenfield,Krishna,Paddy,BPT-5204,10.32,21,Tractor,1,5,6,16:00-17:00,Tuesday,5,16,17,18.5,65.8,35.0,Medium,Rainy,0,20,Cancelled,0
F1244,2025-06-16,Rural Market Yard,Greenfield,Krishna,Cotton,NCS-145,12.06,25,Tractor,1,5,7,08:00-09:00,Monday,6,33,38,22.1,121.7,52.5,High,Cloudy,0,20,Completed,2
F1245,2025-08-12,Rural Market Yard,Rythu Colony,Krishna,Paddy,Sona Masuri,8.37,17,Tractor,1,2,6,08:00-09:00,Tuesday,8,25,26,18.1,102.5,43.7,High,Rainy,0,20,Completed,0
F1246,2024-06-29,Rural Market Yard,Greenfield,Krishna,Paddy,Sona Masuri,9.29,19,Mini Truck,2,4,10,09:00-10:00,Saturday,6,33,26,19.9,97.3,44.2,High,Clear,0,20,Completed,1
F1247,2024-07-21,Cooperative Collection Centre,Greenfield,Krishna,Paddy,BPT-5204,8.55,18,Tractor,1,5,5,10:00-11:00,Sunday,7,39,40,20.4,91.9,43.4,High,Cloudy,0,25,Completed,2
F1248,2025-02-19,Cooperative Collection Centre,Greenfield,Krishna,Cotton,Bt Cotton,11.75,24,Auto,3,3,4,09:00-10:00,Wednesday,2,33,34,19.6,132.8,52.8,High,Cloudy,0,20,Cancelled,2
F1249,2024-08-05,Mandal Procurement Centre,Kisanpur,Krishna,Cotton,Bt Cotton,8.47,17,Tractor,1,3,5,09:00-10:00,Monday,8,38,39,18.8,122.8,49.5,High,Clear,0,20,Completed,2
F1250,2024-09-05,Cooperative Collection Centre,Greenfield,Krishna,Paddy,BPT-5204,10.94,22,Tractor,3,5,11,08:00-09:00,Thursday,9,45,40,23.8,145.2,60.1,High,Clear,0,20,Completed,2
F1251,2025-06-23,Rural Market Yard,Lakshmi Nagar,Krishna,Cotton,NCS-145,3.83,8,Mini Truck,2,3,7,09:00-10:00,Monday,6,39,48,14.2,117.4,43.5,High,Clear,0,20,Completed,2
F1252,2025-12-25,Mandal Procurement Centre,Rythu Colony,Krishna,Maize,Pioneer-3396,15.49,31,Auto,2,2,5,09:00-10:00,Thursday,12,38,41,27.2,155.7,66.1,High,Clear,1,20,Completed,3
F1253,2025-07-08,Mandal Procurement Centre,Greenfield,Krishna,Maize,Pioneer-3396,15.48,31,Mini Truck,2,5,5,16:00-17:00,Tuesday,7,16,18,26.2,86.1,47.7,Medium,Rainy,0,20,Cancelled,1
F1254,2025-09-17,Cooperative Collection Centre,Rythu Colony,Krishna,Cotton,NCS-145,3.61,8,Tractor,3,5,5,09:00-10:00,Wednesday,9,31,29,12.4,99.2,37.2,High,Cloudy,0,20,Completed,0
F1255,2024-06-03,Cooperative Collection Centre,Greenfield,Krishna,Paddy,BPT-5204,9.93,20,Mini Truck,1,5,9,09:00-10:00,Monday,6,30,30,20.5,91.6,43.4,High,Clear,0,20,Cancelled,1
F1256,2024-09-29,Mandal Procurement Centre,Lakshmi Nagar,Krishna,Maize,DHM-117,3.91,8,Mini Truck,3,3,6,09:00-10:00,Sunday,9,42,34,11.3,107.8,38.2,High,Clear,0,20,Completed,2
F1257,2025-04-06,Rural Market Yard,Rythu Colony,Krishna,Maize,DHM-117,16.58,34,Tractor,3,5,11,16:00-17:00,Sunday,4,29,39,24.0,131.5,56.9,High,Cloudy,0,20,Cancelled,3
F1258,2024-09-17,Mandal Procurement Centre,Kisanpur,Krishna,Maize,Pioneer-3396,5.68,12,Mini Truck,3,2,4,16:00-17:00,Tuesday,9,8,5,16.0,60.1,31.0,Medium,Rainy,0,20,Completed,0
F1259,2024-10-30,Cooperative Collection Centre,Kisanpur,Krishna,Paddy,Sona Masuri,12.39,25,Mini Truck,2,2,11,09:00-10:00,Wednesday,10,51,52,24.3,175.4,68.2,High,Clear,0,20,Completed,3
F1260,2024-06-10,Rural Market Yard,Greenfield,Krishna,Paddy,Sona Masuri,32.95,66,Tractor,1,3,9,10:00-11:00,Monday,6,31,33,46.6,182.4,92.2,High,Clear,0,25,Completed,3
F1261,2024-08-27,Rural Market Yard,Greenfield,Krishna,Maize,DHM-117,13.62,28,Mini Truck,3,4,10,16:00-17:00,Tuesday,8,20,13,23.8,81.4,44.2,Medium,Clear,0,20,Completed,1
F1262,2025-01-10,Mandal Procurement Centre,Greenfield,Krishna,Maize,Pioneer-3396,2.88,6,Tractor,2,4,7,11:00-12:00,Friday,1,19,20,12.6,54.4,26.2,Medium,Rainy,0,25,Completed,0
F1263,2025-08-10,Mandal Procurement Centre,Kisanpur,Krishna,Cotton,NCS-145,14.82,30,Tractor,1,4,8,10:00-11:00,Sunday,8,42,44,26.7,125.7,58.1,High,Clear,0,25,Completed,3
F1264,2025-09-08,Cooperative Collection Centre,Rythu Colony,Krishna,Paddy,BPT-5204,22.16,45,Auto,2,5,7,08:00-09:00,Monday,9,33,33,33.8,153.3,72.1,High,Clear,0,20,Completed,3
F1265,2024-01-29,Mandal Procurement Centre,Greenfield,Krishna,Paddy,Sona Masuri,8.76,18,Tractor,3,5,11,16:00-17:00,Monday,1,24,21,13.3,70.8,31.0,Medium,Rainy,0,20,Completed,0
F1266,2024-11-09,Rural Market Yard,Greenfield,Krishna,Paddy,BPT-5204,9.54,20,Tractor,1,4,11,15:00-16:00,Saturday,11,45,42,21.4,113.1,49.7,High,Cloudy,0,25,Completed,2
F1267,2024-08-10,Cooperative Collection Centre,Rythu Colony,Krishna,Cotton,Bt Cotton,22.78,46,Auto,1,4,4,11:00-12:00,Saturday,8,21,17,38.2,115.2,67.0,High,Cloudy,0,25,Completed,3
F1268,2025-04-21,Mandal Procurement Centre,Rythu Colony,Krishna,Maize,DHM-117,2.0,4,Mini Truck,3,3,8,11:00-12:00,Monday,4,31,31,8.8,84.0,29.8,Medium,Clear,1,25,Cancelled,0
F1269,2024-05-09,Mandal Procurement Centre,Rythu Colony,Krishna,Paddy,BPT-5204,4.83,10,Tractor,3,2,10,15:00-16:00,Thursday,5,19,20,17.1,63.2,32.9,Medium,Clear,0,25,Cancelled,0
F1270,2024-02-12,Rural Market Yard,Kisanpur,Krishna,Maize,DHM-117,4.13,9,Mini Truck,1,4,5,09:00-10:00,Monday,2,32,27,13.6,66.4,30.2,Medium,Clear,0,20,Completed,0
F1271,2024-05-23,Mandal Procurement Centre,Lakshmi Nagar,Krishna,Maize,DHM-117,7.65,16,Mini Truck,2,2,4,08:00-09:00,Thursday,5,30,28,14.4,87.2,36.2,High,Clear,0,20,Completed,0
F1272,2024-02-16,Rural Market Yard,Kisanpur,Krishna,Cotton,NCS-145,3.49,7,Tractor,3,4,4,16:00-17:00,Friday,2,16,18,9.0,59.4,23.9,Medium,Rainy,0,20,Cancelled,0
F1273,2025-09-14,Rural Market Yard,Kisanpur,Krishna,Paddy,BPT-5204,6.87,14,Tractor,1,4,12,09:00-10:00,Sunday,9,38,36,16.9,94.9,40.6,High,Clear,0,20,Completed,2
F1274,2025-08-16,Rural Market Yard,Kisanpur,Krishna,Maize,Pioneer-3396,12.75,26,Mini Truck,2,3,12,08:00-09:00,Saturday,8,36,31,23.7,127.7,55.6,High,Cloudy,0,20,Completed,1
F1275,2024-09-16,Cooperative Collection Centre,Rythu Colony,Krishna,Paddy,Sona Masuri,9.6,20,Tractor,2,4,12,12:00-13:00,Monday,9,25,29,19.4,97.7,43.8,High,Clear,0,20,Completed,1
F1276,2025-04-28,Cooperative Collection Centre,Lakshmi Nagar,Krishna,Paddy,BPT-5204,6.96,14,Auto,1,4,11,09:00-10:00,Monday,4,31,34,17.4,91.2,40.2,High,Clear,0,20,Completed,0
F1277,2025-12-07,Rural Market Yard,Greenfield,Krishna,Cotton,NCS-145,19.16,39,Tractor,1,2,11,14:00-15:00,Sunday,12,41,41,31.6,140.2,66.7,High,Cloudy,0,25,Completed,3
F1278,2025-08-18,Rural Market Yard,Lakshmi Nagar,Krishna,Maize,Pioneer-3396,10.98,22,Tractor,2,2,6,12:00-13:00,Monday,8,18,13,19.1,81.4,39.5,Medium,Cloudy,0,20,Completed,1
F1279,2024-05-10,Rural Market Yard,Kisanpur,Krishna,Cotton,Bt Cotton,10.12,21,Tractor,3,5,7,08:00-09:00,Friday,5,27,30,19.5,106.1,46.0,High,Rainy,0,20,Completed,1
F1280,2024-08-17,Rural Market Yard,Rythu Colony,Krishna,Cotton,NCS-145,17.71,36,Auto,2,5,10,08:00-09:00,Saturday,8,40,39,29.6,146.1,66.1,High,Cloudy,0,20,Cancelled,3
F1281,2024-08-20,Rural Market Yard,Kisanpur,Krishna,Cotton,NCS-145,6.84,14,Tractor,2,5,11,10:00-11:00,Tuesday,8,35,30,14.8,74.7,33.5,Medium,Cloudy,0,25,Completed,0
F1282,2024-04-13,Mandal Procurement Centre,Greenfield,Krishna,Maize,DHM-117,8.13,17,Tractor,3,2,8,11:00-12:00,Saturday,4,19,15,17.9,86.1,39.4,Medium,Clear,0,25,Completed,0
F1283,2025-05-19,Mandal Procurement Centre,Lakshmi Nagar,Krishna,Paddy,Sona Masuri,13.21,27,Tractor,3,3,7,10:00-11:00,Monday,5,39,41,26.0,131.8,59.0,High,Clear,0,25,Completed,3
F1284,2025-01-19,Cooperative Collection Centre,Kisanpur,Krishna,Cotton,NCS-145,8.08,17,Mini Truck,1,5,12,10:00-11:00,Sunday,1,51,50,12.5,96.2,36.5,High,Cloudy,0,25,Completed,2
F1285,2025-03-23,Mandal Procurement Centre,Lakshmi Nagar,Krishna,Cotton,NCS-145,3.03,7,Tractor,3,4,12,16:00-17:00,Sunday,3,17,13,16.2,54.1,29.7,Medium,Rainy,0,20,Completed,0
F1286,2024-10-28,Mandal Procurement Centre,Lakshmi Nagar,Krishna,Cotton,NCS-145,9.61,20,Mini Truck,3,5,4,11:00-12:00,Monday,10,24,26,21.1,73.2,39.4,Medium,Rainy,0,25,Cancelled,1
F1287,2025-07-03,Rural Market Yard,Lakshmi Nagar,Krishna,Cotton,Bt Cotton,15.06,31,Mini Truck,2,2,9,09:00-10:00,Thursday,7,30,27,24.6,118.8,54.3,High,Clear,0,20,Cancelled,1
F1288,2024-12-08,Mandal Procurement Centre,Greenfield,Krishna,Paddy,Sona Masuri,16.07,33,Mini Truck,2,5,9,08:00-09:00,Sunday,12,51,47,25.2,148.8,62.4,High,Clear,0,20,Completed,3
F1289,2024-02-19,Rural Market Yard,Rythu Colony,Krishna,Maize,DHM-117,17.07,35,Tractor,2,3,8,09:00-10:00,Monday,2,27,25,32.5,125.9,64.0,High,Rainy,0,20,Completed,3
F1290,2025-03-16,Cooperative Collection Centre,Kisanpur,Krishna,Cotton,NCS-145,14.58,30,Tractor,2,4,8,10:00-11:00,Sunday,3,41,46,26.6,125.3,57.9,High,Clear,0,25,Completed,3
F1291,2025-08-20,Cooperative Collection Centre,Rythu Colony,Krishna,Cotton,NCS-145,5.8,12,Mini Truck,1,4,4,12:00-13:00,Wednesday,8,25,25,15.8,82.0,36.3,Medium,Clear,0,20,Completed,0
F1292,2025-12-08,Rural Market Yard,Lakshmi Nagar,Krishna,Paddy,BPT-5204,8.08,17,Mini Truck,3,4,12,10:00-11:00,Monday,12,49,50,19.3,129.1,51.6,High,Cloudy,0,25,Completed,2
F1293,2025-08-14,Rural Market Yard,Kisanpur,Krishna,Paddy,BPT-5204,12.91,26,Auto,2,3,6,10:00-11:00,Thursday,8,30,22,23.0,96.1,47.0,High,Cloudy,0,25,Completed,1
F1294,2024-01-11,Rural Market Yard,Lakshmi Nagar,Krishna,Maize,Pioneer-3396,15.61,32,Tractor,3,2,11,11:00-12:00,Thursday,1,34,39,30.0,147.7,66.9,High,Cloudy,0,25,Cancelled,3
F1295,2024-05-27,Mandal Procurement Centre,Lakshmi Nagar,Krishna,Paddy,Sona Masuri,13.95,28,Mini Truck,2,2,11,11:00-12:00,Monday,5,26,30,27.2,119.9,57.2,High,Cloudy,0,25,Completed,1
F1296,2025-03-01,Rural Market Yard,Rythu Colony,Krishna,Cotton,Bt Cotton,5.78,12,Mini Truck,3,3,11,08:00-09:00,Saturday,3,35,30,15.9,96.5,40.0,High,Clear,0,20,Completed,0
F1297,2024-02-07,Rural Market Yard,Greenfield,Krishna,Paddy,Sona Masuri,19.86,40,Tractor,2,4,12,15:00-16:00,Wednesday,2,5,9,34.1,84.2,55.2,Medium,Rainy,0,25,Completed,1
F1298,2025-06-07,Cooperative Collection Centre,Rythu Colony,Krishna,Maize,DHM-117,10.74,22,Tractor,3,4,5,09:00-10:00,Saturday,6,33,28,22.4,113.5,50.8,High,Clear,0,20,Completed,1
F1299,2024-12-10,Rural Market Yard,Greenfield,Krishna,Maize,Pioneer-3396,6.03,13,Mini Truck,2,5,6,15:00-16:00,Tuesday,12,43,40,14.4,80.7,34.6,High,Clear,0,25,Completed,0
F1300,2024-08-31,Rural Market Yard,Greenfield,Krishna,Paddy,BPT-5204,16.64,34,Tractor,2,4,12,14:00-15:00,Saturday,8,26,24,28.0,102.9,53.7,High,Cloudy,0,25,Completed,1
F1301,2025-06-26,Rural Market Yard,Kisanpur,Krishna,Maize,DHM-117,8.56,18,Tractor,1,3,9,09:00-10:00,Thursday,6,36,35,16.4,131.2,49.2,High,Cloudy,0,20,Completed,2
F1302,2025-02-19,Cooperative Collection Centre,Greenfield,Krishna,Paddy,BPT-5204,3.26,7,Tractor,3,2,9,09:00-10:00,Wednesday,2,37,39,14.0,124.8,45.2,High,Clear,0,20,Completed,2
F1303,2024-08-18,Cooperative Collection Centre,Kisanpur,Krishna,Cotton,Bt Cotton,6.47,13,Tractor,3,5,5,15:00-16:00,Sunday,8,26,24,11.3,76.3,30.4,Medium,Clear,0,25,Completed,0
F1304,2025-05-12,Mandal Procurement Centre,Rythu Colony,Krishna,Paddy,Sona Masuri,7.73,16,Tractor,3,4,5,11:00-12:00,Monday,5,26,24,16.5,80.4,36.6,Medium,Clear,0,25,Completed,0
F1305,2025-10-24,Cooperative Collection Centre,Rythu Colony,Krishna,Paddy,Sona Masuri,22.08,45,Auto,3,4,7,09:00-10:00,Friday,10,45,40,31.5,171.2,74.3,High,Clear,0,20,Completed,3
F1306,2025-03-26,Mandal Procurement Centre,Lakshmi Nagar,Krishna,Paddy,BPT-5204,13.35,27,Auto,1,4,4,14:00-15:00,Wednesday,3,20,18,26.6,74.7,45.3,Medium,Clear,0,25,Completed,1
F1307,2025-07-17,Cooperative Collection Centre,Kisanpur,Krishna,Cotton,NCS-145,6.01,13,Tractor,3,3,7,08:00-09:00,Thursday,7,34,32,17.8,107.7,44.7,High,Cloudy,0,20,Cancelled,2
F1308,2025-03-08,Cooperative Collection Centre,Lakshmi Nagar,Krishna,Paddy,Sona Masuri,17.68,36,Mini Truck,3,5,10,09:00-10:00,Saturday,3,39,35,31.5,149.4,68.8,High,Clear,0,20,Cancelled,3
F1309,2024-06-20,Cooperative Collection Centre,Lakshmi Nagar,Krishna,Cotton,Bt Cotton,3.17,7,Auto,3,5,7,11:00-12:00,Thursday,6,14,13,12.2,60.7,27.4,Medium,Clear,0,25,Completed,0
F1310,2025-05-14,Mandal Procurement Centre,Lakshmi Nagar,Krishna,Maize,Pioneer-3396,9.27,19,Mini Truck,1,3,10,10:00-11:00,Wednesday,5,34,29,21.9,87.3,43.7,Medium,Clear,0,25,Completed,1
F1311,2025-06-13,Cooperative Collection Centre,Kisanpur,Krishna,Maize,Pioneer-3396,9.81,20,Auto,3,4,12,08:00-09:00,Friday,6,24,21,21.9,85.8,43.3,Medium,Rainy,0,20,Completed,1
F1312,2025-08-26,Cooperative Collection Centre,Kisanpur,Krishna,Paddy,Sona Masuri,15.16,31,Mini Truck,2,4,10,10:00-11:00,Tuesday,8,22,29,25.2,111.7,53.1,High,Rainy,0,25,Completed,1
F1313,2025-01-04,Cooperative Collection Centre,Greenfield,Krishna,Paddy,BPT-5204,12.23,25,Mini Truck,3,4,5,15:00-16:00,Saturday,1,39,34,20.9,110.1,48.4,High,Rainy,0,25,Completed,1
F1314,2024-09-04,Cooperative Collection Centre,Kisanpur,Krishna,Cotton,Bt Cotton,4.05,9,Tractor,1,2,12,16:00-17:00,Wednesday,9,14,18,14.4,53.0,27.6,Medium,Cloudy,0,20,Completed,0
F1315,2024-07-28,Mandal Procurement Centre,Greenfield,Krishna,Maize,DHM-117,8.09,17,Tractor,1,4,8,08:00-09:00,Sunday,7,44,47,15.6,129.0,47.9,High,Clear,0,20,Completed,2
F1316,2025-03-31,Mandal Procurement Centre,Greenfield,Krishna,Paddy,BPT-5204,11.43,23,Auto,1,4,5,09:00-10:00,Monday,3,42,45,22.4,131.4,55.2,High,Cloudy,1,20,Completed,2
F1317,2025-11-02,Cooperative Collection Centre,Rythu Colony,Krishna,Cotton,Bt Cotton,9.44,19,Tractor,2,3,12,09:00-10:00,Sunday,11,55,55,18.0,150.7,55.7,High,Clear,0,20,Completed,2
F1318,2024-11-16,Mandal Procurement Centre,Kisanpur,Krishna,Maize,DHM-117,10.35,21,Auto,3,2,9,10:00-11:00,Saturday,11,56,53,14.3,145.5,50.7,High,Cloudy,0,25,Completed,2
F1319,2025-11-21,Rural Market Yard,Kisanpur,Krishna,Maize,Pioneer-3396,10.97,22,Tractor,3,5,10,08:00-09:00,Friday,11,41,42,19.4,113.1,47.7,High,Cloudy,0,20,Cancelled,2
F1320,2024-10-06,Mandal Procurement Centre,Kisanpur,Krishna,Cotton,Bt Cotton,17.66,36,Tractor,1,5,7,10:00-11:00,Sunday,10,55,57,30.9,166.5,72.5,High,Clear,0,25,Completed,3
F1321,2024-09-10,Mandal Procurement Centre,Kisanpur,Krishna,Maize,Pioneer-3396,20.66,42,Mini Truck,2,2,4,14:00-15:00,Tuesday,9,23,27,32.7,141.9,68.2,High,Cloudy,0,25,Completed,3
F1322,2025-07-19,Mandal Procurement Centre,Rythu Colony,Krishna,Paddy,Sona Masuri,6.81,14,Tractor,2,2,7,10:00-11:00,Saturday,7,49,47,14.2,142.6,49.8,High,Cloudy,0,25,Completed,2
F1323,2024-04-05,Cooperative Collection Centre,Lakshmi Nagar,Krishna,Maize,DHM-117,5.97,12,Tractor,2,2,9,12:00-13:00,Friday,4,19,22,12.0,75.0,30.8,Medium,Clear,0,20,Completed,0
F1324,2024-05-22,Cooperative Collection Centre,Kisanpur,Krishna,Maize,DHM-117,13.5,27,Mini Truck,2,5,8,16:00-17:00,Wednesday,5,29,26,24.1,97.7,48.5,High,Clear,0,20,Completed,1
F1325,2025-02-20,Cooperative Collection Centre,Kisanpur,Krishna,Maize,Pioneer-3396,9.13,19,Auto,2,4,8,09:00-10:00,Thursday,2,34,30,15.7,97.4,40.0,High,Cloudy,0,20,Completed,0
F1326,2025-11-05,Mandal Procurement Centre,Lakshmi Nagar,Krishna,Cotton,Bt Cotton,6.9,14,Tractor,3,5,4,11:00-12:00,Wednesday,11,22,11,18.9,62.4,34.5,Medium,Rainy,0,25,Completed,0
F1327,2024-12-16,Rural Market Yard,Kisanpur,Krishna,Maize,DHM-117,4.12,9,Mini Truck,2,5,4,15:00-16:00,Monday,12,31,28,11.8,77.6,31.2,Medium,Clear,0,25,Completed,0
F1328,2025-09-24,Mandal Procurement Centre,Rythu Colony,Krishna,Maize,DHM-117,12.97,26,Tractor,2,3,10,16:00-17:00,Wednesday,9,27,27,25.0,117.9,54.5,High,Clear,1,20,Cancelled,1
F1329,2024-05-10,Cooperative Collection Centre,Lakshmi Nagar,Krishna,Cotton,NCS-145,18.67,38,Auto,3,5,10,10:00-11:00,Friday,5,21,18,31.0,103.1,56.8,High,Rainy,0,25,Completed,1
F1330,2024-11-16,Mandal Procurement Centre,Greenfield,Krishna,Maize,DHM-117,7.38,15,Tractor,1,4,10,09:00-10:00,Saturday,11,47,48,12.4,119.2,42.2,High,Clear,0,20,Completed,2
F1331,2025-11-25,Rural Market Yard,Lakshmi Nagar,Krishna,Cotton,Bt Cotton,7.96,16,Mini Truck,2,4,11,10:00-11:00,Tuesday,11,47,46,15.1,99.8,40.0,High,Clear,0,25,Completed,2
F1332,2024-09-12,Rural Market Yard,Rythu Colony,Krishna,Maize,Pioneer-3396,5.0,10,Tractor,3,3,7,09:00-10:00,Thursday,9,35,38,14.6,132.5,47.7,High,Cloudy,0,20,Completed,2
F1333,2025-09-20,Cooperative Collection Centre,Kisanpur,Krishna,Cotton,NCS-145,12.16,25,Mini Truck,3,2,10,15:00-16:00,Saturday,9,13,11,20.9,71.5,38.8,Medium,Cloudy,0,25,Cancelled,1
F1334,2025-06-04,Mandal Procurement Centre,Lakshmi Nagar,Krishna,Maize,DHM-117,8.85,18,Auto,2,2,10,09:00-10:00,Wednesday,6,27,21,12.4,92.0,35.4,High,Clear,0,20,Cancelled,0
F1335,2024-08-24,Rural Market Yard,Greenfield,Krishna,Maize,DHM-117,11.54,24,Tractor,2,4,9,15:00-16:00,Saturday,8,24,24,20.9,75.7,39.8,Medium,Cloudy,0,25,Completed,1
F1336,2025-01-21,Mandal Procurement Centre,Lakshmi Nagar,Krishna,Cotton,NCS-145,2.0,4,Auto,2,5,9,12:00-13:00,Tuesday,1,34,34,7.6,75.7,26.5,High,Cloudy,0,20,Cancelled,0
F1337,2025-01-23,Rural Market Yard,Rythu Colony,Krishna,Paddy,Sona Masuri,4.52,10,Tractor,3,4,11,14:00-15:00,Thursday,1,41,33,11.8,69.8,29.2,Medium,Cloudy,0,25,Completed,0
F1338,2025-05-06,Mandal Procurement Centre,Rythu Colony,Krishna,Cotton,Bt Cotton,8.6,18,Tractor,2,2,6,09:00-10:00,Tuesday,5,27,22,16.8,95.5,40.7,High,Clear,0,20,Completed,0
F1339,2025-09-30,Mandal Procurement Centre,Greenfield,Krishna,Maize,Pioneer-3396,7.81,16,Tractor,1,3,9,11:00-12:00,Tuesday,9,18,15,18.7,62.9,34.4,Medium,Clear,0,25,Completed,0
F1340,2024-05-27,Rural Market Yard,Greenfield,Krishna,Cotton,Bt Cotton,4.36,9,Mini Truck,3,5,5,08:00-09:00,Monday,5,35,29,14.4,95.3,38.2,High,Clear,0,20,Completed,0
F1341,2025-07-14,Cooperative Collection Centre,Lakshmi Nagar,Krishna,Cotton,Bt Cotton,8.03,17,Mini Truck,2,2,9,09:00-10:00,Monday,7,36,42,14.7,122.3,45.3,High,Clear,0,20,Completed,2
F1342,2025-07-27,Rural Market Yard,Kisanpur,Krishna,Maize,DHM-117,8.92,18,Tractor,3,3,9,11:00-12:00,Sunday,7,16,16,20.3,70.7,38.0,Medium,Clear,0,25,Cancelled,0
F1343,2025-09-14,Rural Market Yard,Greenfield,Krishna,Cotton,Bt Cotton,8.57,18,Auto,1,4,5,08:00-09:00,Sunday,9,40,33,17.6,109.6,45.0,High,Cloudy,0,20,Completed,2
F1344,2025-03-13,Mandal Procurement Centre,Rythu Colony,Krishna,Paddy,Sona Masuri,5.87,12,Tractor,2,4,11,15:00-16:00,Thursday,3,27,29,13.7,75.7,32.6,Medium,Clear,0,25,Completed,0
F1345,2024-05-03,Mandal Procurement Centre,Greenfield,Krishna,Cotton,NCS-145,16.82,34,Auto,2,3,6,09:00-10:00,Friday,5,34,41,29.9,168.9,72.1,High,Clear,0,20,Completed,3
F1346,2025-03-24,Cooperative Collection Centre,Rythu Colony,Krishna,Paddy,BPT-5204,6.82,14,Auto,3,3,4,10:00-11:00,Monday,3,38,34,14.9,105.6,41.3,High,Clear,0,25,Cancelled,2
F1347,2024-07-31,Cooperative Collection Centre,Greenfield,Krishna,Paddy,Sona Masuri,7.0,14,Mini Truck,3,5,9,10:00-11:00,Wednesday,7,21,19,18.7,61.9,34.2,Medium,Clear,0,25,Completed,0
F1348,2025-06-27,Cooperative Collection Centre,Lakshmi Nagar,Krishna,Cotton,NCS-145,13.18,27,Mini Truck,2,5,10,10:00-11:00,Friday,6,36,34,22.5,105.6,48.9,High,Clear,0,25,Cancelled,1
F1349,2024-02-09,Mandal Procurement Centre,Greenfield,Krishna,Cotton,NCS-145,9.92,20,Tractor,1,4,5,11:00-12:00,Friday,2,18,19,20.8,64.8,37.0,Medium,Clear,0,25,Completed,0
F1350,2024-08-30,Mandal Procurement Centre,Greenfield,Krishna,Maize,Pioneer-3396,6.66,14,Auto,2,2,9,15:00-16:00,Friday,8,19,15,18.2,64.6,34.3,Medium,Clear,1,25,Cancelled,0
F1351,2024-12-19,Mandal Procurement Centre,Greenfield,Krishna,Cotton,NCS-145,15.9,32,Auto,1,3,7,15:00-16:00,Thursday,12,40,43,24.1,136.9,58.3,High,Cloudy,0,25,Cancelled,3
F1352,2025-01-01,Cooperative Collection Centre,Rythu Colony,Krishna,Paddy,BPT-5204,15.28,31,Tractor,3,5,9,10:00-11:00,Wednesday,1,37,42,27.2,133.5,60.6,High,Cloudy,0,25,Completed,3
F1353,2024-01-04,Mandal Procurement Centre,Kisanpur,Krishna,Cotton,NCS-145,13.02,27,Mini Truck,1,4,6,11:00-12:00,Thursday,1,35,30,23.0,100.6,48.1,High,Cloudy,0,25,Completed,1
F1354,2025-06-27,Mandal Procurement Centre,Greenfield,Krishna,Paddy,BPT-5204,10.06,21,Tractor,3,5,6,12:00-13:00,Friday,6,11,15,18.7,69.6,36.1,Medium,Rainy,0,20,Cancelled,0
F1355,2024-02-08,Rural Market Yard,Greenfield,Krishna,Paddy,BPT-5204,11.51,24,Tractor,2,2,9,16:00-17:00,Thursday,2,14,22,21.8,107.0,48.5,High,Clear,0,20,Completed,1
F1356,2024-09-09,Cooperative Collection Centre,Greenfield,Krishna,Maize,DHM-117,8.97,18,Mini Truck,3,2,6,08:00-09:00,Monday,9,40,39,18.2,144.9,54.4,High,Clear,0,20,Completed,2
F1357,2025-04-03,Rural Market Yard,Lakshmi Nagar,Krishna,Maize,Pioneer-3396,12.16,25,Auto,2,2,12,09:00-10:00,Thursday,4,34,31,21.9,119.7,51.8,High,Clear,0,20,Completed,1
F1358,2024-03-08,Mandal Procurement Centre,Greenfield,Krishna,Maize,DHM-117,3.89,8,Auto,2,5,7,08:00-09:00,Friday,3,35,35,13.6,88.3,35.7,High,Clear,0,20,Cancelled,0
F1359,2024-09-26,Cooperative Collection Centre,Kisanpur,Krishna,Cotton,NCS-145,8.81,18,Tractor,3,3,11,08:00-09:00,Thursday,9,33,29,18.4,108.9,45.6,High,Rainy,0,20,Completed,2
F1360,2025-02-18,Mandal Procurement Centre,Kisanpur,Krishna,Cotton,Bt Cotton,18.51,38,Auto,3,4,8,16:00-17:00,Tuesday,2,21,15,26.4,97.5,50.8,High,Clear,0,20,Completed,1
F1361,2025-05-03,Rural Market Yard,Kisanpur,Krishna,Cotton,Bt Cotton,16.88,34,Tractor,3,4,10,14:00-15:00,Saturday,5,17,25,26.9,110.6,54.5,High,Rainy,0,25,Cancelled,1
F1362,2025-12-04,Cooperative Collection Centre,Greenfield,Krishna,Paddy,BPT-5204,5.4,11,Mini Truck,1,4,4,09:00-10:00,Thursday,12,51,51,15.6,144.1,51.6,High,Clear,0,20,Cancelled,2
F1363,2025-09-23,Rural Market Yard,Greenfield,Krishna,Maize,DHM-117,3.18,7,Mini Truck,3,2,6,08:00-09:00,Tuesday,9,30,25,9.8,87.2,31.6,Medium,Clear,0,20,Cancelled,0
F1364,2025-06-10,Cooperative Collection Centre,Rythu Colony,Krishna,Maize,DHM-117,13.52,28,Auto,3,3,4,15:00-16:00,Tuesday,6,18,22,26.9,112.8,55.1,High,Clear,0,25,Completed,1
F1365,2025-07-04,Cooperative Collection Centre,Rythu Colony,Krishna,Maize,DHM-117,21.94,44,Auto,2,4,7,12:00-13:00,Friday,7,5,3,32.6,90.8,55.3,High,Rainy,0,20,Cancelled,1
F1366,2024-06-22,Mandal Procurement Centre,Kisanpur,Krishna,Maize,Pioneer-3396,14.59,30,Tractor,1,4,10,14:00-15:00,Saturday,6,18,30,28.4,115.2,57.2,High,Rainy,0,25,Cancelled,1
F1367,2025-05-24,Mandal Procurement Centre,Greenfield,Krishna,Cotton,Bt Cotton,11.29,23,Tractor,2,2,5,14:00-15:00,Saturday,5,29,32,21.3,101.8,46.8,High,Clear,0,25,Completed,1
F1368,2024-08-13,Cooperative Collection Centre,Rythu Colony,Krishna,Paddy,BPT-5204,10.5,21,Auto,2,2,8,09:00-10:00,Tuesday,8,31,23,17.5,103.4,43.4,High,Cloudy,1,20,Cancelled,1
F1369,2024-07-14,Cooperative Collection Centre,Rythu Colony,Krishna,Cotton,Bt Cotton,5.29,11,Auto,2,3,4,14:00-15:00,Sunday,7,35,36,14.6,108.9,41.8,High,Clear,0,25,Completed,2
F1370,2024-04-06,Cooperative Collection Centre,Greenfield,Krishna,Maize,DHM-117,19.97,40,Auto,2,3,7,16:00-17:00,Saturday,4,32,38,33.4,154.8,72.1,High,Cloudy,0,20,Cancelled,3
F1371,2024-04-23,Mandal Procurement Centre,Kisanpur,Krishna,Maize,Pioneer-3396,12.39,25,Tractor,2,5,10,08:00-09:00,Tuesday,4,25,26,21.2,96.9,45.4,High,Cloudy,0,20,Completed,1
F1372,2025-11-30,Cooperative Collection Centre,Lakshmi Nagar,Krishna,Cotton,NCS-145,14.9,30,Tractor,3,2,4,11:00-12:00,Sunday,11,41,47,26.5,168.7,68.7,High,Clear,0,25,Cancelled,3
F1373,2025-01-13,Mandal Procurement Centre,Lakshmi Nagar,Krishna,Maize,DHM-117,8.66,18,Tractor,2,4,4,08:00-09:00,Monday,1,55,57,20.4,157.3,59.7,High,Clear,0,20,Completed,2
F1374,2024-01-23,Mandal Procurement Centre,Rythu Colony,Krishna,Cotton,NCS-145,7.39,15,Tractor,3,5,6,15:00-16:00,Tuesday,1,26,33,20.5,96.6,44.6,High,Rainy,0,25,Completed,2
F1375,2024-01-18,Mandal Procurement Centre,Greenfield,Krishna,Cotton,NCS-145,7.7,16,Tractor,2,2,5,09:00-10:00,Thursday,1,47,45,15.9,136.5,50.0,High,Clear,0,20,Completed,2
F1376,2024-05-29,Cooperative Collection Centre,Kisanpur,Krishna,Cotton,Bt Cotton,3.26,7,Auto,3,2,6,09:00-10:00,Wednesday,5,43,37,12.8,127.6,44.7,High,Clear,0,20,Cancelled,2
F1377,2025-01-14,Mandal Procurement Centre,Kisanpur,Krishna,Maize,Pioneer-3396,8.94,18,Auto,2,5,9,10:00-11:00,Tuesday,1,53,46,20.3,122.0,50.8,High,Cloudy,0,25,Completed,2
F1378,2025-06-02,Mandal Procurement Centre,Greenfield,Krishna,Maize,DHM-117,4.36,9,Auto,3,3,11,12:00-13:00,Monday,6,15,18,12.0,64.4,28.1,Medium,Clear,0,20,Completed,0
F1379,2024-09-22,Rural Market Yard,Rythu Colony,Krishna,Paddy,Sona Masuri,7.12,15,Tractor,1,2,4,08:00-09:00,Sunday,9,26,23,17.5,89.6,39.9,Medium,Rainy,0,20,Completed,0
F1380,2024-03-19,Cooperative Collection Centre,Kisanpur,Krishna,Cotton,Bt Cotton,7.91,16,Mini Truck,2,4,10,12:00-13:00,Tuesday,3,19,19,16.0,77.1,35.3,Medium,Rainy,0,20,Completed,0
F1381,2024-11-07,Mandal Procurement Centre,Rythu Colony,Krishna,Paddy,BPT-5204,12.58,26,Mini Truck,2,4,8,14:00-15:00,Thursday,11,34,30,23.8,109.6,51.2,High,Clear,0,25,Cancelled,1
F1382,2024-11-10,Rural Market Yard,Lakshmi Nagar,Krishna,Maize,Pioneer-3396,5.0,10,Mini Truck,2,5,9,08:00-09:00,Sunday,11,56,59,16.8,152.8,55.0,High,Cloudy,0,20,Cancelled,2
F1383,2024-02-20,Cooperative Collection Centre,Lakshmi Nagar,Krishna,Paddy,Sona Masuri,14.47,29,Tractor,1,3,4,10:00-11:00,Tuesday,2,33,30,26.5,116.8,55.7,High,Cloudy,0,25,Completed,1
F1384,2025-09-18,Rural Market Yard,Rythu Colony,Krishna,Paddy,BPT-5204,10.76,22,Tractor,1,4,11,12:00-13:00,Thursday,9,19,14,17.8,57.1,32.1,Medium,Clear,0,20,Cancelled,0
F1385,2025-10-07,Mandal Procurement Centre,Kisanpur,Krishna,Cotton,Bt Cotton,13.31,27,Tractor,3,4,11,10:00-11:00,Tuesday,10,51,47,24.9,139.0,59.6,High,Clear,0,25,Completed,3
F1386,2025-12-26,Rural Market Yard,Rythu Colony,Krishna,Cotton,NCS-145,2.05,5,Mini Truck,1,4,8,09:00-10:00,Friday,12,33,29,11.2,75.9,30.2,High,Rainy,0,20,Completed,0
F1387,2024-09-27,Mandal Procurement Centre,Lakshmi Nagar,Krishna,Maize,DHM-117,11.64,24,Auto,3,3,12,15:00-16:00,Friday,9,25,24,22.3,98.6,47.0,High,Clear,0,25,Completed,1
F1388,2024-04-30,Cooperative Collection Centre,Rythu Colony,Krishna,Cotton,NCS-145,11.35,23,Auto,3,5,4,09:00-10:00,Tuesday,4,28,24,22.0,111.0,49.8,High,Clear,0,20,Cancelled,1
F1389,2024-02-12,Cooperative Collection Centre,Rythu Colony,Krishna,Maize,DHM-117,10.7,22,Tractor,3,5,6,11:00-12:00,Monday,2,17,21,18.7,78.3,38.3,Medium,Cloudy,0,25,Completed,1
F1390,2025-05-06,Cooperative Collection Centre,Greenfield,Krishna,Cotton,NCS-145,11.09,23,Mini Truck,1,4,11,14:00-15:00,Tuesday,5,17,18,21.9,64.3,38.0,Medium,Rainy,0,25,Cancelled,1
F1391,2025-05-03,Mandal Procurement Centre,Rythu Colony,Krishna,Paddy,BPT-5204,12.48,25,Tractor,1,3,4,15:00-16:00,Saturday,5,27,27,21.6,109.0,48.9,High,Cloudy,0,25,Completed,1
F1392,2024-08-01,Cooperative Collection Centre,Rythu Colony,Krishna,Cotton,Bt Cotton,3.1,7,Mini Truck,1,4,4,14:00-15:00,Thursday,8,22,24,2.9,55.9,16.9,Medium,Clear,0,25,Completed,0
F1393,2024-09-13,Rural Market Yard,Rythu Colony,Krishna,Cotton,NCS-145,10.58,22,Mini Truck,2,5,10,14:00-15:00,Friday,9,15,19,17.0,72.0,35.0,Medium,Rainy,0,25,Cancelled,0
F1394,2024-04-05,Mandal Procurement Centre,Lakshmi Nagar,Krishna,Cotton,NCS-145,12.88,26,Mini Truck,2,2,10,09:00-10:00,Friday,4,36,30,19.6,117.5,49.0,High,Cloudy,0,20,Completed,1
F1395,2025-10-25,Rural Market Yard,Rythu Colony,Krishna,Maize,Pioneer-3396,7.97,16,Tractor,3,3,11,12:00-13:00,Saturday,10,39,40,16.5,131.2,49.3,High,Clear,0,20,Completed,2
F1396,2025-04-15,Cooperative Collection Centre,Greenfield,Krishna,Cotton,Bt Cotton,20.7,42,Tractor,1,4,10,14:00-15:00,Tuesday,4,26,23,29.4,117.1,58.7,High,Clear,0,25,Completed,3
F1397,2025-05-16,Cooperative Collection Centre,Greenfield,Krishna,Maize,DHM-117,9.99,20,Tractor,1,4,6,09:00-10:00,Friday,5,38,46,16.3,129.3,48.6,High,Cloudy,0,20,Completed,2
F1398,2025-11-17,Cooperative Collection Centre,Rythu Colony,Krishna,Paddy,BPT-5204,15.03,31,Tractor,3,5,11,09:00-10:00,Monday,11,48,44,23.0,146.2,59.5,High,Cloudy,0,20,Completed,3
F1399,2025-08-22,Rural Market Yard,Kisanpur,Krishna,Maize,DHM-117,9.73,20,Tractor,3,4,12,11:00-12:00,Friday,8,37,37,22.0,98.0,46.5,High,Cloudy,0,25,Completed,2
F1400,2025-03-19,Mandal Procurement Centre,Greenfield,Krishna,Maize,Pioneer-3396,15.11,31,Auto,3,2,10,09:00-10:00,Wednesday,3,38,30,27.4,142.8,63.1,High,Clear,0,20,Completed,3
F1401,2024-12-26,Mandal Procurement Centre,Lakshmi Nagar,Krishna,Maize,DHM-117,5.37,11,Mini Truck,3,3,8,08:00-09:00,Thursday,12,53,57,14.1,161.6,54.5,High,Clear,0,20,Cancelled,2
F1402,2025-12-03,Mandal Procurement Centre,Kisanpur,Krishna,Paddy,BPT-5204,9.33,19,Mini Truck,2,2,9,15:00-16:00,Wednesday,12,32,38,19.1,122.2,49.7,High,Clear,0,25,Completed,2
F1403,2024-07-18,Rural Market Yard,Lakshmi Nagar,Krishna,Maize,Pioneer-3396,6.63,14,Auto,3,4,5,09:00-10:00,Thursday,7,27,22,17.0,81.6,37.4,Medium,Cloudy,0,20,Cancelled,0
F1404,2025-04-15,Rural Market Yard,Kisanpur,Krishna,Cotton,NCS-145,9.78,20,Tractor,2,4,7,08:00-09:00,Tuesday,4,27,36,16.9,122.0,47.4,High,Rainy,0,20,Completed,2
F1405,2025-08-19,Mandal Procurement Centre,Kisanpur,Krishna,Maize,Pioneer-3396,11.7,24,Tractor,2,3,8,08:00-09:00,Tuesday,8,44,45,21.2,149.4,58.5,High,Clear,0,20,Completed,2
F1406,2024-11-04,Mandal Procurement Centre,Greenfield,Krishna,Cotton,Bt Cotton,14.02,29,Tractor,1,2,10,09:00-10:00,Monday,11,38,40,22.6,140.9,57.8,High,Clear,0,20,Completed,3
F1407,2025-01-26,Rural Market Yard,Kisanpur,Krishna,Paddy,Sona Masuri,8.49,17,Tractor,2,5,5,16:00-17:00,Sunday,1,32,29,21.1,105.0,47.4,High,Clear,0,20,Completed,1
F1408,2024-10-21,Rural Market Yard,Greenfield,Krishna,Maize,Pioneer-3396,7.6,16,Mini Truck,3,2,7,16:00-17:00,Monday,10,27,23,19.8,113.0,48.0,High,Clear,0,20,Completed,1
F1409,2024-03-27,Mandal Procurement Centre,Kisanpur,Krishna,Maize,Pioneer-3396,11.09,23,Tractor,3,2,7,11:00-12:00,Wednesday,3,20,25,26.2,111.8,54.1,High,Clear,0,25,Completed,1
F1410,2025-12-25,Cooperative Collection Centre,Kisanpur,Krishna,Paddy,Sona Masuri,9.6,20,Tractor,1,2,11,15:00-16:00,Thursday,12,40,38,20.3,121.6,50.7,High,Cloudy,0,25,Completed,2
F1411,2024-09-26,Cooperative Collection Centre,Rythu Colony,Krishna,Paddy,Sona Masuri,13.13,27,Mini Truck,2,2,11,10:00-11:00,Thursday,9,35,34,24.7,118.3,54.3,High,Clear,0,25,Cancelled,1
F1412,2024-12-06,Mandal Procurement Centre,Kisanpur,Krishna,Maize,Pioneer-3396,12.52,26,Auto,1,5,6,10:00-11:00,Friday,12,48,44,24.2,114.8,52.9,High,Clear,0,25,Completed,2
F1413,2025-10-10,Mandal Procurement Centre,Lakshmi Nagar,Krishna,Cotton,Bt Cotton,4.34,9,Tractor,1,3,4,12:00-13:00,Friday,10,43,53,13.0,144.7,49.2,High,Clear,0,20,Completed,2
F1414,2024-03-15,Mandal Procurement Centre,Kisanpur,Krishna,Cotton,Bt Cotton,12.8,26,Tractor,2,2,9,11:00-12:00,Friday,3,16,11,20.4,82.4,41.0,Medium,Cloudy,0,25,Cancelled,1
F1415,2024-09-11,Cooperative Collection Centre,Lakshmi Nagar,Krishna,Cotton,NCS-145,2.83,6,Auto,2,2,4,14:00-15:00,Wednesday,9,10,12,11.7,46.5,23.3,Medium,Clear,0,25,Cancelled,0
F1416,2025-06-12,Cooperative Collection Centre,Greenfield,Krishna,Maize,DHM-117,5.62,12,Tractor,1,3,6,16:00-17:00,Thursday,6,22,26,15.6,85.2,36.9,Medium,Rainy,0,20,Completed,0
F1417,2025-09-22,Mandal Procurement Centre,Greenfield,Krishna,Paddy,BPT-5204,19.76,40,Mini Truck,1,2,12,08:00-09:00,Monday,9,27,23,33.1,103.4,59.0,High,Clear,0,20,Completed,3
F1418,2024-08-02,Mandal Procurement Centre,Kisanpur,Krishna,Paddy,Sona Masuri,5.67,12,Mini Truck,3,5,5,09:00-10:00,Friday,8,36,34,15.2,94.3,38.8,High,Clear,0,20,Completed,0
F1419,2024-08-26,Mandal Procurement Centre,Rythu Colony,Krishna,Cotton,Bt Cotton,10.83,22,Mini Truck,2,4,8,15:00-16:00,Monday,8,14,13,22.5,68.9,39.7,Medium,Cloudy,0,25,Completed,1
F1420,2025-11-04,Rural Market Yard,Lakshmi Nagar,Krishna,Maize,Pioneer-3396,11.93,24,Mini Truck,2,3,7,11:00-12:00,Tuesday,11,17,16,21.0,87.9,43.0,Medium,Rainy,0,25,Completed,1
F1421,2024-09-19,Cooperative Collection Centre,Kisanpur,Krishna,Cotton,Bt Cotton,5.59,12,Tractor,3,3,4,10:00-11:00,Thursday,9,33,35,14.6,92.4,37.7,High,Clear,0,25,Cancelled,0
F1422,2025-10-04,Rural Market Yard,Greenfield,Krishna,Paddy,BPT-5204,4.89,10,Mini Truck,2,2,8,10:00-11:00,Saturday,10,49,47,15.1,121.1,45.4,High,Clear,0,25,Completed,2
F1423,2024-10-16,Rural Market Yard,Greenfield,Krishna,Cotton,NCS-145,10.53,22,Mini Truck,3,2,7,09:00-10:00,Wednesday,10,41,47,18.3,151.8,56.2,High,Rainy,1,20,Completed,2
F1424,2024-02-04,Cooperative Collection Centre,Lakshmi Nagar,Krishna,Paddy,BPT-5204,4.12,9,Tractor,3,5,8,11:00-12:00,Sunday,2,22,30,10.7,65.4,27.1,Medium,Clear,0,25,Cancelled,0
F1425,2025-05-03,Mandal Procurement Centre,Greenfield,Krishna,Maize,DHM-117,11.11,23,Tractor,3,4,6,15:00-16:00,Saturday,5,25,22,19.6,99.1,44.4,High,Cloudy,0,25,Cancelled,1
F1426,2024-12-05,Mandal Procurement Centre,Kisanpur,Krishna,Maize,DHM-117,16.26,33,Auto,2,2,11,10:00-11:00,Thursday,12,37,46,27.8,142.2,63.3,High,Rainy,0,25,Completed,3
F1427,2024-02-24,Mandal Procurement Centre,Kisanpur,Krishna,Maize,DHM-117,7.64,16,Mini Truck,3,2,7,14:00-15:00,Saturday,2,32,35,18.7,117.1,48.0,High,Clear,0,25,Completed,2
F1428,2025-05-23,Cooperative Collection Centre,Rythu Colony,Krishna,Paddy,Sona Masuri,5.35,11,Tractor,2,3,12,10:00-11:00,Friday,5,38,37,17.8,96.0,41.8,High,Clear,0,25,Completed,2
F1429,2025-08-04,Mandal Procurement Centre,Kisanpur,Krishna,Cotton,NCS-145,5.61,12,Auto,3,4,4,14:00-15:00,Monday,8,28,25,18.3,101.1,43.6,High,Clear,0,25,Completed,0
F1430,2024-01-31,Rural Market Yard,Kisanpur,Krishna,Cotton,NCS-145,11.56,24,Tractor,1,5,6,09:00-10:00,Wednesday,1,45,51,26.0,159.0,65.8,High,Cloudy,0,20,Cancelled,3
F1431,2025-09-10,Rural Market Yard,Lakshmi Nagar,Krishna,Paddy,Sona Masuri,2.0,4,Auto,2,3,11,11:00-12:00,Wednesday,9,18,18,12.1,34.4,20.7,Low,Clear,0,25,Completed,0
F1432,2025-12-28,Cooperative Collection Centre,Greenfield,Krishna,Cotton,Bt Cotton,4.0,8,Tractor,3,4,10,15:00-16:00,Sunday,12,39,42,11.9,96.6,36.0,High,Clear,0,25,Cancelled,2
F1433,2024-12-31,Mandal Procurement Centre,Lakshmi Nagar,Krishna,Maize,DHM-117,7.94,16,Mini Truck,3,5,12,09:00-10:00,Tuesday,12,43,43,20.3,120.1,50.3,High,Clear,0,20,Completed,2
F1434,2024-11-30,Rural Market Yard,Greenfield,Krishna,Cotton,NCS-145,7.54,16,Mini Truck,3,3,6,08:00-09:00,Saturday,11,45,48,15.7,160.4,55.8,High,Rainy,0,20,Completed,2
F1435,2024-05-06,Rural Market Yard,Rythu Colony,Krishna,Maize,DHM-117,8.85,18,Mini Truck,1,3,5,15:00-16:00,Monday,5,18,17,22.2,70.3,39.8,Medium,Clear,0,25,Completed,1
F1436,2025-01-29,Rural Market Yard,Greenfield,Krishna,Cotton,NCS-145,18.03,37,Tractor,2,2,5,09:00-10:00,Wednesday,1,45,49,33.3,190.2,80.8,High,Clear,1,20,Completed,3
F1437,2025-11-23,Cooperative Collection Centre,Lakshmi Nagar,Krishna,Cotton,Bt Cotton,5.01,11,Tractor,3,2,10,11:00-12:00,Sunday,11,40,35,13.4,94.4,37.0,High,Clear,0,25,Completed,0
F1438,2024-04-04,Mandal Procurement Centre,Kisanpur,Krishna,Maize,DHM-117,32.14,65,Auto,3,2,8,08:00-09:00,Thursday,4,24,26,49.9,197.8,99.3,High,Clear,0,20,Completed,3
F1439,2025-09-04,Mandal Procurement Centre,Kisanpur,Krishna,Cotton,NCS-145,9.15,19,Mini Truck,1,2,4,15:00-16:00,Thursday,9,28,24,22.0,90.8,44.7,High,Clear,0,25,Completed,1
F1440,2024-03-13,Mandal Procurement Centre,Rythu Colony,Krishna,Cotton,NCS-145,7.75,16,Tractor,2,3,11,11:00-12:00,Wednesday,3,29,26,14.1,95.2,37.9,High,Cloudy,0,25,Completed,0
F1441,2025-03-19,Cooperative Collection Centre,Kisanpur,Krishna,Cotton,Bt Cotton,19.63,40,Auto,3,4,10,16:00-17:00,Wednesday,3,23,25,30.5,123.7,61.4,High,Clear,1,20,Cancelled,3
F1442,2025-10-26,Mandal Procurement Centre,Lakshmi Nagar,Krishna,Paddy,BPT-5204,16.06,33,Mini Truck,1,3,11,12:00-13:00,Sunday,10,39,37,26.8,120.7,57.0,High,Clear,0,20,Completed,3
F1443,2025-10-30,Cooperative Collection Centre,Lakshmi Nagar,Krishna,Paddy,BPT-5204,6.27,13,Tractor,2,4,11,09:00-10:00,Thursday,10,34,36,16.2,101.6,41.6,High,Rainy,0,20,Cancelled,2
F1444,2024-01-10,Rural Market Yard,Lakshmi Nagar,Krishna,Maize,Pioneer-3396,12.62,26,Tractor,1,5,5,14:00-15:00,Wednesday,1,34,37,26.8,105.5,53.2,High,Cloudy,0,25,Completed,1
F1445,2024-07-19,Mandal Procurement Centre,Rythu Colony,Krishna,Paddy,Sona Masuri,7.71,16,Tractor,3,4,12,16:00-17:00,Friday,7,25,33,17.5,93.3,40.8,High,Clear,0,20,Completed,0
F1446,2024-02-21,Mandal Procurement Centre,Kisanpur,Krishna,Cotton,Bt Cotton,17.54,36,Auto,3,5,4,08:00-09:00,Wednesday,2,37,45,28.9,157.0,68.2,High,Cloudy,0,20,Completed,3
F1447,2024-06-16,Mandal Procurement Centre,Kisanpur,Krishna,Maize,Pioneer-3396,5.09,11,Mini Truck,2,3,9,10:00-11:00,Sunday,6,43,47,13.7,115.9,42.7,High,Clear,0,25,Completed,2
F1448,2024-09-18,Mandal Procurement Centre,Kisanpur,Krishna,Maize,DHM-117,3.31,7,Auto,1,4,10,12:00-13:00,Wednesday,9,16,14,15.8,43.3,26.6,Low,Clear,0,20,Cancelled,0
F1449,2025-09-23,Cooperative Collection Centre,Greenfield,Krishna,Cotton,Bt Cotton,7.65,16,Mini Truck,2,3,4,11:00-12:00,Tuesday,9,16,20,16.8,89.9,39.3,Medium,Cloudy,0,25,Completed,0
F1450,2024-02-27,Cooperative Collection Centre,Lakshmi Nagar,Krishna,Paddy,Sona Masuri,9.4,19,Tractor,1,2,5,15:00-16:00,Tuesday,2,22,26,19.3,87.1,41.1,Medium,Clear,0,25,Completed,1
F1451,2024-07-14,Rural Market Yard,Lakshmi Nagar,Krishna,Maize,Pioneer-3396,7.19,15,Mini Truck,1,3,7,14:00-15:00,Sunday,7,27,28,18.6,79.0,38.4,Medium,Clear,0,25,Cancelled,0
F1452,2024-06-12,Rural Market Yard,Lakshmi Nagar,Krishna,Cotton,Bt Cotton,9.57,20,Tractor,3,4,5,09:00-10:00,Wednesday,6,38,38,19.4,114.4,48.0,High,Clear,0,20,Cancelled,2
F1453,2025-11-01,Rural Market Yard,Greenfield,Krishna,Cotton,NCS-145,8.67,18,Tractor,3,4,11,09:00-10:00,Saturday,11,41,40,20.4,124.5,51.5,High,Rainy,0,20,Cancelled,2
F1454,2025-08-26,Rural Market Yard,Lakshmi Nagar,Krishna,Cotton,Bt Cotton,17.28,35,Tractor,2,2,6,09:00-10:00,Tuesday,8,46,51,30.7,183.1,76.5,High,Cloudy,0,20,Cancelled,3
F1455,2025-10-13,Rural Market Yard,Greenfield,Krishna,Paddy,Sona Masuri,5.05,11,Tractor,3,3,4,08:00-09:00,Monday,10,38,32,14.5,118.8,44.2,High,Cloudy,0,20,Completed,2
F1456,2024-05-20,Rural Market Yard,Greenfield,Krishna,Cotton,Bt Cotton,7.53,16,Mini Truck,1,5,6,15:00-16:00,Monday,5,28,18,14.1,63.9,30.1,Medium,Clear,0,25,Completed,0
F1457,2024-05-01,Rural Market Yard,Kisanpur,Krishna,Maize,DHM-117,8.62,18,Tractor,3,4,7,11:00-12:00,Wednesday,5,27,25,12.7,76.1,31.7,Medium,Clear,0,25,Completed,0
F1458,2024-01-16,Cooperative Collection Centre,Lakshmi Nagar,Krishna,Maize,Pioneer-3396,8.06,17,Tractor,2,2,9,10:00-11:00,Tuesday,1,46,44,16.8,128.7,49.0,High,Clear,0,25,Completed,2
F1459,2025-12-15,Mandal Procurement Centre,Kisanpur,Krishna,Cotton,NCS-145,6.86,14,Mini Truck,1,4,12,08:00-09:00,Monday,12,55,50,12.7,110.6,40.3,High,Cloudy,0,20,Completed,2
F1460,2024-05-16,Mandal Procurement Centre,Kisanpur,Krishna,Paddy,Sona Masuri,6.89,14,Mini Truck,3,3,7,09:00-10:00,Thursday,5,39,40,17.8,140.6,53.0,High,Cloudy,0,20,Completed,2
F1461,2024-08-19,Cooperative Collection Centre,Greenfield,Krishna,Paddy,BPT-5204,11.05,23,Tractor,3,5,12,12:00-13:00,Monday,8,20,22,21.0,89.5,43.4,Medium,Clear,0,20,Completed,1
F1462,2025-01-01,Cooperative Collection Centre,Lakshmi Nagar,Krishna,Cotton,NCS-145,8.65,18,Mini Truck,3,4,10,10:00-11:00,Wednesday,1,50,50,16.2,136.8,50.4,High,Clear,0,25,Completed,2
F1463,2025-04-06,Cooperative Collection Centre,Kisanpur,Krishna,Maize,DHM-117,6.88,14,Tractor,2,5,11,11:00-12:00,Sunday,4,28,26,15.9,65.1,32.2,Medium,Clear,0,25,Cancelled,0
F1464,2025-09-16,Mandal Procurement Centre,Rythu Colony,Krishna,Cotton,NCS-145,5.66,12,Mini Truck,1,4,5,09:00-10:00,Tuesday,9,32,32,16.4,89.3,38.7,High,Clear,0,20,Completed,0
F1465,2024-01-25,Cooperative Collection Centre,Lakshmi Nagar,Krishna,Maize,DHM-117,25.49,51,Mini Truck,1,4,5,11:00-12:00,Thursday,1,25,32,37.2,140.5,72.3,High,Clear,0,25,Completed,3
F1466,2024-09-11,Rural Market Yard,Greenfield,Krishna,Cotton,NCS-145,6.17,13,Tractor,1,4,5,15:00-16:00,Wednesday,9,13,20,16.5,75.0,35.2,Medium,Cloudy,0,25,Completed,0
F1467,2025-06-02,Rural Market Yard,Kisanpur,Krishna,Paddy,BPT-5204,22.51,46,Mini Truck,3,2,11,10:00-11:00,Monday,6,29,34,32.5,158.0,72.0,High,Clear,0,25,Completed,3
F1468,2025-05-24,Mandal Procurement Centre,Rythu Colony,Krishna,Paddy,BPT-5204,20.73,42,Tractor,3,3,8,12:00-13:00,Saturday,5,35,29,32.2,156.9,71.4,High,Cloudy,0,20,Cancelled,3
F1469,2025-04-21,Cooperative Collection Centre,Lakshmi Nagar,Krishna,Paddy,BPT-5204,2.93,6,Tractor,2,5,6,10:00-11:00,Monday,4,23,23,13.8,52.3,26.9,Medium,Rainy,0,25,Completed,0
F1470,2025-08-31,Cooperative Collection Centre,Rythu Colony,Krishna,Cotton,NCS-145,7.36,15,Tractor,2,2,8,08:00-09:00,Sunday,8,44,43,20.4,145.4,56.8,High,Cloudy,0,20,Completed,2
F1471,2025-06-30,Rural Market Yard,Greenfield,Krishna,Maize,DHM-117,10.4,21,Tractor,2,4,10,11:00-12:00,Monday,6,21,23,20.4,77.6,39.8,Medium,Cloudy,0,25,Completed,1
F1472,2024-06-12,Rural Market Yard,Rythu Colony,Krishna,Paddy,Sona Masuri,20.15,41,Tractor,3,3,10,09:00-10:00,Wednesday,6,19,25,34.9,138.0,69.4,High,Rainy,0,20,Cancelled,3
F1473,2024-07-16,Cooperative Collection Centre,Rythu Colony,Krishna,Cotton,Bt Cotton,4.45,9,Mini Truck,3,3,12,14:00-15:00,Tuesday,7,22,20,13.2,55.9,27.2,Medium,Clear,0,25,Completed,0
F1474,2024-11-09,Rural Market Yard,Lakshmi Nagar,Krishna,Cotton,NCS-145,3.66,8,Tractor,2,5,9,10:00-11:00,Saturday,11,44,41,13.1,79.5,33.0,High,Clear,0,25,Completed,0
F1475,2025-03-12,Rural Market Yard,Rythu Colony,Krishna,Cotton,Bt Cotton,8.25,17,Tractor,1,5,11,11:00-12:00,Wednesday,3,19,23,17.0,68.5,34.1,Medium,Clear,0,25,Cancelled,0
F1476,2024-10-10,Cooperative Collection Centre,Lakshmi Nagar,Krishna,Cotton,NCS-145,6.54,14,Mini Truck,3,2,6,09:00-10:00,Thursday,10,49,49,15.6,145.2,51.9,High,Cloudy,0,20,Completed,2
F1477,2024-10-13,Rural Market Yard,Kisanpur,Krishna,Maize,Pioneer-3396,9.78,20,Auto,3,4,11,15:00-16:00,Sunday,10,33,32,20.5,100.4,45.6,High,Cloudy,0,25,Completed,1
F1478,2025-03-07,Cooperative Collection Centre,Kisanpur,Krishna,Paddy,BPT-5204,13.48,27,Mini Truck,2,4,12,14:00-15:00,Friday,3,21,19,26.7,93.8,50.1,High,Clear,0,25,Completed,1
F1479,2025-03-14,Mandal Procurement Centre,Rythu Colony,Krishna,Maize,DHM-117,23.63,48,Mini Truck,2,4,8,09:00-10:00,Friday,3,20,26,33.8,152.6,71.9,High,Rainy,1,20,Cancelled,3
F1480,2024-01-15,Cooperative Collection Centre,Rythu Colony,Krishna,Paddy,BPT-5204,17.1,35,Tractor,3,3,6,08:00-09:00,Monday,1,53,52,30.0,183.7,75.9,High,Clear,0,20,Completed,3
F1481,2024-10-06,Rural Market Yard,Rythu Colony,Krishna,Cotton,Bt Cotton,8.23,17,Mini Truck,2,2,7,15:00-16:00,Sunday,10,38,38,19.9,105.1,46.2,High,Cloudy,0,25,Completed,2
F1482,2024-03-08,Cooperative Collection Centre,Rythu Colony,Krishna,Maize,Pioneer-3396,16.63,34,Mini Truck,1,5,11,09:00-10:00,Friday,3,28,23,29.5,90.7,52.2,High,Clear,0,20,Completed,1
F1483,2025-06-29,Mandal Procurement Centre,Lakshmi Nagar,Krishna,Paddy,Sona Masuri,8.69,18,Tractor,1,2,4,09:00-10:00,Sunday,6,31,27,15.8,111.6,43.7,High,Clear,0,20,Completed,0
F1484,2025-08-13,Cooperative Collection Centre,Lakshmi Nagar,Krishna,Paddy,Sona Masuri,4.26,9,Auto,3,3,5,11:00-12:00,Wednesday,8,18,18,16.0,68.1,33.0,Medium,Clear,0,25,Completed,0
F1485,2025-10-17,Cooperative Collection Centre,Greenfield,Krishna,Maize,Pioneer-3396,15.54,32,Tractor,1,4,5,10:00-11:00,Friday,10,49,49,29.4,147.8,66.3,High,Clear,0,25,Cancelled,3
F1486,2025-12-13,Mandal Procurement Centre,Lakshmi Nagar,Krishna,Maize,Pioneer-3396,7.95,16,Tractor,3,3,10,12:00-13:00,Saturday,12,43,40,18.5,142.4,54.1,High,Clear,0,20,Cancelled,2
F1487,2025-09-14,Rural Market Yard,Lakshmi Nagar,Krishna,Paddy,BPT-5204,13.03,27,Mini Truck,3,3,5,14:00-15:00,Sunday,9,21,19,20.5,110.2,48.0,High,Cloudy,0,25,Completed,1
F1488,2024-09-14,Rural Market Yard,Lakshmi Nagar,Krishna,Maize,Pioneer-3396,6.59,14,Tractor,1,3,4,11:00-12:00,Saturday,9,23,18,17.3,73.8,35.8,Medium,Cloudy,0,25,Completed,0
F1489,2024-01-05,Rural Market Yard,Greenfield,Krishna,Cotton,Bt Cotton,12.47,25,Mini Truck,1,5,6,08:00-09:00,Friday,1,37,33,22.3,108.3,49.4,High,Rainy,0,20,Completed,1
F1490,2024-09-12,Cooperative Collection Centre,Kisanpur,Krishna,Maize,Pioneer-3396,9.24,19,Mini Truck,3,3,10,09:00-10:00,Thursday,9,37,33,20.6,121.1,50.9,High,Cloudy,0,20,Cancelled,2
F1491,2024-10-21,Cooperative Collection Centre,Kisanpur,Krishna,Paddy,Sona Masuri,7.67,16,Tractor,3,2,8,11:00-12:00,Monday,10,35,33,15.6,115.1,44.4,High,Clear,0,25,Completed,2
F1492,2024-07-03,Cooperative Collection Centre,Rythu Colony,Krishna,Paddy,BPT-5204,11.33,23,Tractor,3,5,5,09:00-10:00,Wednesday,7,37,39,22.6,150.7,60.3,High,Clear,0,20,Cancelled,2
F1493,2025-03-18,Mandal Procurement Centre,Rythu Colony,Krishna,Cotton,Bt Cotton,7.69,16,Mini Truck,3,3,10,14:00-15:00,Tuesday,3,18,20,19.1,62.9,34.8,Medium,Cloudy,0,25,Completed,0
F1494,2025-12-12,Cooperative Collection Centre,Greenfield,Krishna,Maize,Pioneer-3396,7.35,15,Mini Truck,3,3,12,11:00-12:00,Friday,12,23,25,18.9,84.5,40.0,Medium,Clear,0,25,Completed,0
F1495,2024-01-17,Mandal Procurement Centre,Rythu Colony,Krishna,Paddy,BPT-5204,14.79,30,Mini Truck,1,2,7,11:00-12:00,Wednesday,1,29,22,28.2,91.1,51.0,High,Clear,0,25,Completed,1
F1496,2025-01-25,Mandal Procurement Centre,Lakshmi Nagar,Krishna,Maize,DHM-117,10.87,22,Tractor,3,3,11,14:00-15:00,Saturday,1,39,38,19.1,124.7,50.3,High,Cloudy,0,25,Completed,2
F1497,2025-08-28,Rural Market Yard,Kisanpur,Krishna,Maize,Pioneer-3396,9.58,20,Tractor,2,4,10,08:00-09:00,Thursday,8,18,20,19.4,85.3,40.7,Medium,Rainy,0,20,Completed,1
F1498,2025-08-16,Cooperative Collection Centre,Kisanpur,Krishna,Cotton,Bt Cotton,26.09,53,Tractor,3,4,5,08:00-09:00,Saturday,8,37,35,40.2,169.1,82.5,High,Clear,0,20,Completed,3
F1499,2024-01-27,Mandal Procurement Centre,Kisanpur,Krishna,Cotton,NCS-145,6.91,14,Auto,1,5,9,10:00-11:00,Saturday,1,57,58,16.6,131.6,49.5,High,Cloudy,0,25,Completed,2
F1500,2024-05-25,Rural Market Yard,Kisanpur,Krishna,Maize,DHM-117,8.9,18,Tractor,3,3,6,10:00-11:00,Saturday,5,37,38,15.9,129.2,48.2,High,Clear,0,25,Completed,2
F1501,2024-01-27,Cooperative Collection Centre,Rythu Colony,Krishna,Maize,DHM-117,9.14,19,Tractor,2,5,6,09:00-10:00,Saturday,1,52,54,18.1,151.7,56.0,High,Cloudy,0,20,Cancelled,2
F1502,2024-04-16,Rural Market Yard,Rythu Colony,Krishna,Paddy,Sona Masuri,5.66,12,Tractor,1,2,11,09:00-10:00,Tuesday,4,29,33,14.4,89.3,36.7,High,Cloudy,0,20,Completed,0
F1503,2024-09-13,Mandal Procurement Centre,Lakshmi Nagar,Krishna,Maize,DHM-117,5.98,12,Mini Truck,1,3,8,10:00-11:00,Friday,9,32,35,12.9,86.0,34.4,High,Rainy,1,25,Completed,0
F1504,2025-10-10,Mandal Procurement Centre,Rythu Colony,Krishna,Cotton,NCS-145,11.73,24,Tractor,3,2,8,15:00-16:00,Friday,10,38,37,19.6,130.0,52.1,High,Clear,0,25,Cancelled,2
F1505,2025-07-13,Mandal Procurement Centre,Greenfield,Krishna,Cotton,NCS-145,8.99,18,Mini Truck,1,2,5,14:00-15:00,Sunday,7,32,38,21.0,103.7,46.9,High,Cloudy,0,25,Completed,2
F1506,2024-12-23,Mandal Procurement Centre,Greenfield,Krishna,Paddy,BPT-5204,7.61,16,Tractor,3,4,5,16:00-17:00,Monday,12,32,28,16.5,116.7,45.7,High,Clear,0,20,Completed,2
F1507,2025-10-31,Rural Market Yard,Greenfield,Krishna,Cotton,Bt Cotton,6.54,14,Mini Truck,2,5,9,15:00-16:00,Friday,10,37,38,17.1,105.0,43.4,High,Cloudy,0,25,Completed,2
F1508,2025-06-20,Cooperative Collection Centre,Kisanpur,Krishna,Cotton,Bt Cotton,5.82,12,Tractor,2,4,4,11:00-12:00,Friday,6,32,30,17.5,86.0,39.0,Medium,Cloudy,0,25,Cancelled,0
F1509,2025-07-25,Rural Market Yard,Kisanpur,Krishna,Maize,DHM-117,10.71,22,Mini Truck,1,2,7,11:00-12:00,Friday,7,17,16,20.4,73.8,38.8,Medium,Cloudy,0,25,Cancelled,1
F1510,2024-05-03,Cooperative Collection Centre,Kisanpur,Krishna,Cotton,NCS-145,10.37,21,Tractor,1,3,12,09:00-10:00,Friday,5,34,32,19.0,101.6,44.4,High,Cloudy,0,20,Completed,1
F1511,2025-01-02,Mandal Procurement Centre,Kisanpur,Krishna,Maize,DHM-117,7.59,16,Mini Truck,3,2,7,12:00-13:00,Thursday,1,34,30,20.0,124.9,51.2,High,Clear,0,20,Completed,2
F1512,2024-08-13,Rural Market Yard,Greenfield,Krishna,Paddy,BPT-5204,23.9,48,Tractor,2,5,4,12:00-13:00,Tuesday,8,34,32,34.6,149.4,72.0,High,Cloudy,0,20,Completed,3
F1513,2025-07-24,Mandal Procurement Centre,Lakshmi Nagar,Krishna,Cotton,Bt Cotton,11.48,23,Auto,3,3,10,14:00-15:00,Thursday,7,28,26,21.6,84.1,42.6,Medium,Clear,0,25,Completed,1
F1514,2025-04-20,Cooperative Collection Centre,Kisanpur,Krishna,Maize,DHM-117,6.84,14,Mini Truck,1,4,4,12:00-13:00,Sunday,4,15,13,15.3,59.8,30.2,Medium,Rainy,0,20,Cancelled,0
F1515,2025-11-03,Rural Market Yard,Kisanpur,Krishna,Maize,DHM-117,2.7,6,Auto,1,3,4,09:00-10:00,Monday,11,35,30,11.1,77.5,30.5,High,Rainy,0,20,Cancelled,0
F1516,2024-03-24,Rural Market Yard,Rythu Colony,Krishna,Maize,Pioneer-3396,8.31,17,Mini Truck,3,4,4,16:00-17:00,Sunday,3,26,21,18.0,97.1,42.3,High,Clear,0,20,Cancelled,0
F1517,2024-10-02,Rural Market Yard,Kisanpur,Krishna,Maize,Pioneer-3396,2.66,6,Mini Truck,2,5,5,08:00-09:00,Wednesday,10,62,60,11.7,149.6,49.1,High,Cloudy,0,20,Completed,2
F1518,2024-01-27,Cooperative Collection Centre,Lakshmi Nagar,Krishna,Cotton,NCS-145,9.82,20,Tractor,3,3,6,16:00-17:00,Saturday,1,38,32,20.2,112.3,48.3,High,Clear,0,20,Completed,2
F1519,2024-10-21,Mandal Procurement Centre,Rythu Colony,Krishna,Maize,Pioneer-3396,2.09,5,Tractor,1,3,10,14:00-15:00,Monday,10,38,34,9.0,78.0,28.5,High,Cloudy,0,25,Cancelled,0
F1520,2024-10-05,Rural Market Yard,Kisanpur,Krishna,Cotton,NCS-145,8.84,18,Tractor,2,5,12,11:00-12:00,Saturday,10,46,50,15.5,108.6,42.6,High,Cloudy,0,25,Completed,2
F1521,2025-05-30,Mandal Procurement Centre,Rythu Colony,Krishna,Paddy,Sona Masuri,10.49,21,Tractor,1,3,12,12:00-13:00,Friday,5,27,23,22.3,89.1,44.6,Medium,Clear,0,20,Cancelled,1
F1522,2024-11-15,Rural Market Yard,Greenfield,Krishna,Maize,DHM-117,2.0,4,Auto,2,3,7,10:00-11:00,Friday,11,33,33,10.6,54.0,24.1,Medium,Rainy,0,25,Completed,0
F1523,2024-10-20,Cooperative Collection Centre,Rythu Colony,Krishna,Paddy,Sona Masuri,3.08,7,Mini Truck,2,4,9,10:00-11:00,Sunday,10,51,45,11.2,95.9,35.2,High,Clear,0,25,Completed,2
F1524,2025-04-30,Cooperative Collection Centre,Rythu Colony,Krishna,Maize,DHM-117,2.77,6,Mini Truck,3,3,6,10:00-11:00,Wednesday,4,36,33,13.3,80.4,33.4,Medium,Clear,0,25,Cancelled,0
F1525,2025-02-07,Mandal Procurement Centre,Greenfield,Krishna,Paddy,Sona Masuri,11.93,24,Mini Truck,3,3,7,12:00-13:00,Friday,2,14,3,21.3,79.6,41.2,Medium,Clear,0,20,Completed,1
F1526,2024-06-12,Mandal Procurement Centre,Greenfield,Krishna,Cotton,Bt Cotton,11.05,23,Mini Truck,3,5,7,14:00-15:00,Wednesday,6,29,30,20.9,91.6,43.8,High,Clear,0,25,Cancelled,1
F1527,2024-11-16,Rural Market Yard,Rythu Colony,Krishna,Maize,DHM-117,10.13,21,Mini Truck,2,2,8,10:00-11:00,Saturday,11,47,48,21.5,141.0,56.8,High,Rainy,0,25,Cancelled,2
F1528,2024-01-03,Cooperative Collection Centre,Greenfield,Krishna,Maize,DHM-117,6.73,14,Mini Truck,1,5,7,12:00-13:00,Wednesday,1,30,28,18.6,86.3,40.2,High,Clear,0,20,Cancelled,0
F1529,2024-09-13,Cooperative Collection Centre,Lakshmi Nagar,Krishna,Cotton,NCS-145,8.71,18,Mini Truck,3,3,12,16:00-17:00,Friday,9,21,26,19.8,87.8,41.8,Medium,Clear,0,20,Cancelled,0
F1530,2025-10-04,Rural Market Yard,Rythu Colony,Krishna,Maize,Pioneer-3396,7.01,15,Mini Truck,1,5,6,09:00-10:00,Saturday,10,49,49,14.2,121.0,44.5,High,Rainy,0,20,Cancelled,2
F1531,2024-06-23,Rural Market Yard,Rythu Colony,Krishna,Paddy,Sona Masuri,22.75,46,Mini Truck,2,4,4,14:00-15:00,Sunday,6,26,21,34.5,133.0,67.8,High,Clear,0,25,Completed,3
F1532,2024-03-19,Mandal Procurement Centre,Lakshmi Nagar,Krishna,Paddy,Sona Masuri,9.03,19,Mini Truck,2,4,10,12:00-13:00,Tuesday,3,25,23,19.5,72.8,37.7,Medium,Cloudy,0,20,Completed,0
F1533,2025-12-12,Mandal Procurement Centre,Rythu Colony,Krishna,Cotton,Bt Cotton,12.21,25,Tractor,1,4,7,10:00-11:00,Friday,12,47,54,21.9,141.1,57.2,High,Cloudy,0,25,Completed,2
F1534,2024-10-28,Mandal Procurement Centre,Lakshmi Nagar,Krishna,Cotton,Bt Cotton,3.48,7,Mini Truck,3,3,6,11:00-12:00,Monday,10,25,12,11.1,45.9,22.6,Medium,Clear,0,25,Cancelled,0
F1535,2024-07-28,Mandal Procurement Centre,Kisanpur,Krishna,Paddy,Sona Masuri,9.19,19,Tractor,1,4,6,09:00-10:00,Sunday,7,37,41,23.3,126.4,54.9,High,Clear,0,20,Completed,2
F1536,2025-05-26,Mandal Procurement Centre,Greenfield,Krishna,Paddy,Sona Masuri,7.92,16,Tractor,3,5,4,11:00-12:00,Monday,5,20,17,17.3,55.6,31.2,Medium,Cloudy,0,25,Completed,0
F1537,2025-04-18,Mandal Procurement Centre,Kisanpur,Krishna,Paddy,BPT-5204,14.19,29,Mini Truck,2,5,9,14:00-15:00,Friday,4,10,5,23.8,67.3,40.6,Medium,Rainy,0,25,Completed,1
F1538,2024-12-01,Rural Market Yard,Greenfield,Krishna,Cotton,NCS-145,4.47,9,Auto,2,5,6,08:00-09:00,Sunday,12,50,57,15.4,154.8,54.1,High,Clear,0,20,Completed,2
F1539,2024-05-17,Rural Market Yard,Lakshmi Nagar,Krishna,Cotton,NCS-145,11.57,24,Tractor,3,5,12,11:00-12:00,Friday,5,15,15,25.1,71.7,43.0,Medium,Clear,0,25,Cancelled,1
F1540,2025-02-22,Cooperative Collection Centre,Rythu Colony,Krishna,Maize,DHM-117,14.74,30,Tractor,1,2,4,10:00-11:00,Saturday,2,47,43,24.5,141.5,59.9,High,Cloudy,0,25,Completed,3
F1541,2025-03-31,Cooperative Collection Centre,Greenfield,Krishna,Paddy,BPT-5204,10.85,22,Mini Truck,1,2,5,09:00-10:00,Monday,3,29,26,21.6,104.6,47.8,High,Clear,0,20,Cancelled,1
F1542,2025-05-22,Mandal Procurement Centre,Rythu Colony,Krishna,Maize,Pioneer-3396,8.63,18,Tractor,3,3,12,15:00-16:00,Thursday,5,24,29,18.2,104.5,44.3,High,Clear,0,25,Completed,2
F1543,2025-08-18,Rural Market Yard,Rythu Colony,Krishna,Maize,DHM-117,10.09,21,Tractor,3,5,6,11:00-12:00,Monday,8,21,22,19.6,74.8,38.3,Medium,Clear,1,25,Cancelled,0
F1544,2025-05-16,Cooperative Collection Centre,Greenfield,Krishna,Maize,DHM-117,15.36,31,Auto,2,5,9,15:00-16:00,Friday,5,12,10,27.7,65.0,44.0,Medium,Rainy,0,25,Completed,1
F1545,2024-02-10,Rural Market Yard,Kisanpur,Krishna,Maize,DHM-117,10.73,22,Auto,1,2,7,10:00-11:00,Saturday,2,44,38,21.8,106.4,48.4,High,Clear,0,25,Cancelled,2
F1546,2024-04-18,Mandal Procurement Centre,Kisanpur,Krishna,Maize,DHM-117,14.22,29,Auto,1,2,10,16:00-17:00,Thursday,4,28,28,25.0,121.8,55.5,High,Cloudy,0,20,Completed,1
F1547,2024-10-29,Cooperative Collection Centre,Rythu Colony,Krishna,Cotton,NCS-145,4.04,9,Mini Truck,2,3,5,09:00-10:00,Tuesday,10,53,48,12.4,131.9,45.4,High,Clear,0,20,Completed,2
F1548,2025-11-18,Cooperative Collection Centre,Rythu Colony,Krishna,Paddy,BPT-5204,13.46,27,Mini Truck,1,4,10,15:00-16:00,Tuesday,11,27,29,23.4,87.2,45.2,Medium,Clear,0,25,Cancelled,1
F1549,2025-10-26,Rural Market Yard,Rythu Colony,Krishna,Cotton,Bt Cotton,8.58,18,Tractor,1,5,5,14:00-15:00,Sunday,10,38,33,20.0,85.5,41.4,Medium,Cloudy,0,25,Completed,0
F1550,2024-11-21,Mandal Procurement Centre,Kisanpur,Krishna,Maize,Pioneer-3396,12.77,26,Tractor,3,2,8,08:00-09:00,Thursday,11,41,37,26.4,139.9,61.4,High,Rainy,0,20,Completed,3
F1551,2025-03-25,Cooperative Collection Centre,Rythu Colony,Krishna,Maize,DHM-117,18.77,38,Auto,2,4,5,08:00-09:00,Tuesday,3,33,30,32.1,137.3,66.4,High,Clear,0,20,Completed,3
F1552,2024-11-21,Mandal Procurement Centre,Lakshmi Nagar,Krishna,Paddy,Sona Masuri,5.11,11,Mini Truck,2,2,10,11:00-12:00,Thursday,11,37,31,13.8,72.9,32.0,Medium,Clear,0,25,Completed,0
F1553,2024-08-04,Cooperative Collection Centre,Kisanpur,Krishna,Cotton,NCS-145,3.13,7,Auto,3,5,7,09:00-10:00,Sunday,8,45,41,11.8,103.0,37.5,High,Cloudy,0,20,Completed,2
F1554,2024-01-30,Mandal Procurement Centre,Lakshmi Nagar,Krishna,Maize,DHM-117,10.48,21,Mini Truck,3,2,11,10:00-11:00,Tuesday,1,44,41,21.6,133.9,55.1,High,Cloudy,0,25,Completed,2
F1555,2024-08-24,Mandal Procurement Centre,Kisanpur,Krishna,Paddy,Sona Masuri,9.74,20,Auto,3,3,5,09:00-10:00,Saturday,8,32,38,16.4,133.2,49.7,High,Clear,0,20,Completed,2
F1556,2024-06-13,Mandal Procurement Centre,Rythu Colony,Krishna,Maize,Pioneer-3396,7.99,16,Auto,1,2,6,16:00-17:00,Thursday,6,20,16,17.7,78.7,37.4,Medium,Rainy,0,20,Cancelled,0
F1557,2024-05-27,Cooperative Collection Centre,Greenfield,Krishna,Cotton,NCS-145,9.82,20,Mini Truck,2,5,6,10:00-11:00,Monday,5,37,32,20.5,94.7,44.2,High,Cloudy,0,25,Cancelled,1
F1558,2024-06-12,Mandal Procurement Centre,Lakshmi Nagar,Krishna,Paddy,Sona Masuri,7.14,15,Mini Truck,1,5,11,10:00-11:00,Wednesday,6,27,21,17.4,56.1,31.4,Medium,Rainy,0,25,Cancelled,0
F1559,2024-06-04,Mandal Procurement Centre,Rythu Colony,Krishna,Cotton,NCS-145,7.97,16,Auto,2,2,10,10:00-11:00,Tuesday,6,35,31,14.2,94.6,37.8,High,Clear,0,25,Completed,0
F1560,2025-07-05,Cooperative Collection Centre,Lakshmi Nagar,Krishna,Cotton,Bt Cotton,12.69,26,Tractor,3,5,6,11:00-12:00,Saturday,7,34,28,25.1,111.6,53.0,High,Clear,1,25,Cancelled,1
F1561,2025-05-25,Rural Market Yard,Kisanpur,Krishna,Paddy,Sona Masuri,4.31,9,Tractor,1,5,4,09:00-10:00,Sunday,5,31,30,12.2,79.4,32.0,High,Cloudy,0,20,Completed,0
F1562,2024-01-24,Rural Market Yard,Kisanpur,Krishna,Cotton,NCS-145,13.51,28,Mini Truck,2,2,4,16:00-17:00,Wednesday,1,40,41,24.4,149.8,61.9,High,Clear,0,20,Cancelled,3
F1563,2024-05-26,Cooperative Collection Centre,Lakshmi Nagar,Krishna,Maize,Pioneer-3396,10.4,21,Tractor,2,2,12,14:00-15:00,Sunday,5,33,35,18.3,112.1,46.3,High,Cloudy,0,25,Completed,2
F1564,2025-09-21,Mandal Procurement Centre,Greenfield,Krishna,Maize,DHM-117,11.95,24,Mini Truck,3,5,12,09:00-10:00,Sunday,9,30,35,24.8,112.9,53.0,High,Rainy,0,20,Completed,1
F1565,2024-03-18,Cooperative Collection Centre,Lakshmi Nagar,Krishna,Paddy,BPT-5204,10.38,21,Mini Truck,2,3,11,09:00-10:00,Monday,3,46,48,20.0,142.1,55.5,High,Rainy,0,20,Completed,2
F1566,2024-04-17,Cooperative Collection Centre,Lakshmi Nagar,Krishna,Maize,DHM-117,14.41,29,Tractor,3,2,12,09:00-10:00,Wednesday,4,26,28,26.8,126.1,58.3,High,Clear,0,20,Completed,1
F1567,2025-02-04,Mandal Procurement Centre,Kisanpur,Krishna,Paddy,Sona Masuri,7.36,15,Mini Truck,3,5,8,15:00-16:00,Tuesday,2,23,26,13.8,87.3,35.6,Medium,Clear,0,25,Cancelled,0
F1568,2024-08-06,Cooperative Collection Centre,Greenfield,Krishna,Paddy,Sona Masuri,5.38,11,Tractor,2,2,7,12:00-13:00,Tuesday,8,25,27,15.6,104.8,41.8,High,Clear,0,20,Completed,0
F1569,2025-08-31,Mandal Procurement Centre,Kisanpur,Krishna,Paddy,Sona Masuri,8.97,18,Auto,1,4,10,11:00-12:00,Sunday,8,30,31,19.5,74.8,38.2,Medium,Clear,1,25,Completed,0
F1570,2024-01-18,Rural Market Yard,Greenfield,Krishna,Paddy,Sona Masuri,25.94,52,Tractor,2,3,10,09:00-10:00,Thursday,1,33,35,36.4,166.2,77.9,High,Rainy,0,20,Cancelled,3
F1571,2024-10-23,Rural Market Yard,Greenfield,Krishna,Maize,DHM-117,20.23,41,Mini Truck,1,4,6,12:00-13:00,Wednesday,10,34,33,33.1,145.9,69.6,High,Cloudy,0,20,Cancelled,3
F1572,2025-02-17,Cooperative Collection Centre,Greenfield,Krishna,Maize,Pioneer-3396,6.47,13,Tractor,3,4,8,11:00-12:00,Monday,2,30,32,13.2,81.6,33.6,Medium,Cloudy,0,25,Completed,0
F1573,2025-03-06,Mandal Procurement Centre,Lakshmi Nagar,Krishna,Cotton,Bt Cotton,5.23,11,Auto,2,5,5,15:00-16:00,Thursday,3,7,7,14.0,41.4,24.4,Low,Rainy,0,25,Cancelled,0
F1574,2025-11-08,Cooperative Collection Centre,Kisanpur,Krishna,Cotton,NCS-145,5.27,11,Tractor,2,3,8,10:00-11:00,Saturday,11,46,43,15.5,94.6,39.1,High,Clear,0,25,Completed,2
F1575,2024-01-19,Rural Market Yard,Greenfield,Krishna,Maize,Pioneer-3396,9.91,20,Tractor,3,4,10,15:00-16:00,Friday,1,33,31,17.5,89.6,39.9,Medium,Cloudy,0,25,Cancelled,0
F1576,2024-04-03,Mandal Procurement Centre,Kisanpur,Krishna,Maize,Pioneer-3396,9.69,20,Mini Truck,2,4,5,12:00-13:00,Wednesday,4,16,21,22.3,89.5,44.7,Medium,Clear,0,20,Completed,1
F1577,2025-11-02,Cooperative Collection Centre,Greenfield,Krishna,Maize,Pioneer-3396,8.96,18,Tractor,2,4,10,12:00-13:00,Sunday,11,30,30,16.4,95.6,40.3,High,Rainy,0,20,Completed,0
F1578,2024-10-10,Cooperative Collection Centre,Rythu Colony,Krishna,Paddy,BPT-5204,13.99,28,Mini Truck,2,5,8,14:00-15:00,Thursday,10,30,28,24.0,95.8,48.0,High,Clear,0,25,Completed,1
F1579,2025-06-02,Cooperative Collection Centre,Rythu Colony,Krishna,Maize,Pioneer-3396,9.65,20,Mini Truck,2,5,4,09:00-10:00,Monday,6,42,40,19.4,122.5,50.0,High,Clear,0,20,Completed,2
F1580,2024-10-20,Cooperative Collection Centre,Kisanpur,Krishna,Cotton,NCS-145,12.01,25,Tractor,1,5,8,09:00-10:00,Sunday,10,55,49,22.7,147.9,59.7,High,Cloudy,0,20,Cancelled,2
F1581,2025-02-06,Rural Market Yard,Lakshmi Nagar,Krishna,Maize,Pioneer-3396,2.73,6,Auto,3,4,6,08:00-09:00,Thursday,2,38,37,12.4,104.8,38.6,High,Clear,0,20,Completed,2
F1582,2024-01-14,Cooperative Collection Centre,Rythu Colony,Krishna,Cotton,NCS-145,15.32,31,Mini Truck,3,3,6,09:00-10:00,Sunday,1,59,58,28.6,197.8,78.1,High,Clear,0,20,Cancelled,3
F1583,2025-06-27,Rural Market Yard,Lakshmi Nagar,Krishna,Maize,Pioneer-3396,7.35,15,Tractor,3,4,11,12:00-13:00,Friday,6,14,14,15.3,47.0,27.1,Medium,Cloudy,0,20,Cancelled,0
F1584,2025-02-07,Rural Market Yard,Kisanpur,Krishna,Maize,DHM-117,8.74,18,Tractor,2,5,11,10:00-11:00,Friday,2,23,23,16.5,71.1,34.3,Medium,Rainy,0,25,Completed,0
F1585,2025-03-30,Mandal Procurement Centre,Kisanpur,Krishna,Maize,Pioneer-3396,2.52,6,Auto,2,4,6,09:00-10:00,Sunday,3,40,47,9.5,116.0,38.5,High,Clear,0,20,Completed,2
F1586,2024-09-17,Mandal Procurement Centre,Kisanpur,Krishna,Maize,DHM-117,11.21,23,Tractor,1,5,4,08:00-09:00,Tuesday,9,33,28,19.2,102.1,44.7,High,Cloudy,0,20,Completed,1
F1587,2025-06-28,Cooperative Collection Centre,Kisanpur,Krishna,Cotton,Bt Cotton,14.3,29,Mini Truck,2,2,10,09:00-10:00,Saturday,6,40,33,26.5,129.1,58.8,High,Clear,0,20,Cancelled,3
F1588,2024-04-04,Rural Market Yard,Greenfield,Krishna,Paddy,BPT-5204,11.1,23,Mini Truck,1,2,8,12:00-13:00,Thursday,4,23,21,21.4,94.6,45.0,High,Clear,1,20,Completed,1
F1589,2024-07-09,Rural Market Yard,Greenfield,Krishna,Paddy,BPT-5204,5.18,11,Tractor,2,4,12,10:00-11:00,Tuesday,7,39,41,12.2,100.7,37.4,High,Clear,0,25,Completed,2
F1590,2025-03-16,Mandal Procurement Centre,Greenfield,Krishna,Cotton,NCS-145,6.66,14,Tractor,1,5,7,16:00-17:00,Sunday,3,37,41,16.7,113.4,45.0,High,Clear,0,20,Completed,2
F1591,2025-04-24,Mandal Procurement Centre,Kisanpur,Krishna,Maize,Pioneer-3396,5.65,12,Mini Truck,1,4,7,10:00-11:00,Thursday,4,38,40,15.9,93.8,39.4,High,Cloudy,0,25,Cancelled,2
F1592,2024-05-17,Cooperative Collection Centre,Lakshmi Nagar,Krishna,Paddy,BPT-5204,8.74,18,Tractor,1,2,4,11:00-12:00,Friday,5,15,15,18.7,81.5,39.1,Medium,Cloudy,0,25,Completed,0
F1593,2025-08-02,Rural Market Yard,Lakshmi Nagar,Krishna,Paddy,Sona Masuri,8.65,18,Tractor,2,2,10,10:00-11:00,Saturday,8,43,41,21.4,124.0,52.4,High,Clear,0,25,Completed,2
F1594,2024-05-07,Rural Market Yard,Greenfield,Krishna,Maize,DHM-117,7.42,15,Mini Truck,1,4,4,14:00-15:00,Tuesday,5,14,13,15.7,59.8,30.6,Medium,Clear,0,25,Completed,0
F1595,2025-07-02,Mandal Procurement Centre,Greenfield,Krishna,Maize,Pioneer-3396,18.03,37,Tractor,2,5,9,11:00-12:00,Wednesday,7,12,10,34.6,82.3,55.2,Medium,Rainy,0,25,Completed,1
F1596,2024-01-28,Cooperative Collection Centre,Kisanpur,Krishna,Cotton,NCS-145,15.62,32,Tractor,3,4,10,12:00-13:00,Sunday,1,41,49,26.2,176.2,70.2,High,Clear,0,20,Cancelled,3
F1597,2025-07-30,Cooperative Collection Centre,Greenfield,Krishna,Paddy,Sona Masuri,15.55,32,Mini Truck,1,2,4,15:00-16:00,Wednesday,7,23,21,26.0,110.4,53.6,High,Clear,0,25,Completed,1
F1598,2025-11-02,Rural Market Yard,Lakshmi Nagar,Krishna,Cotton,Bt Cotton,8.95,18,Mini Truck,2,2,5,11:00-12:00,Sunday,11,35,35,19.7,96.4,43.8,High,Clear,0,25,Completed,2
F1599,2024-04-24,Rural Market Yard,Kisanpur,Krishna,Paddy,Sona Masuri,5.59,12,Mini Truck,3,3,11,16:00-17:00,Wednesday,4,12,13,17.2,71.2,35.0,Medium,Cloudy,0,20,Completed,0
F1600,2024-12-13,Rural Market Yard,Greenfield,Krishna,Maize,Pioneer-3396,8.9,18,Auto,1,3,11,11:00-12:00,Friday,12,34,33,19.5,96.7,43.7,High,Clear,0,25,Cancelled,2
F1601,2025-08-24,Cooperative Collection Centre,Kisanpur,Krishna,Maize,Pioneer-3396,6.68,14,Auto,3,4,10,16:00-17:00,Sunday,8,13,21,16.2,78.4,35.8,Medium,Rainy,0,20,Completed,0
F1602,2025-03-04,Rural Market Yard,Greenfield,Krishna,Cotton,NCS-145,12.82,26,Tractor,3,4,9,14:00-15:00,Tuesday,3,17,12,26.2,81.9,46.7,Medium,Rainy,0,25,Completed,1
F1603,2025-05-22,Mandal Procurement Centre,Lakshmi Nagar,Krishna,Maize,DHM-117,13.5,27,Mini Truck,3,2,10,09:00-10:00,Thursday,5,36,33,20.5,139.6,55.4,High,Clear,0,20,Completed,2
F1604,2024-10-12,Rural Market Yard,Greenfield,Krishna,Maize,DHM-117,4.37,9,Tractor,2,5,11,09:00-10:00,Saturday,10,44,39,14.5,104.4,40.6,High,Rainy,0,20,Completed,2
F1605,2024-10-21,Mandal Procurement Centre,Rythu Colony,Krishna,Cotton,NCS-145,7.05,15,Tractor,3,4,4,12:00-13:00,Monday,10,24,26,16.6,111.0,44.4,High,Rainy,1,20,Completed,0
F1606,2024-04-16,Mandal Procurement Centre,Kisanpur,Krishna,Maize,DHM-117,12.4,25,Tractor,1,4,10,09:00-10:00,Tuesday,4,36,36,23.3,107.0,50.0,High,Clear,0,20,Cancelled,1
F1607,2024-08-21,Cooperative Collection Centre,Greenfield,Krishna,Paddy,BPT-5204,17.16,35,Mini Truck,3,2,4,09:00-10:00,Wednesday,8,30,32,25.9,141.6,61.3,High,Rainy,0,20,Completed,3
F1608,2025-06-30,Mandal Procurement Centre,Kisanpur,Krishna,Maize,DHM-117,3.95,8,Mini Truck,1,4,10,10:00-11:00,Monday,6,32,29,11.3,71.2,29.1,Medium,Clear,0,25,Completed,0
F1609,2025-12-04,Mandal Procurement Centre,Rythu Colony,Krishna,Cotton,NCS-145,12.44,25,Tractor,1,3,12,10:00-11:00,Thursday,12,46,49,23.6,118.0,53.1,High,Cloudy,0,25,Completed,2
F1610,2024-08-10,Rural Market Yard,Kisanpur,Krishna,Paddy,BPT-5204,7.26,15,Tractor,1,2,6,14:00-15:00,Saturday,8,30,35,13.7,84.9,34.9,High,Cloudy,0,25,Completed,0
F1611,2025-05-07,Cooperative Collection Centre,Rythu Colony,Krishna,Maize,Pioneer-3396,5.96,12,Auto,1,2,5,12:00-13:00,Wednesday,5,21,28,15.3,104.3,41.4,High,Cloudy,0,20,Completed,0
F1612,2025-09-17,Rural Market Yard,Rythu Colony,Krishna,Maize,Pioneer-3396,9.42,19,Mini Truck,3,3,9,15:00-16:00,Wednesday,9,23,24,21.2,92.1,44.2,High,Clear,0,25,Cancelled,1
F1613,2025-07-01,Mandal Procurement Centre,Greenfield,Krishna,Cotton,Bt Cotton,9.55,20,Mini Truck,2,5,4,09:00-10:00,Tuesday,7,34,35,20.3,127.7,52.2,High,Clear,0,20,Cancelled,2
F1614,2025-06-15,Mandal Procurement Centre,Lakshmi Nagar,Krishna,Cotton,NCS-145,15.62,32,Tractor,2,5,10,09:00-10:00,Sunday,6,40,45,28.3,156.4,67.4,High,Clear,1,20,Completed,3
F1615,2025-12-13,Mandal Procurement Centre,Rythu Colony,Krishna,Paddy,BPT-5204,23.08,47,Tractor,2,4,7,15:00-16:00,Saturday,12,42,39,39.2,151.6,77.1,High,Clear,0,25,Cancelled,3
F1616,2025-04-05,Rural Market Yard,Lakshmi Nagar,Krishna,Paddy,BPT-5204,5.09,11,Tractor,3,3,9,10:00-11:00,Saturday,4,30,33,15.5,80.8,35.7,Medium,Rainy,0,25,Completed,0
F1617,2025-03-19,Rural Market Yard,Rythu Colony,Krishna,Paddy,Sona Masuri,2.75,6,Auto,3,2,4,09:00-10:00,Wednesday,3,27,29,12.9,112.7,41.1,High,Clear,0,20,Completed,0
F1618,2024-05-20,Rural Market Yard,Kisanpur,Krishna,Paddy,BPT-5204,23.54,48,Tractor,1,3,7,15:00-16:00,Monday,5,7,4,35.4,83.0,56.1,Medium,Rainy,0,25,Completed,1
F1619,2025-04-30,Cooperative Collection Centre,Lakshmi Nagar,Krishna,Paddy,BPT-5204,7.44,15,Tractor,2,4,9,12:00-13:00,Wednesday,4,26,23,13.2,83.0,34.0,Medium,Clear,0,20,Completed,0
F1620,2025-03-13,Rural Market Yard,Greenfield,Krishna,Cotton,Bt Cotton,18.19,37,Mini Truck,1,5,8,11:00-12:00,Thursday,3,21,16,28.7,97.8,53.1,High,Clear,0,25,Completed,1
F1621,2024-12-17,Mandal Procurement Centre,Greenfield,Krishna,Maize,DHM-117,8.3,17,Tractor,2,4,4,14:00-15:00,Tuesday,12,39,44,14.9,101.4,40.2,High,Cloudy,0,25,Cancelled,2
F1622,2024-04-13,Mandal Procurement Centre,Lakshmi Nagar,Krishna,Maize,Pioneer-3396,4.14,9,Tractor,3,3,12,11:00-12:00,Saturday,4,21,14,14.1,60.0,29.1,Medium,Rainy,0,25,Completed,0
F1623,2025-06-20,Mandal Procurement Centre,Kisanpur,Krishna,Paddy,Sona Masuri,7.57,16,Mini Truck,2,4,9,10:00-11:00,Friday,6,38,37,18.9,86.0,40.4,High,Clear,0,25,Completed,2
F1624,2024-12-04,Cooperative Collection Centre,Greenfield,Krishna,Paddy,BPT-5204,9.49,19,Tractor,1,4,8,10:00-11:00,Wednesday,12,42,31,22.9,71.2,40.7,Medium,Clear,0,25,Completed,1
F1625,2024-08-25,Mandal Procurement Centre,Lakshmi Nagar,Krishna,Paddy,BPT-5204,2.59,6,Auto,1,4,6,15:00-16:00,Sunday,8,29,22,8.5,46.7,20.2,Medium,Cloudy,0,25,Cancelled,0
F1626,2024-03-23,Cooperative Collection Centre,Greenfield,Krishna,Maize,Pioneer-3396,10.37,21,Mini Truck,1,2,10,11:00-12:00,Saturday,3,28,23,18.2,95.0,42.0,High,Cloudy,1,25,Completed,1
F1627,2024-12-05,Cooperative Collection Centre,Greenfield,Krishna,Cotton,Bt Cotton,16.12,33,Tractor,2,4,10,09:00-10:00,Thursday,12,49,50,25.4,155.5,64.3,High,Clear,0,20,Completed,3
F1628,2025-07-21,Mandal Procurement Centre,Rythu Colony,Krishna,Cotton,NCS-145,9.27,19,Mini Truck,1,3,4,12:00-13:00,Monday,7,13,18,16.8,88.0,38.8,Medium,Clear,0,20,Completed,0
F1629,2024-04-28,Rural Market Yard,Rythu Colony,Krishna,Cotton,NCS-145,17.52,36,Auto,3,3,11,16:00-17:00,Sunday,4,25,27,29.2,128.2,61.2,High,Clear,0,20,Completed,3
F1630,2025-07-13,Mandal Procurement Centre,Greenfield,Krishna,Paddy,BPT-5204,12.03,25,Tractor,3,4,4,09:00-10:00,Sunday,7,42,39,27.3,157.9,66.8,High,Clear,0,20,Completed,3
F1631,2025-04-01,Rural Market Yard,Rythu Colony,Krishna,Paddy,BPT-5204,5.03,11,Mini Truck,3,2,5,15:00-16:00,Tuesday,4,24,28,13.7,100.2,38.8,High,Clear,0,25,Completed,0
F1632,2024-06-09,Cooperative Collection Centre,Lakshmi Nagar,Krishna,Cotton,Bt Cotton,21.44,43,Auto,3,4,10,09:00-10:00,Sunday,6,42,40,35.5,181.0,80.8,High,Cloudy,0,20,Completed,3
F1633,2024-02-03,Mandal Procurement Centre,Lakshmi Nagar,Krishna,Cotton,NCS-145,2.0,4,Auto,3,5,9,09:00-10:00,Saturday,2,26,29,9.2,73.8,27.6,High,Rainy,0,20,Completed,0
F1634,2025-08-09,Rural Market Yard,Greenfield,Krishna,Cotton,Bt Cotton,10.48,21,Mini Truck,3,3,11,08:00-09:00,Saturday,8,49,47,17.4,139.7,52.3,High,Clear,0,20,Completed,2
F1635,2025-09-08,Cooperative Collection Centre,Rythu Colony,Krishna,Maize,DHM-117,17.32,35,Mini Truck,3,3,5,16:00-17:00,Monday,9,19,18,29.1,113.5,57.5,High,Cloudy,0,20,Completed,1
F1636,2024-04-14,Rural Market Yard,Lakshmi Nagar,Krishna,Paddy,Sona Masuri,15.48,31,Mini Truck,1,5,9,08:00-09:00,Sunday,4,42,40,27.4,131.8,60.4,High,Cloudy,0,20,Completed,3
F1637,2025-08-28,Mandal Procurement Centre,Rythu Colony,Krishna,Cotton,NCS-145,11.83,24,Tractor,2,4,10,10:00-11:00,Thursday,8,32,31,20.6,93.8,44.0,High,Cloudy,0,25,Completed,1
F1638,2024-02-16,Mandal Procurement Centre,Lakshmi Nagar,Krishna,Cotton,NCS-145,2.87,6,Mini Truck,3,4,9,11:00-12:00,Friday,2,24,27,10.6,62.4,26.2,Medium,Clear,0,25,Completed,0
F1639,2025-07-11,Rural Market Yard,Rythu Colony,Krishna,Maize,DHM-117,18.99,38,Tractor,3,4,5,09:00-10:00,Friday,7,36,36,29.3,165.8,70.8,High,Cloudy,0,20,Completed,3
F1640,2024-04-04,Mandal Procurement Centre,Greenfield,Krishna,Paddy,Sona Masuri,9.16,19,Mini Truck,1,3,11,10:00-11:00,Thursday,4,39,34,19.5,91.9,42.5,High,Clear,0,25,Completed,2
F1641,2024-06-03,Mandal Procurement Centre,Kisanpur,Krishna,Paddy,Sona Masuri,13.07,27,Tractor,2,4,7,14:00-15:00,Monday,6,18,14,25.4,74.5,44.0,Medium,Cloudy,0,25,Completed,1
F1642,2024-10-09,Cooperative Collection Centre,Greenfield,Krishna,Cotton,NCS-145,10.03,21,Tractor,2,4,8,12:00-13:00,Wednesday,10,45,40,19.1,123.8,50.0,High,Clear,0,20,Completed,2
F1643,2025-03-17,Cooperative Collection Centre,Greenfield,Krishna,Maize,Pioneer-3396,22.35,45,Mini Truck,2,2,9,14:00-15:00,Monday,3,28,22,35.1,125.6,66.5,High,Clear,0,25,Cancelled,3
F1644,2025-02-08,Mandal Procurement Centre,Greenfield,Krishna,Paddy,BPT-5204,7.85,16,Auto,1,4,8,11:00-12:00,Saturday,2,13,8,13.0,42.4,23.6,Low,Rainy,0,25,Completed,0
F1645,2025-05-02,Mandal Procurement Centre,Lakshmi Nagar,Krishna,Paddy,Sona Masuri,9.74,20,Mini Truck,1,2,4,11:00-12:00,Friday,5,12,15,19.4,84.5,40.5,Medium,Clear,0,25,Completed,1
F1646,2025-11-09,Cooperative Collection Centre,Rythu Colony,Krishna,Maize,Pioneer-3396,3.28,7,Tractor,3,4,8,09:00-10:00,Sunday,11,52,55,14.8,134.1,48.3,High,Cloudy,0,20,Cancelled,2
F1647,2025-12-31,Cooperative Collection Centre,Lakshmi Nagar,Krishna,Maize,DHM-117,10.94,22,Tractor,3,4,7,12:00-13:00,Wednesday,12,34,30,20.8,108.9,48.0,High,Clear,0,20,Completed,1
F1648,2025-03-22,Rural Market Yard,Lakshmi Nagar,Krishna,Paddy,BPT-5204,5.43,11,Mini Truck,2,5,9,16:00-17:00,Saturday,3,27,26,14.9,63.1,30.7,Medium,Clear,0,20,Completed,0
F1649,2024-11-14,Cooperative Collection Centre,Kisanpur,Krishna,Paddy,Sona Masuri,11.98,24,Mini Truck,3,5,11,09:00-10:00,Thursday,11,47,43,22.5,137.5,56.9,High,Clear,0,20,Completed,2
F1650,2024-03-16,Rural Market Yard,Lakshmi Nagar,Krishna,Maize,Pioneer-3396,6.58,14,Tractor,3,2,12,08:00-09:00,Saturday,3,43,43,17.5,121.0,47.8,High,Cloudy,0,20,Completed,2
F1651,2025-12-21,Mandal Procurement Centre,Kisanpur,Krishna,Paddy,BPT-5204,6.22,13,Tractor,1,3,8,16:00-17:00,Sunday,12,40,37,17.2,92.0,40.2,High,Clear,0,20,Completed,2
F1652,2024-02-20,Rural Market Yard,Kisanpur,Krishna,Paddy,Sona Masuri,9.08,19,Tractor,3,3,9,10:00-11:00,Tuesday,2,31,29,17.7,111.2,45.5,High,Cloudy,0,25,Completed,2
F1653,2025-04-07,Mandal Procurement Centre,Lakshmi Nagar,Krishna,Paddy,Sona Masuri,8.14,17,Auto,1,4,8,08:00-09:00,Monday,4,36,33,16.4,81.3,36.7,High,Clear,0,20,Completed,0
F1654,2025-12-24,Rural Market Yard,Rythu Colony,Krishna,Cotton,Bt Cotton,13.48,27,Mini Truck,1,2,12,15:00-16:00,Wednesday,12,33,33,28.1,113.7,56.5,High,Clear,0,25,Completed,1
F1655,2025-01-30,Mandal Procurement Centre,Kisanpur,Krishna,Cotton,NCS-145,8.5,17,Tractor,3,2,9,11:00-12:00,Thursday,1,31,32,15.1,112.8,43.3,High,Cloudy,0,25,Completed,2
F1656,2024-07-29,Cooperative Collection Centre,Rythu Colony,Krishna,Paddy,BPT-5204,7.35,15,Tractor,3,3,12,10:00-11:00,Monday,7,30,33,16.4,84.4,37.5,Medium,Clear,1,25,Completed,0
F1657,2025-11-24,Cooperative Collection Centre,Kisanpur,Krishna,Cotton,Bt Cotton,7.87,16,Auto,3,5,10,12:00-13:00,Monday,11,20,19,18.9,80.4,39.0,Medium,Rainy,0,20,Completed,0
F1658,2025-12-27,Mandal Procurement Centre,Greenfield,Krishna,Paddy,BPT-5204,4.57,10,Auto,1,5,11,15:00-16:00,Saturday,12,39,34,11.5,70.8,29.2,High,Clear,0,25,Completed,0
F1659,2024-10-16,Rural Market Yard,Kisanpur,Krishna,Maize,DHM-117,9.95,20,Tractor,1,5,8,10:00-11:00,Wednesday,10,42,36,18.3,82.6,39.0,High,Clear,0,25,Completed,2
F1660,2024-04-28,Mandal Procurement Centre,Greenfield,Krishna,Maize,DHM-117,18.62,38,Tractor,3,4,5,14:00-15:00,Sunday,4,29,27,33.8,118.0,63.3,High,Clear,0,25,Completed,3
F1661,2024-11-23,Mandal Procurement Centre,Rythu Colony,Krishna,Maize,DHM-117,6.06,13,Tractor,1,4,6,09:00-10:00,Saturday,11,53,57,14.5,164.6,55.6,High,Clear,0,20,Completed,2
F1662,2024-08-22,Mandal Procurement Centre,Kisanpur,Krishna,Paddy,BPT-5204,11.89,24,Auto,3,3,11,14:00-15:00,Thursday,8,8,4,18.6,62.5,34.2,Medium,Rainy,0,25,Completed,0
F1663,2024-01-06,Mandal Procurement Centre,Greenfield,Krishna,Cotton,NCS-145,20.14,41,Tractor,2,5,7,14:00-15:00,Saturday,1,36,31,31.6,122.4,62.2,High,Clear,0,25,Cancelled,3
F1664,2024-01-04,Rural Market Yard,Lakshmi Nagar,Krishna,Paddy,Sona Masuri,10.39,21,Auto,3,2,9,11:00-12:00,Thursday,1,20,22,19.7,100.1,44.7,High,Clear,0,25,Completed,1
F1665,2025-09-04,Rural Market Yard,Rythu Colony,Krishna,Paddy,BPT-5204,5.46,11,Mini Truck,2,5,4,08:00-09:00,Thursday,9,27,20,14.2,81.6,34.6,Medium,Rainy,0,20,Completed,0
F1666,2025-11-11,Cooperative Collection Centre,Lakshmi Nagar,Krishna,Paddy,BPT-5204,15.85,32,Tractor,1,4,10,10:00-11:00,Tuesday,11,44,41,26.1,125.9,57.6,High,Clear,0,25,Completed,3
F1667,2025-04-25,Cooperative Collection Centre,Rythu Colony,Krishna,Paddy,Sona Masuri,10.5,21,Tractor,1,5,7,12:00-13:00,Friday,4,19,8,20.6,40.2,30.7,Low,Clear,0,20,Completed,0
F1668,2024-07-30,Rural Market Yard,Greenfield,Krishna,Paddy,BPT-5204,15.64,32,Auto,2,3,4,08:00-09:00,Tuesday,7,33,31,26.0,145.8,62.5,High,Clear,0,20,Completed,3
F1669,2025-05-19,Rural Market Yard,Greenfield,Krishna,Paddy,BPT-5204,12.72,26,Auto,1,3,7,08:00-09:00,Monday,5,34,34,24.2,122.7,54.9,High,Cloudy,0,20,Cancelled,1
F1670,2025-11-15,Cooperative Collection Centre,Greenfield,Krishna,Cotton,Bt Cotton,9.31,19,Tractor,3,2,6,11:00-12:00,Saturday,11,43,46,21.1,151.1,58.9,High,Clear,0,25,Completed,2
F1671,2024-12-10,Mandal Procurement Centre,Lakshmi Nagar,Krishna,Maize,Pioneer-3396,3.85,8,Mini Truck,3,5,12,15:00-16:00,Tuesday,12,38,38,13.0,84.9,34.2,High,Cloudy,0,25,Completed,0
F1672,2025-03-20,Rural Market Yard,Kisanpur,Krishna,Maize,DHM-117,9.6,20,Tractor,2,2,5,09:00-10:00,Thursday,3,38,44,18.0,141.7,53.4,High,Clear,0,20,Completed,2
F1673,2024-01-01,Mandal Procurement Centre,Greenfield,Krishna,Paddy,Sona Masuri,5.11,11,Tractor,3,2,5,14:00-15:00,Monday,1,28,31,11.4,101.2,36.7,High,Rainy,1,25,Completed,0
F1674,2025-11-29,Rural Market Yard,Greenfield,Krishna,Maize,Pioneer-3396,13.3,27,Auto,3,2,9,10:00-11:00,Saturday,11,41,39,24.2,133.2,57.5,High,Clear,0,25,Completed,3
F1675,2025-04-24,Rural Market Yard,Greenfield,Krishna,Maize,Pioneer-3396,8.78,18,Tractor,3,4,4,14:00-15:00,Thursday,4,7,3,17.4,57.5,31.8,Medium,Rainy,0,25,Cancelled,0
F1676,2025-03-01,Mandal Procurement Centre,Kisanpur,Krishna,Maize,DHM-117,10.37,21,Tractor,2,5,12,15:00-16:00,Saturday,3,23,16,21.6,70.9,39.3,Medium,Clear,0,25,Completed,1
F1677,2025-12-11,Mandal Procurement Centre,Greenfield,Krishna,Cotton,NCS-145,16.98,34,Mini Truck,3,2,6,12:00-13:00,Thursday,12,43,40,29.5,171.9,72.5,High,Cloudy,0,20,Cancelled,3
F1678,2025-03-28,Rural Market Yard,Greenfield,Krishna,Cotton,NCS-145,13.25,27,Mini Truck,1,2,9,09:00-10:00,Friday,3,33,35,24.0,139.8,59.0,High,Cloudy,0,20,Completed,3
F1679,2025-05-12,Mandal Procurement Centre,Greenfield,Krishna,Paddy,Sona Masuri,6.14,13,Tractor,3,4,5,10:00-11:00,Monday,5,28,37,15.5,101.4,40.9,High,Clear,0,25,Completed,2
F1680,2024-05-20,Mandal Procurement Centre,Kisanpur,Krishna,Maize,DHM-117,2.68,6,Auto,1,3,11,14:00-15:00,Monday,5,15,15,11.2,42.3,21.8,Low,Clear,0,25,Completed,0
F1681,2025-03-13,Cooperative Collection Centre,Greenfield,Krishna,Cotton,Bt Cotton,11.37,23,Tractor,2,5,9,11:00-12:00,Thursday,3,21,29,21.3,98.5,45.9,High,Rainy,0,25,Completed,1
F1682,2024-04-29,Cooperative Collection Centre,Greenfield,Krishna,Maize,Pioneer-3396,11.42,23,Mini Truck,1,3,7,10:00-11:00,Monday,4,40,38,22.9,98.2,47.5,High,Cloudy,0,25,Completed,1
F1683,2024-02-02,Rural Market Yard,Lakshmi Nagar,Krishna,Maize,DHM-117,14.26,29,Auto,1,5,12,09:00-10:00,Friday,2,36,36,26.6,102.8,52.3,High,Clear,0,20,Completed,1
F1684,2024-05-09,Cooperative Collection Centre,Greenfield,Krishna,Paddy,Sona Masuri,11.98,24,Tractor,2,4,12,15:00-16:00,Thursday,5,21,15,19.4,64.8,35.6,Medium,Cloudy,0,25,Completed,1
F1685,2024-12-31,Cooperative Collection Centre,Greenfield,Krishna,Maize,Pioneer-3396,10.98,22,Tractor,1,4,8,12:00-13:00,Tuesday,12,35,37,20.6,107.7,47.5,High,Clear,0,20,Cancelled,2
F1686,2025-04-26,Cooperative Collection Centre,Lakshmi Nagar,Krishna,Paddy,BPT-5204,7.99,16,Tractor,2,3,9,10:00-11:00,Saturday,4,39,33,17.2,91.8,40.1,High,Cloudy,0,25,Completed,0
F1687,2025-01-18,Rural Market Yard,Lakshmi Nagar,Krishna,Maize,DHM-117,5.97,12,Mini Truck,3,3,9,15:00-16:00,Saturday,1,31,33,14.8,87.5,36.7,Medium,Cloudy,0,25,Cancelled,0
F1688,2025-01-10,Cooperative Collection Centre,Rythu Colony,Krishna,Cotton,NCS-145,5.72,12,Tractor,1,4,9,12:00-13:00,Friday,1,17,18,15.0,62.7,30.7,Medium,Rainy,0,20,Completed,0
F1689,2024-06-19,Rural Market Yard,Greenfield,Krishna,Cotton,NCS-145,6.74,14,Auto,3,5,8,16:00-17:00,Wednesday,6,14,16,14.0,49.4,26.4,Medium,Rainy,0,20,Completed,0
F1690,2024-11-15,Mandal Procurement Centre,Greenfield,Krishna,Paddy,BPT-5204,19.24,39,Auto,1,3,4,10:00-11:00,Friday,11,31,28,31.7,118.0,61.2,High,Rainy,0,25,Completed,3
F1691,2024-03-31,Cooperative Collection Centre,Lakshmi Nagar,Krishna,Cotton,Bt Cotton,14.73,30,Tractor,3,5,7,10:00-11:00,Sunday,3,33,34,31.2,111.3,59.0,High,Clear,0,25,Cancelled,3
F1692,2025-10-09,Mandal Procurement Centre,Lakshmi Nagar,Krishna,Paddy,BPT-5204,5.63,12,Mini Truck,1,5,12,11:00-12:00,Thursday,10,28,29,18.4,78.9,38.1,Medium,Rainy,1,25,Completed,0
F1693,2025-07-31,Mandal Procurement Centre,Lakshmi Nagar,Krishna,Cotton,Bt Cotton,3.46,7,Tractor,3,4,11,09:00-10:00,Thursday,7,35,35,13.1,101.2,38.4,High,Clear,0,20,Completed,0
F1694,2025-08-30,Rural Market Yard,Greenfield,Krishna,Cotton,Bt Cotton,10.17,21,Tractor,1,4,11,09:00-10:00,Saturday,8,33,28,22.5,90.2,45.0,High,Clear,0,20,Completed,1
F1695,2025-02-27,Cooperative Collection Centre,Kisanpur,Krishna,Maize,DHM-117,2.93,6,Mini Truck,3,2,7,10:00-11:00,Thursday,2,47,43,12.8,119.5,42.7,High,Clear,0,25,Cancelled,2
F1696,2025-10-17,Mandal Procurement Centre,Lakshmi Nagar,Krishna,Cotton,NCS-145,2.17,5,Mini Truck,3,2,7,10:00-11:00,Friday,10,53,52,9.3,121.3,39.6,High,Clear,0,25,Completed,2
F1697,2025-02-14,Rural Market Yard,Lakshmi Nagar,Krishna,Maize,DHM-117,12.56,26,Tractor,3,2,10,12:00-13:00,Friday,2,25,26,19.4,113.6,47.8,High,Clear,0,20,Completed,1
F1698,2024-12-05,Mandal Procurement Centre,Lakshmi Nagar,Krishna,Maize,DHM-117,3.62,8,Mini Truck,2,5,6,14:00-15:00,Thursday,12,35,38,15.3,72.4,33.4,High,Clear,0,25,Cancelled,0
F1699,2024-02-04,Rural Market Yard,Greenfield,Krishna,Cotton,NCS-145,13.64,28,Auto,1,2,5,10:00-11:00,Sunday,2,27,27,23.9,109.3,51.2,High,Rainy,0,25,Cancelled,1
F1700,2024-03-22,Cooperative Collection Centre,Greenfield,Krishna,Cotton,Bt Cotton,11.85,24,Tractor,3,4,6,08:00-09:00,Friday,3,37,38,19.0,126.8,50.7,High,Clear,0,20,Completed,2
F1701,2024-04-08,Mandal Procurement Centre,Rythu Colony,Krishna,Paddy,BPT-5204,16.33,33,Tractor,1,3,9,14:00-15:00,Monday,4,20,13,28.6,82.4,49.2,Medium,Clear,0,25,Completed,1
F1702,2024-05-14,Mandal Procurement Centre,Rythu Colony,Krishna,Paddy,Sona Masuri,11.73,24,Auto,3,5,12,14:00-15:00,Tuesday,5,8,9,19.3,51.9,32.3,Medium,Rainy,0,25,Completed,0
F1703,2025-03-18,Mandal Procurement Centre,Greenfield,Krishna,Maize,Pioneer-3396,19.38,39,Mini Truck,2,2,7,11:00-12:00,Tuesday,3,23,15,31.5,97.8,56.0,High,Cloudy,0,25,Cancelled,1
F1704,2025-09-30,Cooperative Collection Centre,Greenfield,Krishna,Paddy,BPT-5204,4.63,10,Auto,1,5,7,11:00-12:00,Tuesday,9,13,9,15.1,31.1,22.9,Low,Clear,1,25,Completed,0
F1705,2025-03-17,Rural Market Yard,Greenfield,Krishna,Paddy,BPT-5204,2.94,6,Tractor,3,3,12,16:00-17:00,Monday,3,13,14,10.8,61.0,26.1,Medium,Cloudy,0,20,Cancelled,0
F1706,2024-09-30,Cooperative Collection Centre,Rythu Colony,Krishna,Maize,Pioneer-3396,10.85,22,Tractor,2,5,10,11:00-12:00,Monday,9,19,27,20.3,76.8,39.5,Medium,Cloudy,0,25,Cancelled,1
F1707,2024-06-09,Rural Market Yard,Greenfield,Krishna,Maize,Pioneer-3396,12.98,26,Tractor,3,3,6,14:00-15:00,Sunday,6,29,28,24.4,106.4,51.0,High,Clear,0,25,Completed,1
F1708,2024-11-30,Mandal Procurement Centre,Kisanpur,Krishna,Cotton,NCS-145,7.93,16,Mini Truck,3,4,5,11:00-12:00,Saturday,11,40,37,16.1,115.3,44.9,High,Clear,0,25,Completed,2
F1709,2025-04-17,Cooperative Collection Centre,Kisanpur,Krishna,Paddy,BPT-5204,6.6,14,Mini Truck,2,2,12,10:00-11:00,Thursday,4,39,35,17.6,89.9,40.1,High,Clear,0,25,Completed,0
F1710,2025-07-07,Mandal Procurement Centre,Kisanpur,Krishna,Paddy,BPT-5204,2.51,6,Mini Truck,3,3,10,08:00-09:00,Monday,7,31,35,8.1,95.2,31.9,High,Clear,0,20,Completed,0
F1711,2024-12-21,Rural Market Yard,Rythu Colony,Krishna,Maize,Pioneer-3396,7.14,15,Tractor,1,5,10,08:00-09:00,Saturday,12,52,51,17.5,120.9,47.7,High,Clear,0,20,Completed,2
F1712,2025-02-01,Rural Market Yard,Greenfield,Krishna,Maize,DHM-117,19.66,40,Tractor,2,5,6,16:00-17:00,Saturday,2,24,14,31.3,99.5,56.2,High,Cloudy,0,20,Completed,1
F1713,2025-07-24,Cooperative Collection Centre,Lakshmi Nagar,Krishna,Maize,DHM-117,9.56,20,Tractor,1,2,10,11:00-12:00,Thursday,7,12,13,17.6,62.2,33.2,Medium,Clear,0,25,Completed,0
F1714,2025-08-02,Cooperative Collection Centre,Greenfield,Krishna,Paddy,Sona Masuri,16.04,33,Mini Truck,3,4,5,11:00-12:00,Saturday,8,27,30,29.7,129.4,62.0,High,Cloudy,0,25,Cancelled,3
F1715,2024-07-10,Mandal Procurement Centre,Greenfield,Krishna,Paddy,BPT-5204,4.35,9,Mini Truck,2,2,9,12:00-13:00,Wednesday,7,22,21,12.5,91.5,35.4,High,Clear,0,20,Completed,0
F1716,2025-03-14,Mandal Procurement Centre,Greenfield,Krishna,Cotton,NCS-145,8.55,18,Tractor,2,5,4,10:00-11:00,Friday,3,27,29,19.3,90.2,41.9,High,Clear,0,25,Completed,0
F1717,2024-10-24,Mandal Procurement Centre,Greenfield,Krishna,Maize,Pioneer-3396,5.82,12,Mini Truck,1,2,5,15:00-16:00,Thursday,10,41,48,17.1,114.8,45.8,High,Clear,0,25,Cancelled,2
F1718,2024-03-21,Cooperative Collection Centre,Kisanpur,Krishna,Paddy,Sona Masuri,13.04,27,Mini Truck,1,2,10,11:00-12:00,Thursday,3,20,18,24.0,89.0,46.2,Medium,Cloudy,1,25,Cancelled,1
F1719,2024-04-27,Mandal Procurement Centre,Rythu Colony,Krishna,Cotton,NCS-145,12.98,26,Tractor,1,2,5,14:00-15:00,Saturday,4,15,13,20.8,82.3,41.4,Medium,Rainy,0,25,Cancelled,1
F1720,2025-02-09,Mandal Procurement Centre,Greenfield,Krishna,Paddy,Sona Masuri,12.07,25,Mini Truck,3,3,7,14:00-15:00,Sunday,2,18,20,24.8,106.8,51.5,High,Rainy,0,25,Completed,1
F1721,2025-01-11,Cooperative Collection Centre,Greenfield,Krishna,Maize,DHM-117,9.46,19,Mini Truck,3,3,6,10:00-11:00,Saturday,1,51,54,20.2,145.9,56.7,High,Cloudy,0,25,Completed,2
F1722,2024-04-14,Rural Market Yard,Lakshmi Nagar,Krishna,Maize,DHM-117,19.7,40,Auto,1,3,11,16:00-17:00,Sunday,4,22,20,28.2,104.6,54.3,High,Clear,0,20,Completed,1
F1723,2025-06-18,Mandal Procurement Centre,Rythu Colony,Krishna,Paddy,BPT-5204,6.28,13,Mini Truck,3,5,12,14:00-15:00,Wednesday,6,30,22,13.1,76.8,32.3,Medium,Cloudy,0,25,Completed,0
F1724,2024-02-03,Rural Market Yard,Kisanpur,Krishna,Maize,DHM-117,12.04,25,Auto,3,4,9,09:00-10:00,Saturday,2,36,44,19.7,133.1,53.0,High,Cloudy,0,20,Completed,2
F1725,2025-03-19,Rural Market Yard,Rythu Colony,Krishna,Cotton,NCS-145,13.68,28,Auto,2,3,11,09:00-10:00,Wednesday,3,26,29,23.0,120.8,53.2,High,Rainy,0,20,Cancelled,1
F1726,2025-02-10,Mandal Procurement Centre,Rythu Colony,Krishna,Maize,Pioneer-3396,7.06,15,Mini Truck,2,2,11,09:00-10:00,Monday,2,33,27,18.5,100.8,43.7,High,Clear,0,20,Completed,0
F1727,2024-11-29,Cooperative Collection Centre,Lakshmi Nagar,Krishna,Maize,Pioneer-3396,19.9,40,Tractor,1,2,11,10:00-11:00,Friday,11,46,36,29.7,142.3,65.3,High,Cloudy,0,25,Cancelled,3
F1728,2024-02-24,Cooperative Collection Centre,Kisanpur,Krishna,Cotton,NCS-145,6.06,13,Auto,2,3,11,16:00-17:00,Saturday,2,27,31,14.0,88.1,36.0,High,Cloudy,0,20,Completed,0
F1729,2025-09-30,Mandal Procurement Centre,Rythu Colony,Krishna,Paddy,BPT-5204,8.84,18,Tractor,2,5,8,10:00-11:00,Tuesday,9,22,25,20.5,77.3,39.8,Medium,Rainy,0,25,Cancelled,0
F1730,2024-07-24,Rural Market Yard,Greenfield,Krishna,Paddy,Sona Masuri,12.41,25,Tractor,3,2,11,12:00-13:00,Wednesday,7,27,32,28.1,138.5,62.7,High,Clear,0,20,Completed,3
F1731,2025-01-06,Mandal Procurement Centre,Rythu Colony,Krishna,Paddy,BPT-5204,8.27,17,Mini Truck,3,2,9,14:00-15:00,Monday,1,36,34,16.8,117.1,46.1,High,Cloudy,0,25,Cancelled,2
F1732,2025-02-21,Cooperative Collection Centre,Kisanpur,Krishna,Paddy,Sona Masuri,7.89,16,Mini Truck,2,4,7,14:00-15:00,Friday,2,18,23,17.1,79.9,37.1,Medium,Rainy,0,25,Cancelled,0
F1733,2025-01-12,Cooperative Collection Centre,Greenfield,Krishna,Paddy,Sona Masuri,13.71,28,Auto,2,5,11,11:00-12:00,Sunday,1,36,34,26.6,115.8,55.5,High,Clear,0,25,Cancelled,1
F1734,2025-03-19,Cooperative Collection Centre,Lakshmi Nagar,Krishna,Paddy,BPT-5204,4.94,10,Mini Truck,1,4,11,12:00-13:00,Wednesday,3,22,23,14.7,56.3,28.8,Medium,Clear,0,20,Completed,0
F1735,2024-04-19,Cooperative Collection Centre,Kisanpur,Krishna,Cotton,Bt Cotton,2.2,5,Tractor,1,5,12,10:00-11:00,Friday,4,32,38,12.9,77.9,32.4,High,Clear,0,25,Completed,0
F1736,2025-09-03,Cooperative Collection Centre,Rythu Colony,Krishna,Paddy,BPT-5204,5.55,12,Mini Truck,1,2,6,16:00-17:00,Wednesday,9,24,23,12.1,71.9,30.1,Medium,Cloudy,0,20,Completed,0
F1737,2024-02-14,Rural Market Yard,Lakshmi Nagar,Krishna,Maize,Pioneer-3396,9.69,20,Mini Truck,1,4,10,11:00-12:00,Wednesday,2,26,23,21.6,67.1,38.4,Medium,Clear,0,25,Completed,1
F1738,2024-03-29,Rural Market Yard,Lakshmi Nagar,Krishna,Paddy,Sona Masuri,8.06,17,Tractor,1,4,10,10:00-11:00,Friday,3,31,28,20.2,80.5,40.3,Medium,Rainy,0,25,Completed,0
F1739,2024-08-16,Mandal Procurement Centre,Lakshmi Nagar,Krishna,Maize,Pioneer-3396,4.89,10,Mini Truck,2,3,7,12:00-13:00,Friday,8,25,21,10.3,77.2,29.6,Medium,Clear,0,20,Cancelled,0
F1740,2024-10-11,Rural Market Yard,Lakshmi Nagar,Krishna,Paddy,BPT-5204,5.1,11,Tractor,1,2,6,14:00-15:00,Friday,10,38,42,15.8,111.5,43.7,High,Clear,0,25,Completed,2
F1741,2025-07-11,Rural Market Yard,Greenfield,Krishna,Paddy,Sona Masuri,4.74,10,Mini Truck,2,2,8,09:00-10:00,Friday,7,37,39,14.3,113.3,42.6,High,Clear,0,20,Cancelled,2
F1742,2024-02-07,Cooperative Collection Centre,Kisanpur,Krishna,Paddy,BPT-5204,12.52,26,Tractor,3,2,8,11:00-12:00,Wednesday,2,16,20,23.1,95.9,47.1,High,Clear,0,25,Completed,1
F1743,2025-09-28,Cooperative Collection Centre,Lakshmi Nagar,Krishna,Paddy,BPT-5204,18.82,38,Mini Truck,1,4,8,10:00-11:00,Sunday,9,31,32,30.7,105.3,57.0,High,Rainy,0,25,Completed,3
F1744,2025-03-21,Rural Market Yard,Lakshmi Nagar,Krishna,Paddy,BPT-5204,11.49,23,Mini Truck,3,2,12,14:00-15:00,Friday,3,22,24,16.9,92.3,40.0,High,Rainy,0,25,Cancelled,1
F1745,2025-04-22,Mandal Procurement Centre,Kisanpur,Krishna,Maize,Pioneer-3396,7.7,16,Tractor,1,3,5,14:00-15:00,Tuesday,4,15,17,18.1,73.3,36.4,Medium,Clear,0,25,Completed,0
F1746,2025-12-16,Cooperative Collection Centre,Greenfield,Krishna,Cotton,Bt Cotton,3.66,8,Tractor,1,3,12,11:00-12:00,Tuesday,12,32,34,14.9,70.0,32.4,High,Clear,0,25,Completed,0
F1747,2024-10-07,Cooperative Collection Centre,Rythu Colony,Krishna,Cotton,Bt Cotton,5.09,11,Mini Truck,3,3,7,16:00-17:00,Monday,10,44,41,16.4,123.3,47.2,High,Cloudy,0,20,Completed,2
F1748,2025-05-24,Rural Market Yard,Rythu Colony,Krishna,Paddy,BPT-5204,10.7,22,Mini Truck,2,5,7,11:00-12:00,Saturday,5,19,21,21.6,83.3,42.4,Medium,Rainy,0,25,Cancelled,1
F1749,2025-02-26,Rural Market Yard,Lakshmi Nagar,Krishna,Cotton,Bt Cotton,8.05,17,Auto,2,3,8,10:00-11:00,Wednesday,2,29,24,21.3,76.8,40.5,Medium,Clear,0,25,Cancelled,0
F1750,2025-02-17,Mandal Procurement Centre,Rythu Colony,Krishna,Maize,DHM-117,8.97,18,Auto,2,5,10,14:00-15:00,Monday,2,25,23,20.1,69.2,37.4,Medium,Clear,0,25,Completed,0
F1751,2025-02-17,Cooperative Collection Centre,Rythu Colony,Krishna,Cotton,NCS-145,11.6,24,Tractor,3,4,11,15:00-16:00,Monday,2,17,17,19.3,82.8,40.0,Medium,Clear,0,25,Cancelled,1
F1752,2025-04-22,Cooperative Collection Centre,Greenfield,Krishna,Cotton,Bt Cotton,9.58,20,Mini Truck,1,5,8,08:00-09:00,Tuesday,4,33,32,20.5,95.7,44.4,High,Rainy,0,20,Completed,1
F1753,2025-09-11,Mandal Procurement Centre,Greenfield,Krishna,Paddy,BPT-5204,10.33,21,Tractor,2,3,5,16:00-17:00,Thursday,9,31,29,20.5,113.5,48.9,High,Cloudy,0,20,Cancelled,1
F1754,2024-10-21,Mandal Procurement Centre,Greenfield,Krishna,Paddy,Sona Masuri,7.23,15,Tractor,2,2,6,14:00-15:00,Monday,10,32,29,16.0,87.9,38.0,Medium,Clear,0,25,Completed,0
F1755,2024-11-01,Mandal Procurement Centre,Kisanpur,Krishna,Cotton,NCS-145,14.61,30,Tractor,2,5,11,10:00-11:00,Friday,11,43,38,29.5,116.7,58.7,High,Clear,0,25,Completed,3
F1756,2025-04-11,Cooperative Collection Centre,Greenfield,Krishna,Cotton,Bt Cotton,5.2,11,Mini Truck,3,5,6,09:00-10:00,Friday,4,23,18,13.2,74.3,31.8,Medium,Rainy,0,20,Completed,0
F1757,2024-04-24,Mandal Procurement Centre,Greenfield,Krishna,Cotton,NCS-145,10.29,21,Tractor,2,5,6,10:00-11:00,Wednesday,4,29,23,22.4,100.2,47.5,High,Clear,0,25,Completed,1
F1758,2025-07-02,Cooperative Collection Centre,Greenfield,Krishna,Maize,DHM-117,9.78,20,Tractor,1,2,8,12:00-13:00,Wednesday,7,16,17,23.8,75.2,42.6,Medium,Clear,0,20,Completed,1
F1759,2024-06-11,Mandal Procurement Centre,Lakshmi Nagar,Krishna,Cotton,NCS-145,7.25,15,Tractor,3,5,10,08:00-09:00,Tuesday,6,39,31,17.6,90.0,40.1,High,Clear,0,20,Completed,0
F1760,2024-09-14,Mandal Procurement Centre,Rythu Colony,Krishna,Cotton,Bt Cotton,16.85,34,Tractor,2,4,5,08:00-09:00,Saturday,9,31,28,32.7,130.9,65.4,High,Clear,0,20,Cancelled,3
F1761,2025-10-24,Mandal Procurement Centre,Kisanpur,Krishna,Maize,DHM-117,12.48,25,Tractor,2,2,11,15:00-16:00,Friday,10,30,30,23.1,107.0,49.9,High,Clear,0,25,Cancelled,1
F1762,2024-09-03,Mandal Procurement Centre,Lakshmi Nagar,Krishna,Cotton,NCS-145,5.32,11,Tractor,1,5,9,14:00-15:00,Tuesday,9,12,16,13.7,32.7,21.9,Low,Rainy,0,25,Completed,0
F1763,2024-10-17,Mandal Procurement Centre,Lakshmi Nagar,Krishna,Maize,DHM-117,5.67,12,Tractor,2,4,6,16:00-17:00,Thursday,10,36,38,11.3,105.0,37.5,High,Clear,0,20,Completed,2
F1764,2025-10-10,Mandal Procurement Centre,Kisanpur,Krishna,Cotton,Bt Cotton,8.99,18,Tractor,3,5,11,08:00-09:00,Friday,10,40,43,20.5,128.0,52.5,High,Cloudy,0,20,Completed,2
F1765,2024-04-23,Mandal Procurement Centre,Greenfield,Krishna,Maize,Pioneer-3396,7.97,16,Mini Truck,2,5,10,08:00-09:00,Tuesday,4,35,24,20.7,88.7,42.9,Medium,Clear,0,20,Completed,0
F1766,2024-11-26,Cooperative Collection Centre,Rythu Colony,Krishna,Cotton,Bt Cotton,14.49,29,Mini Truck,3,2,10,08:00-09:00,Tuesday,11,46,52,25.4,186.7,72.1,High,Rainy,1,20,Completed,3
F1767,2025-04-16,Cooperative Collection Centre,Lakshmi Nagar,Krishna,Paddy,Sona Masuri,5.62,12,Tractor,1,3,6,15:00-16:00,Wednesday,4,21,22,11.7,66.7,28.4,Medium,Clear,0,25,Completed,0
F1768,2024-01-06,Cooperative Collection Centre,Greenfield,Krishna,Maize,DHM-117,12.26,25,Tractor,2,5,9,09:00-10:00,Saturday,1,49,50,21.8,141.7,57.2,High,Cloudy,0,20,Completed,2
F1769,2025-12-01,Cooperative Collection Centre,Rythu Colony,Krishna,Maize,Pioneer-3396,15.1,31,Auto,2,2,6,09:00-10:00,Monday,12,48,47,26.2,163.5,67.1,High,Clear,0,20,Completed,3
F1770,2025-07-31,Cooperative Collection Centre,Greenfield,Krishna,Cotton,NCS-145,12.91,26,Mini Truck,3,4,11,10:00-11:00,Thursday,7,30,32,23.5,100.0,48.5,High,Clear,0,25,Completed,1
F1771,2025-12-22,Rural Market Yard,Lakshmi Nagar,Krishna,Cotton,NCS-145,9.84,20,Tractor,2,5,12,16:00-17:00,Monday,12,34,33,17.0,95.6,40.9,High,Cloudy,0,20,Completed,2
F1772,2024-04-10,Rural Market Yard,Greenfield,Krishna,Maize,Pioneer-3396,8.52,18,Auto,1,4,5,08:00-09:00,Wednesday,4,37,32,19.0,97.7,43.4,High,Cloudy,0,20,Cancelled,2
F1773,2025-03-20,Mandal Procurement Centre,Greenfield,Krishna,Maize,DHM-117,25.27,51,Mini Truck,1,3,12,16:00-17:00,Thursday,3,23,10,40.5,113.4,68.8,High,Clear,0,20,Completed,3
F1774,2025-08-27,Rural Market Yard,Greenfield,Krishna,Maize,Pioneer-3396,7.04,15,Tractor,1,3,5,14:00-15:00,Wednesday,8,28,26,15.4,78.9,35.1,Medium,Clear,0,25,Cancelled,0
F1775,2024-03-19,Cooperative Collection Centre,Greenfield,Krishna,Cotton,NCS-145,13.14,27,Auto,2,3,8,15:00-16:00,Tuesday,3,13,15,25.3,94.7,49.0,High,Rainy,0,25,Completed,1
F1776,2025-09-08,Rural Market Yard,Greenfield,Krishna,Paddy,BPT-5204,11.16,23,Mini Truck,2,3,8,08:00-09:00,Monday,9,18,15,19.9,82.4,40.5,Medium,Rainy,0,20,Completed,1
F1777,2024-05-03,Cooperative Collection Centre,Rythu Colony,Krishna,Cotton,NCS-145,7.3,15,Tractor,3,3,6,09:00-10:00,Friday,5,32,26,16.2,119.2,46.0,High,Clear,0,20,Completed,2
F1778,2024-08-06,Cooperative Collection Centre,Lakshmi Nagar,Krishna,Paddy,Sona Masuri,4.25,9,Mini Truck,1,2,4,11:00-12:00,Tuesday,8,15,15,12.1,58.7,26.8,Medium,Clear,0,25,Completed,0
F1779,2025-01-07,Cooperative Collection Centre,Rythu Colony,Krishna,Maize,Pioneer-3396,5.23,11,Tractor,3,5,6,15:00-16:00,Tuesday,1,34,46,13.8,97.2,38.1,High,Cloudy,0,25,Completed,2
F1780,2024-12-24,Mandal Procurement Centre,Greenfield,Krishna,Cotton,Bt Cotton,9.05,19,Tractor,1,3,6,15:00-16:00,Tuesday,12,27,24,18.2,72.6,36.3,Medium,Clear,0,25,Completed,0
F1781,2025-07-30,Mandal Procurement Centre,Rythu Colony,Krishna,Maize,Pioneer-3396,6.31,13,Mini Truck,1,4,7,09:00-10:00,Wednesday,7,37,24,18.0,73.5,36.4,Medium,Clear,0,20,Completed,0
F1782,2025-05-12,Rural Market Yard,Lakshmi Nagar,Krishna,Maize,DHM-117,4.93,10,Tractor,1,3,10,12:00-13:00,Monday,5,27,25,11.1,78.3,30.7,Medium,Clear,0,20,Completed,0
F1783,2024-01-18,Cooperative Collection Centre,Rythu Colony,Krishna,Cotton,Bt Cotton,19.69,40,Mini Truck,1,5,10,09:00-10:00,Thursday,1,40,47,31.0,168.5,73.1,High,Cloudy,0,20,Completed,3
F1784,2025-10-13,Rural Market Yard,Rythu Colony,Krishna,Paddy,BPT-5204,10.41,21,Mini Truck,2,3,8,08:00-09:00,Monday,10,40,36,19.9,119.9,49.9,High,Clear,0,20,Cancelled,2
F1785,2025-10-09,Rural Market Yard,Rythu Colony,Krishna,Paddy,Sona Masuri,2.4,5,Tractor,1,3,5,09:00-10:00,Thursday,10,50,48,11.0,113.4,39.4,High,Clear,0,20,Completed,2
F1786,2025-02-10,Cooperative Collection Centre,Lakshmi Nagar,Krishna,Maize,DHM-117,15.71,32,Mini Truck,3,2,10,10:00-11:00,Monday,2,33,32,29.2,131.1,62.0,High,Clear,0,25,Completed,3
F1787,2024-03-18,Cooperative Collection Centre,Kisanpur,Krishna,Maize,Pioneer-3396,6.46,13,Tractor,3,3,10,09:00-10:00,Monday,3,39,36,19.1,125.7,50.5,High,Clear,0,20,Completed,2
F1788,2024-07-06,Cooperative Collection Centre,Rythu Colony,Krishna,Maize,Pioneer-3396,11.54,24,Tractor,1,3,12,08:00-09:00,Saturday,7,25,29,18.7,90.5,41.3,High,Rainy,0,20,Completed,1
F1789,2024-05-18,Cooperative Collection Centre,Lakshmi Nagar,Krishna,Cotton,NCS-145,10.75,22,Tractor,1,3,10,09:00-10:00,Saturday,5,43,48,21.8,139.7,56.7,High,Clear,0,20,Completed,2
F1790,2024-01-25,Mandal Procurement Centre,Greenfield,Krishna,Maize,Pioneer-3396,7.4,15,Mini Truck,3,5,5,11:00-12:00,Thursday,1,28,27,17.3,99.2,42.1,High,Clear,0,25,Completed,0
F1791,2024-10-31,Rural Market Yard,Kisanpur,Krishna,Cotton,Bt Cotton,8.98,18,Tractor,3,3,12,09:00-10:00,Thursday,10,39,42,16.8,143.5,52.7,High,Clear,0,20,Completed,2
F1792,2024-09-25,Mandal Procurement Centre,Kisanpur,Krishna,Paddy,BPT-5204,8.2,17,Mini Truck,3,3,5,08:00-09:00,Wednesday,9,36,32,21.6,114.6,50.2,High,Clear,0,20,Cancelled,2
F1793,2025-05-07,Cooperative Collection Centre,Kisanpur,Krishna,Paddy,BPT-5204,5.28,11,Mini Truck,1,3,5,15:00-16:00,Wednesday,5,18,20,13.9,52.5,27.0,Medium,Clear,0,25,Cancelled,0
F1794,2024-05-27,Rural Market Yard,Kisanpur,Krishna,Cotton,Bt Cotton,6.24,13,Mini Truck,2,3,9,16:00-17:00,Monday,5,20,11,13.8,60.2,28.9,Medium,Cloudy,1,20,Cancelled,0
F1795,2025-02-15,Mandal Procurement Centre,Kisanpur,Krishna,Cotton,NCS-145,3.84,8,Mini Truck,2,2,4,11:00-12:00,Saturday,2,24,24,13.1,78.2,32.6,Medium,Cloudy,0,25,Completed,0
F1796,2025-04-08,Mandal Procurement Centre,Rythu Colony,Krishna,Cotton,Bt Cotton,11.1,23,Tractor,2,4,5,10:00-11:00,Tuesday,4,35,33,23.4,107.3,50.2,High,Cloudy,0,25,Cancelled,1
F1797,2024-11-26,Rural Market Yard,Greenfield,Krishna,Cotton,Bt Cotton,18.23,37,Auto,1,5,10,15:00-16:00,Tuesday,11,21,21,32.9,82.6,53.5,Medium,Rainy,0,25,Completed,1
F1798,2025-12-23,Rural Market Yard,Greenfield,Krishna,Cotton,Bt Cotton,15.21,31,Mini Truck,3,2,5,11:00-12:00,Tuesday,12,36,34,26.0,143.4,61.9,High,Cloudy,0,25,Completed,3
F1799,2025-03-24,Rural Market Yard,Kisanpur,Krishna,Cotton,Bt Cotton,2.45,5,Tractor,3,2,8,08:00-09:00,Monday,3,38,35,9.2,100.7,34.4,High,Clear,0,20,Completed,0
F1800,2025-07-04,Cooperative Collection Centre,Lakshmi Nagar,Krishna,Paddy,Sona Masuri,9.94,20,Tractor,1,4,5,10:00-11:00,Friday,7,28,32,20.6,84.1,41.6,Medium,Cloudy,0,25,Completed,1
F1801,2025-06-05,Mandal Procurement Centre,Lakshmi Nagar,Krishna,Paddy,Sona Masuri,8.68,18,Mini Truck,1,3,9,11:00-12:00,Thursday,6,12,14,18.7,81.3,39.0,Medium,Rainy,0,25,Completed,0
F1802,2024-10-31,Mandal Procurement Centre,Greenfield,Krishna,Cotton,NCS-145,11.32,23,Mini Truck,3,3,4,12:00-13:00,Thursday,10,27,30,20.6,132.1,53.6,High,Rainy,0,20,Completed,1
F1803,2024-01-09,Cooperative Collection Centre,Lakshmi Nagar,Krishna,Cotton,Bt Cotton,10.65,22,Mini Truck,2,3,10,09:00-10:00,Tuesday,1,47,43,22.4,134.7,56.1,High,Clear,0,20,Completed,2
F1804,2024-01-08,Rural Market Yard,Rythu Colony,Krishna,Cotton,NCS-145,10.86,22,Mini Truck,3,5,9,12:00-13:00,Monday,1,30,32,22.6,108.6,49.8,High,Clear,0,20,Completed,1
F1805,2024-09-05,Cooperative Collection Centre,Rythu Colony,Krishna,Maize,Pioneer-3396,11.74,24,Mini Truck,2,3,10,09:00-10:00,Thursday,9,32,37,22.3,120.6,52.5,High,Cloudy,0,20,Cancelled,2
F1806,2025-10-08,Mandal Procurement Centre,Lakshmi Nagar,Krishna,Cotton,NCS-145,12.63,26,Tractor,1,2,11,16:00-17:00,Wednesday,10,36,38,22.7,128.3,54.8,High,Clear,0,20,Cancelled,2
F1807,2024-12-09,Mandal Procurement Centre,Kisanpur,Krishna,Cotton,NCS-145,13.33,27,Auto,3,2,9,09:00-10:00,Monday,12,44,49,23.3,176.7,67.5,High,Clear,0,20,Completed,3
F1808,2024-07-15,Mandal Procurement Centre,Kisanpur,Krishna,Cotton,NCS-145,9.77,20,Tractor,3,3,4,12:00-13:00,Monday,7,34,32,19.7,118.1,49.2,High,Clear,0,20,Completed,2
F1809,2024-08-21,Cooperative Collection Centre,Lakshmi Nagar,Krishna,Maize,Pioneer-3396,15.51,32,Mini Truck,2,4,11,09:00-10:00,Wednesday,8,41,57,24.9,184.1,70.9,High,Cloudy,0,20,Completed,3
F1810,2025-02-01,Cooperative Collection Centre,Rythu Colony,Krishna,Cotton,Bt Cotton,6.25,13,Tractor,3,3,9,08:00-09:00,Saturday,2,34,31,16.7,112.8,44.9,High,Clear,0,20,Cancelled,2
F1811,2025-12-15,Cooperative Collection Centre,Greenfield,Krishna,Paddy,BPT-5204,10.2,21,Tractor,2,5,12,08:00-09:00,Monday,12,49,47,17.6,140.7,52.8,High,Clear,0,20,Completed,2
F1812,2025-12-24,Mandal Procurement Centre,Kisanpur,Krishna,Paddy,Sona Masuri,10.8,22,Mini Truck,1,3,12,14:00-15:00,Wednesday,12,33,27,17.3,87.4,39.2,Medium,Cloudy,0,25,Cancelled,0
F1813,2025-12-19,Rural Market Yard,Rythu Colony,Krishna,Maize,DHM-117,3.76,8,Tractor,3,4,8,10:00-11:00,Friday,12,48,43,13.6,99.0,38.4,High,Cloudy,0,25,Completed,2
F1814,2024-12-12,Mandal Procurement Centre,Rythu Colony,Krishna,Maize,DHM-117,7.11,15,Mini Truck,1,3,6,15:00-16:00,Thursday,12,29,26,16.7,74.8,35.4,Medium,Cloudy,0,25,Completed,0
F1815,2024-11-16,Rural Market Yard,Lakshmi Nagar,Krishna,Cotton,Bt Cotton,8.57,18,Tractor,3,3,5,15:00-16:00,Saturday,11,38,37,16.6,121.6,47.0,High,Clear,0,25,Cancelled,2
F1816,2024-12-26,Mandal Procurement Centre,Lakshmi Nagar,Krishna,Paddy,BPT-5204,13.1,27,Mini Truck,1,4,12,08:00-09:00,Thursday,12,49,56,27.4,156.5,66.5,High,Cloudy,0,20,Cancelled,3
F1817,2024-07-01,Cooperative Collection Centre,Rythu Colony,Krishna,Cotton,NCS-145,11.44,23,Auto,1,4,8,15:00-16:00,Monday,7,16,18,20.4,74.2,39.0,Medium,Clear,0,25,Completed,1
F1818,2025-05-03,Mandal Procurement Centre,Greenfield,Krishna,Maize,DHM-117,2.6,6,Tractor,3,4,7,08:00-09:00,Saturday,5,36,43,9.8,107.8,36.8,High,Cloudy,1,20,Completed,2
F1819,2025-10-25,Cooperative Collection Centre,Lakshmi Nagar,Krishna,Paddy,Sona Masuri,9.44,19,Tractor,3,3,6,14:00-15:00,Saturday,10,29,26,20.8,108.6,48.0,High,Rainy,1,25,Completed,1
F1820,2025-03-15,Rural Market Yard,Greenfield,Krishna,Paddy,BPT-5204,3.63,8,Auto,2,4,5,08:00-09:00,Saturday,3,41,34,12.6,98.0,37.1,High,Cloudy,0,20,Completed,0
F1821,2025-01-04,Rural Market Yard,Kisanpur,Krishna,Cotton,NCS-145,6.52,14,Mini Truck,3,4,4,11:00-12:00,Saturday,1,44,40,13.0,106.3,39.6,High,Cloudy,1,25,Completed,2
F1822,2025-03-08,Mandal Procurement Centre,Greenfield,Krishna,Paddy,Sona Masuri,12.84,26,Tractor,1,3,8,08:00-09:00,Saturday,3,35,30,26.1,102.2,51.7,High,Clear,0,20,Completed,1
F1823,2024-11-14,Mandal Procurement Centre,Rythu Colony,Krishna,Cotton,Bt Cotton,3.06,7,Tractor,2,5,4,09:00-10:00,Thursday,11,43,40,9.0,107.2,35.8,High,Clear,0,20,Completed,2
F1824,2024-12-28,Rural Market Yard,Kisanpur,Krishna,Cotton,Bt Cotton,8.84,18,Tractor,3,2,4,15:00-16:00,Saturday,12,38,38,18.6,144.5,54.7,High,Clear,0,25,Completed,2
F1825,2024-12-28,Mandal Procurement Centre,Kisanpur,Krishna,Maize,DHM-117,6.8,14,Tractor,2,3,7,10:00-11:00,Saturday,12,47,48,18.8,118.9,48.5,High,Clear,0,25,Completed,2
F1826,2024-01-03,Mandal Procurement Centre,Kisanpur,Krishna,Paddy,Sona Masuri,8.26,17,Tractor,3,3,10,10:00-11:00,Wednesday,1,51,50,15.2,126.5,46.8,High,Clear,0,25,Completed,2
F1827,2025-11-23,Mandal Procurement Centre,Kisanpur,Krishna,Paddy,Sona Masuri,11.32,23,Mini Truck,1,5,8,16:00-17:00,Sunday,11,34,28,20.2,85.6,41.6,High,Clear,0,20,Completed,1
F1828,2024-01-09,Cooperative Collection Centre,Kisanpur,Krishna,Cotton,Bt Cotton,9.56,20,Auto,3,2,7,14:00-15:00,Tuesday,1,26,27,21.5,104.1,47.5,High,Clear,0,25,Completed,1
F1829,2025-08-22,Mandal Procurement Centre,Lakshmi Nagar,Krishna,Maize,DHM-117,3.75,8,Mini Truck,2,4,4,11:00-12:00,Friday,8,29,22,12.1,49.9,24.6,Medium,Clear,0,25,Completed,0
F1830,2025-08-19,Rural Market Yard,Kisanpur,Krishna,Cotton,Bt Cotton,6.87,14,Tractor,2,5,6,09:00-10:00,Tuesday,8,45,43,15.7,115.4,44.5,High,Cloudy,0,20,Completed,2
F1831,2025-08-14,Cooperative Collection Centre,Greenfield,Krishna,Paddy,BPT-5204,8.22,17,Tractor,2,4,8,16:00-17:00,Thursday,8,21,23,17.4,72.1,35.4,Medium,Cloudy,0,20,Completed,0
F1832,2025-02-11,Rural Market Yard,Greenfield,Krishna,Paddy,BPT-5204,10.16,21,Tractor,1,3,8,09:00-10:00,Tuesday,2,31,31,19.9,125.6,51.3,High,Clear,0,20,Completed,2
F1833,2025-08-05,Mandal Procurement Centre,Kisanpur,Krishna,Paddy,BPT-5204,5.61,12,Tractor,3,4,11,08:00-09:00,Tuesday,8,23,20,16.5,77.2,35.8,Medium,Rainy,0,20,Completed,0
F1834,2025-01-04,Cooperative Collection Centre,Kisanpur,Krishna,Paddy,BPT-5204,6.88,14,Auto,1,4,4,08:00-09:00,Saturday,1,60,60,17.1,154.9,55.8,High,Clear,0,20,Completed,2
F1835,2025-07-13,Cooperative Collection Centre,Lakshmi Nagar,Krishna,Maize,Pioneer-3396,7.29,15,Tractor,2,2,8,12:00-13:00,Sunday,7,20,25,18.0,102.5,43.6,High,Clear,0,20,Cancelled,0
F1836,2024-06-07,Mandal Procurement Centre,Lakshmi Nagar,Krishna,Paddy,Sona Masuri,14.27,29,Tractor,2,4,8,15:00-16:00,Friday,6,17,16,28.2,76.1,47.2,Medium,Cloudy,1,25,Completed,1
F1837,2024-02-04,Cooperative Collection Centre,Lakshmi Nagar,Krishna,Cotton,NCS-145,12.95,26,Auto,2,5,10,08:00-09:00,Sunday,2,39,34,24.1,116.2,53.2,High,Clear,0,20,Cancelled,1
F1838,2025-02-19,Mandal Procurement Centre,Greenfield,Krishna,Paddy,Sona Masuri,4.11,9,Auto,2,2,10,12:00-13:00,Wednesday,2,22,18,13.0,71.6,30.9,Medium,Clear,0,20,Cancelled,0
F1839,2024-01-30,Rural Market Yard,Greenfield,Krishna,Maize,DHM-117,9.92,20,Mini Truck,1,2,12,09:00-10:00,Tuesday,1,47,42,22.0,134.9,55.7,High,Clear,0,20,Cancelled,2
F1840,2024-08-16,Rural Market Yard,Rythu Colony,Krishna,Paddy,BPT-5204,13.76,28,Tractor,2,4,8,10:00-11:00,Friday,8,38,39,27.0,106.4,53.6,High,Cloudy,0,25,Completed,1
F1841,2025-03-05,Cooperative Collection Centre,Kisanpur,Krishna,Maize,DHM-117,14.17,29,Tractor,2,2,6,08:00-09:00,Wednesday,3,34,35,22.5,141.0,57.8,High,Cloudy,0,20,Completed,3
F1842,2025-09-22,Cooperative Collection Centre,Rythu Colony,Krishna,Cotton,NCS-145,7.63,16,Tractor,3,5,6,08:00-09:00,Monday,9,25,23,17.0,79.7,36.9,Medium,Rainy,0,20,Completed,0
F1843,2024-11-09,Cooperative Collection Centre,Lakshmi Nagar,Krishna,Paddy,BPT-5204,14.47,29,Tractor,3,2,9,16:00-17:00,Saturday,11,28,29,25.7,127.6,57.6,High,Rainy,0,20,Completed,1
F1844,2024-07-09,Mandal Procurement Centre,Lakshmi Nagar,Krishna,Cotton,NCS-145,4.17,9,Tractor,2,3,11,09:00-10:00,Tuesday,7,38,36,11.9,96.4,36.0,High,Clear,1,20,Completed,0
F1845,2025-02-16,Mandal Procurement Centre,Lakshmi Nagar,Krishna,Maize,Pioneer-3396,9.6,20,Tractor,1,2,5,10:00-11:00,Sunday,2,39,33,17.1,101.3,42.4,High,Cloudy,0,25,Completed,2
F1846,2025-06-10,Rural Market Yard,Lakshmi Nagar,Krishna,Maize,Pioneer-3396,3.04,7,Auto,3,5,5,12:00-13:00,Tuesday,6,23,19,12.5,67.3,29.3,Medium,Cloudy,0,20,Cancelled,0
F1847,2025-11-24,Cooperative Collection Centre,Lakshmi Nagar,Krishna,Cotton,NCS-145,6.95,14,Auto,2,5,12,12:00-13:00,Monday,11,26,25,16.0,69.4,33.4,Medium,Rainy,1,20,Completed,0
F1848,2024-08-05,Mandal Procurement Centre,Rythu Colony,Krishna,Cotton,NCS-145,14.53,30,Mini Truck,3,5,4,10:00-11:00,Monday,8,38,32,24.6,112.5,52.7,High,Clear,0,25,Completed,1
F1849,2024-11-11,Cooperative Collection Centre,Kisanpur,Krishna,Paddy,Sona Masuri,4.57,10,Tractor,3,3,7,09:00-10:00,Monday,11,42,45,12.4,122.8,43.1,High,Clear,0,20,Cancelled,2
F1850,2025-11-28,Mandal Procurement Centre,Rythu Colony,Krishna,Maize,DHM-117,5.11,11,Mini Truck,2,4,11,14:00-15:00,Friday,11,26,25,11.7,74.2,30.2,Medium,Clear,0,25,Completed,0
F1851,2024-06-06,Cooperative Collection Centre,Rythu Colony,Krishna,Cotton,NCS-145,11.26,23,Mini Truck,3,2,8,09:00-10:00,Thursday,6,36,31,22.4,123.2,53.2,High,Cloudy,0,20,Completed,1
F1852,2025-09-10,Cooperative Collection Centre,Rythu Colony,Krishna,Paddy,BPT-5204,22.32,45,Tractor,1,5,9,10:00-11:00,Wednesday,9,25,25,34.3,110.5,61.9,High,Rainy,0,25,Cancelled,3
F1853,2025-06-22,Rural Market Yard,Greenfield,Krishna,Paddy,BPT-5204,9.61,20,Mini Truck,3,2,6,08:00-09:00,Sunday,6,28,26,19.7,123.9,50.7,High,Rainy,0,20,Completed,1
F1854,2024-12-19,Rural Market Yard,Greenfield,Krishna,Cotton,Bt Cotton,14.19,29,Mini Truck,1,4,6,11:00-12:00,Thursday,12,31,29,24.0,106.0,50.5,High,Clear,0,25,Completed,1
F1855,2024-04-29,Mandal Procurement Centre,Kisanpur,Krishna,Maize,DHM-117,6.99,14,Mini Truck,3,4,5,09:00-10:00,Monday,4,33,37,14.9,124.8,46.1,High,Clear,0,20,Completed,2
F1856,2024-08-29,Rural Market Yard,Rythu Colony,Krishna,Maize,DHM-117,11.49,23,Tractor,2,5,9,14:00-15:00,Thursday,8,22,20,20.1,76.5,39.2,Medium,Rainy,0,25,Completed,1
F1857,2025-03-18,Mandal Procurement Centre,Kisanpur,Krishna,Maize,Pioneer-3396,9.81,20,Mini Truck,2,3,11,09:00-10:00,Tuesday,3,41,37,22.4,138.7,57.1,High,Clear,0,20,Cancelled,2
F1858,2024-03-19,Rural Market Yard,Lakshmi Nagar,Krishna,Paddy,BPT-5204,22.76,46,Tractor,1,2,5,11:00-12:00,Tuesday,3,10,8,35.3,105.4,61.6,High,Clear,0,25,Completed,1
F1859,2024-12-09,Cooperative Collection Centre,Greenfield,Krishna,Cotton,Bt Cotton,9.43,19,Auto,3,5,11,11:00-12:00,Monday,12,32,38,19.7,100.7,44.9,High,Cloudy,0,25,Completed,2
F1860,2024-04-18,Mandal Procurement Centre,Rythu Colony,Krishna,Cotton,Bt Cotton,5.09,11,Mini Truck,3,4,10,09:00-10:00,Thursday,4,34,33,14.1,106.0,40.6,High,Clear,0,20,Completed,2
F1861,2025-02-11,Cooperative Collection Centre,Greenfield,Krishna,Maize,DHM-117,11.56,24,Tractor,2,3,10,10:00-11:00,Tuesday,2,27,27,22.4,95.2,46.2,High,Rainy,0,25,Completed,1
F1862,2025-04-19,Rural Market Yard,Kisanpur,Krishna,Cotton,Bt Cotton,11.16,23,Tractor,2,2,8,16:00-17:00,Saturday,4,31,31,20.8,111.1,48.6,High,Clear,0,20,Completed,1
F1863,2025-10-16,Mandal Procurement Centre,Kisanpur,Krishna,Cotton,Bt Cotton,2.0,4,Tractor,1,3,5,08:00-09:00,Thursday,10,48,48,11.5,109.0,38.8,High,Clear,0,20,Cancelled,2
F1864,2024-05-29,Cooperative Collection Centre,Greenfield,Krishna,Cotton,Bt Cotton,13.91,28,Mini Truck,2,2,7,09:00-10:00,Wednesday,5,30,33,24.3,130.6,57.0,High,Cloudy,0,20,Cancelled,1
F1865,2024-08-13,Rural Market Yard,Kisanpur,Krishna,Maize,DHM-117,12.51,26,Tractor,1,2,12,09:00-10:00,Tuesday,8,31,23,19.5,88.2,41.5,Medium,Cloudy,0,20,Completed,1
F1866,2025-06-29,Rural Market Yard,Lakshmi Nagar,Krishna,Maize,Pioneer-3396,8.36,17,Mini Truck,3,5,10,09:00-10:00,Sunday,6,43,43,17.7,136.7,51.9,High,Cloudy,0,20,Completed,2
F1867,2024-10-06,Mandal Procurement Centre,Kisanpur,Krishna,Paddy,Sona Masuri,2.45,5,Tractor,2,2,7,15:00-16:00,Sunday,10,39,39,9.6,94.9,33.3,High,Clear,0,25,Completed,0
F1868,2025-03-11,Cooperative Collection Centre,Kisanpur,Krishna,Paddy,Sona Masuri,13.14,27,Mini Truck,1,5,9,09:00-10:00,Tuesday,3,39,34,22.6,122.7,53.3,High,Clear,1,20,Cancelled,1
F1869,2025-12-27,Cooperative Collection Centre,Greenfield,Krishna,Paddy,Sona Masuri,4.65,10,Tractor,3,5,11,09:00-10:00,Saturday,12,53,53,13.2,150.8,50.9,High,Clear,0,20,Completed,2
F1870,2024-07-02,Rural Market Yard,Rythu Colony,Krishna,Cotton,Bt Cotton,27.8,56,Mini Truck,2,4,7,08:00-09:00,Tuesday,7,31,32,38.7,173.4,82.1,High,Cloudy,0,20,Cancelled,3
F1871,2024-11-30,Cooperative Collection Centre,Greenfield,Krishna,Paddy,BPT-5204,9.13,19,Mini Truck,1,2,6,08:00-09:00,Saturday,11,52,48,19.8,137.9,54.3,High,Clear,0,20,Completed,2
F1872,2025-04-02,Cooperative Collection Centre,Rythu Colony,Krishna,Cotton,Bt Cotton,6.06,13,Mini Truck,2,5,11,08:00-09:00,Wednesday,4,34,42,15.6,106.5,42.2,High,Cloudy,0,20,Cancelled,2
F1873,2024-01-02,Mandal Procurement Centre,Lakshmi Nagar,Krishna,Paddy,BPT-5204,6.96,14,Auto,1,4,8,09:00-10:00,Tuesday,1,41,40,15.8,110.5,43.4,High,Rainy,1,20,Cancelled,2
F1874,2025-01-25,Cooperative Collection Centre,Greenfield,Krishna,Cotton,Bt Cotton,12.52,26,Tractor,3,5,12,09:00-10:00,Saturday,1,55,54,24.6,161.3,64.9,High,Cloudy,0,20,Completed,3
F1875,2024-02-17,Cooperative Collection Centre,Greenfield,Krishna,Maize,Pioneer-3396,9.23,19,Auto,2,4,10,12:00-13:00,Saturday,2,19,25,18.0,91.2,40.8,High,Rainy,0,20,Completed,0
F1876,2025-04-15,Rural Market Yard,Kisanpur,Krishna,Paddy,Sona Masuri,5.13,11,Mini Truck,2,3,8,11:00-12:00,Tuesday,4,11,7,12.8,46.7,24.5,Medium,Rainy,0,25,Completed,0
F1877,2025-12-11,Mandal Procurement Centre,Lakshmi Nagar,Krishna,Paddy,BPT-5204,7.82,16,Auto,2,2,5,08:00-09:00,Thursday,12,41,38,17.5,119.2,47.3,High,Rainy,0,20,Completed,2
F1878,2024-03-07,Rural Market Yard,Kisanpur,Krishna,Paddy,Sona Masuri,8.61,18,Tractor,2,3,7,12:00-13:00,Thursday,3,23,18,19.4,90.0,41.9,Medium,Clear,0,20,Completed,0
F1879,2024-03-17,Mandal Procurement Centre,Greenfield,Krishna,Paddy,BPT-5204,18.49,37,Mini Truck,2,3,9,12:00-13:00,Sunday,3,28,31,33.0,133.4,66.3,High,Rainy,0,20,Completed,3
F1880,2025-09-17,Mandal Procurement Centre,Kisanpur,Krishna,Maize,Pioneer-3396,3.7,8,Tractor,3,4,12,09:00-10:00,Wednesday,9,49,55,12.8,142.8,48.5,High,Cloudy,0,20,Completed,2
F1881,2024-01-17,Mandal Procurement Centre,Rythu Colony,Krishna,Paddy,Sona Masuri,9.47,19,Tractor,1,3,12,11:00-12:00,Wednesday,1,33,36,19.8,92.9,43.0,High,Clear,0,25,Completed,2
F1882,2025-06-11,Cooperative Collection Centre,Greenfield,Krishna,Cotton,Bt Cotton,5.85,12,Tractor,3,3,8,08:00-09:00,Wednesday,6,41,44,19.3,140.1,54.3,High,Cloudy,1,20,Completed,2
F1883,2025-07-11,Cooperative Collection Centre,Greenfield,Krishna,Paddy,BPT-5204,6.93,14,Tractor,2,4,10,10:00-11:00,Friday,7,38,37,16.5,87.3,38.3,High,Clear,0,25,Completed,2
F1884,2025-08-22,Cooperative Collection Centre,Kisanpur,Krishna,Maize,Pioneer-3396,5.12,11,Mini Truck,1,5,9,15:00-16:00,Friday,8,25,21,13.6,60.8,28.8,Medium,Clear,0,25,Completed,0
F1885,2024-05-27,Mandal Procurement Centre,Lakshmi Nagar,Krishna,Cotton,Bt Cotton,10.35,21,Mini Truck,3,3,11,08:00-09:00,Monday,5,30,40,19.3,144.1,55.3,High,Clear,0,20,Completed,2
F1886,2025-12-28,Mandal Procurement Centre,Rythu Colony,Krishna,Maize,Pioneer-3396,3.34,7,Tractor,1,3,7,12:00-13:00,Sunday,12,31,36,10.4,94.4,34.0,High,Rainy,1,20,Completed,0
F1887,2025-09-05,Cooperative Collection Centre,Greenfield,Krishna,Paddy,Sona Masuri,16.12,33,Auto,2,3,6,11:00-12:00,Friday,9,12,10,27.5,88.9,49.7,Medium,Cloudy,0,25,Completed,1
F1888,2024-08-27,Rural Market Yard,Kisanpur,Krishna,Paddy,BPT-5204,27.19,55,Tractor,3,4,7,09:00-10:00,Tuesday,8,31,30,42.9,180.2,87.9,High,Clear,0,20,Completed,3
F1889,2024-12-11,Rural Market Yard,Rythu Colony,Krishna,Cotton,Bt Cotton,8.72,18,Mini Truck,3,3,11,09:00-10:00,Wednesday,12,57,56,15.5,150.8,53.2,High,Clear,0,20,Cancelled,2
F1890,2024-08-07,Cooperative Collection Centre,Kisanpur,Krishna,Paddy,BPT-5204,18.98,38,Tractor,1,2,5,14:00-15:00,Wednesday,8,5,10,30.5,96.0,54.5,High,Rainy,0,25,Cancelled,1
F1891,2024-01-19,Mandal Procurement Centre,Lakshmi Nagar,Krishna,Cotton,Bt Cotton,4.53,10,Mini Truck,1,3,4,11:00-12:00,Friday,1,31,36,13.9,82.0,34.4,High,Cloudy,0,25,Completed,0
F1892,2025-10-11,Rural Market Yard,Rythu Colony,Krishna,Paddy,Sona Masuri,8.84,18,Mini Truck,3,5,12,11:00-12:00,Saturday,10,30,34,20.1,90.3,42.7,High,Clear,1,25,Completed,2
F1893,2025-06-16,Rural Market Yard,Lakshmi Nagar,Krishna,Paddy,Sona Masuri,19.56,40,Tractor,2,2,8,10:00-11:00,Monday,6,17,11,30.4,98.3,55.0,High,Rainy,0,25,Cancelled,1
F1894,2025-12-16,Mandal Procurement Centre,Rythu Colony,Krishna,Paddy,BPT-5204,19.59,40,Tractor,2,3,11,09:00-10:00,Tuesday,12,40,52,29.9,173.7,73.3,High,Clear,0,20,Completed,3
F1895,2024-03-17,Cooperative Collection Centre,Kisanpur,Krishna,Maize,Pioneer-3396,10.72,22,Mini Truck,3,4,11,15:00-16:00,Sunday,3,18,19,19.8,71.0,37.5,Medium,Rainy,0,25,Completed,1
F1896,2025-07-09,Mandal Procurement Centre,Rythu Colony,Krishna,Paddy,BPT-5204,12.98,26,Tractor,1,3,5,12:00-13:00,Wednesday,7,20,26,25.0,104.0,51.0,High,Cloudy,0,20,Completed,1
F1897,2025-07-02,Rural Market Yard,Rythu Colony,Krishna,Maize,DHM-117,14.2,29,Tractor,2,2,7,10:00-11:00,Wednesday,7,26,19,26.6,103.5,52.5,High,Rainy,0,25,Completed,1
F1898,2024-12-16,Mandal Procurement Centre,Rythu Colony,Krishna,Cotton,NCS-145,6.17,13,Tractor,2,4,5,08:00-09:00,Monday,12,51,49,11.1,120.4,41.2,High,Clear,0,20,Completed,2
F1899,2025-09-13,Mandal Procurement Centre,Kisanpur,Krishna,Maize,DHM-117,10.12,21,Tractor,3,2,5,10:00-11:00,Saturday,9,49,55,18.4,164.6,59.5,High,Clear,0,25,Completed,2
F1000,2025-07-09,Cooperative Collection Centre,Greenfield,Krishna,Paddy,BPT-5204,6.62,14,Auto,3,5,8,08:00-09:00,Wednesday,7,30,27,19.8,94.3,43.4,High,Cloudy,0,20,Completed,0
F1001,2024-01-01,Rural Market Yard,Greenfield,Krishna,Cotton,Bt Cotton,7.42,15,Tractor,3,3,4,11:00-12:00,Monday,1,34,33,13.4,115.7,42.3,High,Clear,0,25,Cancelled,2
F1002,2025-10-09,Rural Market Yard,Lakshmi Nagar,Krishna,Cotton,Bt Cotton,11.9,24,Mini Truck,1,5,9,11:00-12:00,Thursday,10,38,35,21.9,87.8,43.8,High,Cloudy,0,25,Cancelled,1
F1003,2024-11-30,Cooperative Collection Centre,Rythu Colony,Krishna,Cotton,Bt Cotton,11.95,24,Tractor,1,4,7,11:00-12:00,Saturday,11,31,35,22.3,92.4,45.4,High,Cloudy,0,25,Completed,1
F1004,2025-04-15,Cooperative Collection Centre,Greenfield,Krishna,Cotton,NCS-145,7.86,16,Tractor,3,2,6,16:00-17:00,Tuesday,4,20,19,18.1,83.5,39.0,Medium,Clear,0,20,Completed,0
F1005,2025-10-17,Rural Market Yard,Kisanpur,Krishna,Maize,Pioneer-3396,8.14,17,Tractor,2,2,5,10:00-11:00,Friday,10,53,52,16.8,138.9,51.5,High,Clear,0,25,Cancelled,2
F1006,2024-06-10,Cooperative Collection Centre,Lakshmi Nagar,Krishna,Maize,Pioneer-3396,8.63,18,Mini Truck,1,3,6,16:00-17:00,Monday,6,21,16,19.1,69.8,36.5,Medium,Clear,0,20,Cancelled,0
F1007,2025-12-31,Rural Market Yard,Rythu Colony,Krishna,Maize,Pioneer-3396,3.84,8,Auto,2,4,11,14:00-15:00,Wednesday,12,34,34,11.9,72.0,29.9,High,Cloudy,0,25,Cancelled,0
F1008,2024-05-21,Cooperative Collection Centre,Rythu Colony,Krishna,Maize,DHM-117,11.56,24,Tractor,2,3,4,09:00-10:00,Tuesday,5,24,23,20.7,111.6,48.6,High,Rainy,0,20,Completed,1
F1009,2025-07-09,Cooperative Collection Centre,Greenfield,Krishna,Paddy,Sona Masuri,4.72,10,Mini Truck,1,2,7,08:00-09:00,Wednesday,7,28,29,12.2,89.9,34.7,High,Clear,0,20,Completed,0
F1010,2024-08-04,Mandal Procurement Centre,Rythu Colony,Krishna,Paddy,Sona Masuri,5.61,12,Auto,1,3,4,10:00-11:00,Sunday,8,50,45,16.4,104.2,42.5,High,Clear,0,25,Completed,2
F1011,2025-07-26,Rural Market Yard,Lakshmi Nagar,Krishna,Cotton,NCS-145,16.15,33,Tractor,1,4,7,11:00-12:00,Saturday,7,38,45,25.7,125.1,57.0,High,Cloudy,0,25,Completed,3
F1012,2024-02-10,Rural Market Yard,Greenfield,Krishna,Paddy,Sona Masuri,6.92,14,Auto,3,4,4,16:00-17:00,Saturday,2,25,22,17.0,83.6,37.9,Medium,Clear,0,20,Cancelled,0
F1013,2024-05-30,Cooperative Collection Centre,Greenfield,Krishna,Paddy,BPT-5204,7.62,16,Mini Truck,2,5,6,14:00-15:00,Thursday,5,7,10,19.7,46.1,31.2,Medium,Rainy,0,25,Cancelled,0
F1014,2024-05-13,Mandal Procurement Centre,Lakshmi Nagar,Krishna,Cotton,NCS-145,10.03,21,Tractor,1,5,5,14:00-15:00,Monday,5,23,21,22.8,58.4,37.4,Medium,Clear,1,25,Completed,1
F1015,2024-12-23,Cooperative Collection Centre,Greenfield,Krishna,Paddy,Sona Masuri,12.9,26,Mini Truck,1,4,9,09:00-10:00,Monday,12,49,54,22.3,156.4,61.4,High,Clear,0,20,Completed,2
F1016,2025-03-14,Cooperative Collection Centre,Rythu Colony,Krishna,Maize,DHM-117,12.35,25,Mini Truck,2,2,5,14:00-15:00,Friday,3,8,3,19.7,70.7,37.4,Medium,Rainy,0,25,Completed,1
F1017,2025-08-28,Mandal Procurement Centre,Rythu Colony,Krishna,Maize,Pioneer-3396,13.02,27,Auto,3,3,4,11:00-12:00,Thursday,8,8,6,24.4,76.7,43.6,Medium,Clear,0,25,Completed,1
F1018,2024-10-30,Rural Market Yard,Lakshmi Nagar,Krishna,Paddy,BPT-5204,12.52,26,Mini Truck,3,2,11,10:00-11:00,Wednesday,10,46,40,26.6,140.7,61.8,High,Cloudy,0,25,Completed,3
F1019,2024-07-13,Mandal Procurement Centre,Kisanpur,Krishna,Paddy,BPT-5204,8.94,18,Mini Truck,1,2,10,12:00-13:00,Saturday,7,23,29,18.8,107.7,45.7,High,Clear,0,20,Completed,1
F1020,2025-01-14,Mandal Procurement Centre,Rythu Colony,Krishna,Cotton,Bt Cotton,9.19,19,Mini Truck,3,2,7,16:00-17:00,Tuesday,1,33,33,18.8,139.9,53.8,High,Clear,0,20,Completed,2
F1021,2025-08-24,Mandal Procurement Centre,Lakshmi Nagar,Krishna,Paddy,BPT-5204,5.55,12,Tractor,1,4,9,10:00-11:00,Sunday,8,41,39,13.2,95.0,37.0,High,Clear,0,25,Completed,2
F1022,2024-10-17,Rural Market Yard,Rythu Colony,Krishna,Cotton,NCS-145,8.58,18,Mini Truck,1,2,11,09:00-10:00,Thursday,10,53,52,16.8,150.7,54.5,High,Cloudy,0,20,Cancelled,2
F1023,2025-09-02,Cooperative Collection Centre,Rythu Colony,Krishna,Maize,DHM-117,3.25,7,Mini Truck,3,2,4,11:00-12:00,Tuesday,9,28,36,11.0,108.5,38.1,High,Clear,0,25,Completed,2
F1024,2024-04-23,Cooperative Collection Centre,Lakshmi Nagar,Krishna,Cotton,Bt Cotton,12.69,26,Tractor,2,4,4,15:00-16:00,Tuesday,4,14,19,19.6,92.9,42.8,High,Clear,0,25,Cancelled,1
F1025,2024-04-23,Mandal Procurement Centre,Rythu Colony,Krishna,Paddy,BPT-5204,3.96,8,Mini Truck,3,2,6,14:00-15:00,Tuesday,4,9,10,12.1,47.8,24.0,Medium,Rainy,0,25,Completed,0
F1026,2025-11-28,Rural Market Yard,Lakshmi Nagar,Krishna,Cotton,NCS-145,4.54,10,Auto,2,2,10,10:00-11:00,Friday,11,54,57,11.3,132.8,44.5,High,Clear,0,25,Completed,2
F1027,2024-07-24,Rural Market Yard,Kisanpur,Krishna,Maize,Pioneer-3396,3.82,8,Tractor,2,3,12,10:00-11:00,Wednesday,7,33,28,12.8,72.6,30.9,Medium,Cloudy,0,25,Completed,0
F1028,2025-02-21,Mandal Procurement Centre,Kisanpur,Krishna,Cotton,Bt Cotton,14.68,30,Auto,1,5,7,10:00-11:00,Friday,2,32,20,23.3,82.5,43.9,Medium,Clear,0,25,Cancelled,1
F1029,2024-10-16,Rural Market Yard,Kisanpur,Krishna,Cotton,NCS-145,14.75,30,Auto,1,5,8,09:00-10:00,Wednesday,10,41,39,24.5,111.7,52.4,High,Clear,0,20,Cancelled,1
F1030,2025-12-04,Mandal Procurement Centre,Lakshmi Nagar,Krishna,Paddy,BPT-5204,8.74,18,Tractor,3,3,12,11:00-12:00,Thursday,12,36,39,18.5,102.6,44.1,High,Cloudy,0,25,Completed,2
F1031,2025-09-16,Rural Market Yard,Rythu Colony,Krishna,Paddy,BPT-5204,11.03,23,Tractor,3,2,10,08:00-09:00,Tuesday,9,33,40,17.5,147.5,54.4,High,Cloudy,0,20,Completed,2
F1032,2024-03-02,Cooperative Collection Centre,Kisanpur,Krishna,Maize,DHM-117,4.38,9,Mini Truck,3,2,8,10:00-11:00,Saturday,3,48,39,12.3,104.4,38.4,High,Clear,0,25,Completed,2
F1033,2025-11-08,Cooperative Collection Centre,Lakshmi Nagar,Krishna,Paddy,BPT-5204,6.53,14,Tractor,2,4,10,12:00-13:00,Saturday,11,20,23,13.0,67.6,29.9,Medium,Rainy,0,20,Completed,0
F1034,2024-04-05,Cooperative Collection Centre,Rythu Colony,Krishna,Paddy,BPT-5204,10.35,21,Tractor,2,5,4,14:00-15:00,Friday,4,22,17,16.1,61.5,31.5,Medium,Clear,0,25,Completed,0
F1035,2024-04-27,Cooperative Collection Centre,Rythu Colony,Krishna,Maize,Pioneer-3396,9.73,20,Tractor,3,2,4,10:00-11:00,Saturday,4,36,46,18.2,148.6,55.3,High,Clear,0,25,Completed,2
F1036,2025-09-04,Rural Market Yard,Kisanpur,Krishna,Maize,Pioneer-3396,8.97,18,Auto,2,2,4,16:00-17:00,Thursday,9,20,18,14.8,80.3,34.9,Medium,Clear,0,20,Completed,0
F1037,2025-12-26,Rural Market Yard,Greenfield,Krishna,Cotton,Bt Cotton,10.65,22,Mini Truck,3,4,7,10:00-11:00,Friday,12,41,38,22.7,116.3,51.8,High,Clear,0,25,Cancelled,2
F1038,2025-12-23,Rural Market Yard,Kisanpur,Krishna,Maize,Pioneer-3396,4.04,9,Tractor,3,5,5,11:00-12:00,Tuesday,12,32,31,15.6,79.1,35.4,Medium,Cloudy,0,25,Completed,0
F1039,2024-07-29,Mandal Procurement Centre,Kisanpur,Krishna,Cotton,Bt Cotton,10.09,21,Tractor,1,5,7,15:00-16:00,Monday,7,24,17,21.3,73.6,39.7,Medium,Clear,0,25,Completed,1
F1040,2025-05-25,Mandal Procurement Centre,Greenfield,Krishna,Maize,Pioneer-3396,22.97,46,Mini Truck,1,4,11,16:00-17:00,Sunday,5,28,28,32.6,130.3,65.2,High,Clear,0,20,Completed,3
F1041,2024-01-08,Rural Market Yard,Kisanpur,Krishna,Maize,DHM-117,12.45,25,Tractor,1,4,10,15:00-16:00,Monday,1,36,35,22.6,88.6,44.8,High,Cloudy,0,25,Completed,1
F1042,2025-04-07,Mandal Procurement Centre,Greenfield,Krishna,Paddy,BPT-5204,7.1,15,Mini Truck,2,2,4,11:00-12:00,Monday,4,18,14,14.4,79.7,34.3,Medium,Clear,0,25,Cancelled,0
F1043,2025-05-21,Mandal Procurement Centre,Lakshmi Nagar,Krishna,Cotton,NCS-145,7.34,15,Tractor,3,4,4,12:00-13:00,Wednesday,5,15,15,16.1,82.4,36.7,Medium,Rainy,0,20,Completed,0
F1044,2025-05-02,Cooperative Collection Centre,Rythu Colony,Krishna,Maize,DHM-117,4.25,9,Mini Truck,3,3,11,10:00-11:00,Friday,5,31,29,12.1,81.1,32.4,Medium,Clear,0,25,Completed,0
F1045,2025-06-10,Rural Market Yard,Lakshmi Nagar,Krishna,Maize,DHM-117,18.39,37,Auto,2,4,9,11:00-12:00,Tuesday,6,28,27,29.9,128.2,61.9,High,Clear,0,25,Completed,3
F1046,2025-12-02,Rural Market Yard,Rythu Colony,Krishna,Paddy,Sona Masuri,6.67,14,Tractor,2,4,5,11:00-12:00,Tuesday,12,31,34,18.0,94.8,41.7,High,Rainy,0,25,Completed,2
F1047,2024-11-06,Cooperative Collection Centre,Greenfield,Krishna,Maize,Pioneer-3396,6.83,14,Mini Truck,3,5,5,15:00-16:00,Wednesday,11,32,31,14.3,104.3,40.4,High,Clear,0,25,Completed,0
F1048,2025-02-19,Cooperative Collection Centre,Rythu Colony,Krishna,Cotton,Bt Cotton,8.24,17,Mini Truck,1,2,5,15:00-16:00,Wednesday,2,23,22,18.2,95.1,42.0,High,Cloudy,0,25,Completed,0
F1049,2024-08-31,Mandal Procurement Centre,Rythu Colony,Krishna,Maize,DHM-117,5.23,11,Auto,2,4,10,12:00-13:00,Saturday,8,28,25,12.1,77.7,31.5,Medium,Clear,1,20,Completed,0
F1050,2024-12-31,Cooperative Collection Centre,Kisanpur,Krishna,Maize,DHM-117,8.97,18,Mini Truck,3,4,12,08:00-09:00,Tuesday,12,43,43,19.0,129.5,51.4,High,Cloudy,0,20,Completed,2
F1051,2025-03-05,Rural Market Yard,Greenfield,Krishna,Cotton,NCS-145,13.84,28,Tractor,3,4,9,15:00-16:00,Wednesday,3,21,20,25.0,94.4,48.6,High,Cloudy,0,25,Completed,1
F1052,2024-01-11,Cooperative Collection Centre,Rythu Colony,Krishna,Paddy,BPT-5204,7.05,15,Tractor,2,5,12,14:00-15:00,Thursday,1,32,36,18.2,85.4,39.5,High,Cloudy,1,25,Completed,0
F1053,2025-07-03,Cooperative Collection Centre,Rythu Colony,Krishna,Paddy,BPT-5204,23.49,47,Tractor,3,5,8,09:00-10:00,Thursday,7,30,28,34.1,140.8,69.3,High,Clear,0,20,Completed,3
F1054,2024-07-07,Cooperative Collection Centre,Rythu Colony,Krishna,Maize,DHM-117,10.49,21,Tractor,1,2,6,09:00-10:00,Sunday,7,45,38,22.4,122.9,53.1,High,Cloudy,0,20,Completed,2
F1055,2025-12-30,Rural Market Yard,Greenfield,Krishna,Maize,DHM-117,9.24,19,Mini Truck,1,2,9,15:00-16:00,Tuesday,12,40,47,18.3,105.2,44.6,High,Cloudy,1,25,Completed,2
F1056,2024-08-15,Rural Market Yard,Kisanpur,Krishna,Cotton,NCS-145,5.92,12,Tractor,1,2,12,09:00-10:00,Thursday,8,42,39,16.6,97.8,41.0,High,Clear,0,20,Cancelled,2
F1057,2024-10-03,Mandal Procurement Centre,Greenfield,Krishna,Maize,DHM-117,3.11,7,Tractor,3,3,12,09:00-10:00,Thursday,10,38,36,8.3,100.6,33.5,High,Rainy,0,20,Completed,0
F1058,2025-10-08,Cooperative Collection Centre,Greenfield,Krishna,Maize,DHM-117,5.84,12,Auto,3,4,11,11:00-12:00,Wednesday,10,32,40,12.3,92.2,35.4,High,Cloudy,0,25,Completed,2
F1059,2025-11-15,Cooperative Collection Centre,Lakshmi Nagar,Krishna,Paddy,BPT-5204,11.01,23,Tractor,2,2,12,10:00-11:00,Saturday,11,48,45,21.2,119.4,51.0,High,Clear,0,25,Completed,2
F1060,2024-10-14,Cooperative Collection Centre,Rythu Colony,Krishna,Cotton,Bt Cotton,9.78,20,Tractor,1,3,10,10:00-11:00,Monday,10,54,54,23.2,126.5,54.8,High,Clear,0,25,Cancelled,2
F1061,2024-07-16,Rural Market Yard,Greenfield,Krishna,Cotton,Bt Cotton,8.72,18,Mini Truck,1,3,7,10:00-11:00,Tuesday,7,30,31,18.3,100.6,43.5,High,Cloudy,0,25,Completed,2
F1062,2024-08-05,Mandal Procurement Centre,Kisanpur,Krishna,Maize,Pioneer-3396,10.05,21,Auto,3,4,8,16:00-17:00,Monday,8,21,23,21.6,103.8,47.5,High,Cloudy,1,20,Completed,1
F1063,2024-08-22,Rural Market Yard,Lakshmi Nagar,Krishna,Maize,Pioneer-3396,24.44,49,Tractor,2,2,5,14:00-15:00,Thursday,8,27,24,35.9,157.8,75.3,High,Clear,0,25,Completed,3
F1064,2025-10-19,Mandal Procurement Centre,Lakshmi Nagar,Krishna,Maize,Pioneer-3396,4.97,10,Mini Truck,2,3,12,09:00-10:00,Sunday,10,54,55,15.4,148.1,52.4,High,Clear,0,20,Completed,2
F1065,2025-06-11,Mandal Procurement Centre,Greenfield,Krishna,Maize,DHM-117,12.45,25,Mini Truck,3,4,4,10:00-11:00,Wednesday,6,28,27,21.9,105.0,48.1,High,Rainy,0,25,Cancelled,1
F1066,2024-02-12,Cooperative Collection Centre,Kisanpur,Krishna,Cotton,NCS-145,10.79,22,Auto,2,4,11,09:00-10:00,Monday,2,29,30,19.7,116.1,48.7,High,Clear,0,20,Completed,1
F1067,2025-05-27,Mandal Procurement Centre,Greenfield,Krishna,Maize,Pioneer-3396,20.17,41,Auto,2,3,11,08:00-09:00,Tuesday,5,30,29,31.4,150.3,69.0,High,Cloudy,0,20,Completed,3
F1068,2025-10-14,Rural Market Yard,Greenfield,Krishna,Maize,Pioneer-3396,13.04,27,Auto,1,3,6,08:00-09:00,Tuesday,10,42,45,21.4,149.3,58.7,High,Clear,0,20,Completed,2
F1069,2025-10-20,Cooperative Collection Centre,Rythu Colony,Krishna,Maize,DHM-117,11.86,24,Tractor,3,2,8,14:00-15:00,Monday,10,40,41,22.0,141.8,57.5,High,Clear,0,25,Cancelled,2
F1070,2025-11-29,Cooperative Collection Centre,Kisanpur,Krishna,Paddy,BPT-5204,12.73,26,Auto,3,2,9,14:00-15:00,Saturday,11,40,37,23.7,135.3,57.5,High,Clear,0,25,Completed,2
F1071,2025-11-28,Rural Market Yard,Greenfield,Krishna,Maize,Pioneer-3396,13.43,27,Mini Truck,3,5,7,10:00-11:00,Friday,11,49,35,26.1,122.5,56.7,High,Clear,0,25,Cancelled,1
F1072,2024-09-24,Rural Market Yard,Lakshmi Nagar,Krishna,Maize,Pioneer-3396,12.56,26,Tractor,1,4,9,08:00-09:00,Tuesday,9,41,45,23.0,133.6,56.4,High,Clear,1,20,Cancelled,2
F1073,2025-06-01,Rural Market Yard,Kisanpur,Krishna,Paddy,Sona Masuri,7.05,15,Auto,2,5,6,08:00-09:00,Sunday,6,43,39,18.1,109.0,45.4,High,Rainy,1,20,Completed,2
F1074,2024-06-21,Cooperative Collection Centre,Kisanpur,Krishna,Cotton,Bt Cotton,4.4,9,Mini Truck,3,5,10,12:00-13:00,Friday,6,18,17,14.6,59.9,29.6,Medium,Clear,0,20,Completed,0
F1075,2024-05-11,Mandal Procurement Centre,Rythu Colony,Krishna,Paddy,BPT-5204,5.12,11,Auto,3,4,7,14:00-15:00,Saturday,5,30,25,13.5,64.8,29.7,Medium,Clear,0,25,Completed,0
F1076,2024-12-10,Rural Market Yard,Rythu Colony,Krishna,Paddy,BPT-5204,9.9,20,Tractor,2,3,12,10:00-11:00,Tuesday,12,44,46,19.5,126.7,51.2,High,Clear,0,25,Completed,2
F1077,2024-01-26,Cooperative Collection Centre,Rythu Colony,Krishna,Paddy,BPT-5204,5.52,12,Mini Truck,2,5,9,09:00-10:00,Friday,1,44,33,13.9,93.8,37.4,High,Clear,0,20,Completed,0
F1078,2025-06-20,Mandal Procurement Centre,Kisanpur,Krishna,Maize,Pioneer-3396,24.78,50,Tractor,3,4,4,09:00-10:00,Friday,6,36,30,35.7,160.4,75.8,High,Clear,0,20,Cancelled,3
F1079,2024-11-08,Mandal Procurement Centre,Rythu Colony,Krishna,Cotton,NCS-145,9.26,19,Tractor,3,3,12,11:00-12:00,Friday,11,36,35,23.6,112.0,51.6,High,Clear,0,25,Completed,2
F1080,2024-03-01,Rural Market Yard,Lakshmi Nagar,Krishna,Cotton,NCS-145,10.52,22,Auto,2,2,12,14:00-15:00,Friday,3,22,18,20.4,76.6,39.5,Medium,Clear,0,25,Cancelled,1
F1081,2025-11-13,Cooperative Collection Centre,Kisanpur,Krishna,Cotton,NCS-145,4.57,10,Mini Truck,2,4,5,15:00-16:00,Thursday,11,47,50,12.8,99.5,37.7,High,Clear,0,25,Completed,2
F1082,2025-01-10,Rural Market Yard,Rythu Colony,Krishna,Paddy,BPT-5204,12.57,26,Mini Truck,3,4,7,08:00-09:00,Friday,1,45,39,22.6,135.2,56.4,High,Cloudy,0,20,Completed,2
F1083,2024-04-06,Mandal Procurement Centre,Kisanpur,Krishna,Maize,DHM-117,12.45,25,Tractor,1,4,11,09:00-10:00,Saturday,4,40,46,23.0,137.7,57.4,High,Clear,0,20,Completed,2
F1084,2024-01-06,Rural Market Yard,Rythu Colony,Krishna,Paddy,BPT-5204,11.53,24,Tractor,3,2,12,14:00-15:00,Saturday,1,28,36,21.2,113.1,49.5,High,Clear,0,25,Completed,2
F1085,2024-03-20,Cooperative Collection Centre,Greenfield,Krishna,Cotton,NCS-145,8.88,18,Tractor,3,3,12,08:00-09:00,Wednesday,3,37,40,17.8,139.9,52.8,High,Cloudy,0,20,Completed,2
F1086,2025-10-22,Cooperative Collection Centre,Kisanpur,Krishna,Maize,Pioneer-3396,6.47,13,Mini Truck,3,2,10,08:00-09:00,Wednesday,10,39,44,14.1,139.1,48.9,High,Clear,0,20,Completed,2
F1087,2024-06-07,Rural Market Yard,Lakshmi Nagar,Krishna,Paddy,Sona Masuri,7.15,15,Auto,3,3,4,09:00-10:00,Friday,6,37,41,15.5,134.1,49.0,High,Cloudy,0,20,Completed,2
F1088,2024-06-20,Rural Market Yard,Lakshmi Nagar,Krishna,Paddy,Sona Masuri,12.93,26,Tractor,3,5,4,08:00-09:00,Thursday,6,33,30,23.2,116.9,52.4,High,Clear,1,20,Completed,1
F1089,2025-01-01,Rural Market Yard,Greenfield,Krishna,Maize,DHM-117,9.39,19,Tractor,2,2,7,12:00-13:00,Wednesday,1,38,39,15.6,108.2,42.6,High,Cloudy,0,20,Cancelled,2
F1090,2025-01-14,Cooperative Collection Centre,Kisanpur,Krishna,Cotton,NCS-145,13.25,27,Mini Truck,2,5,12,10:00-11:00,Tuesday,1,37,36,24.8,107.7,51.7,High,Rainy,0,25,Completed,1
F1091,2025-03-20,Rural Market Yard,Rythu Colony,Krishna,Maize,DHM-117,5.06,11,Tractor,3,2,4,11:00-12:00,Thursday,3,29,30,14.1,94.3,37.7,High,Clear,0,25,Completed,0
F1092,2024-03-22,Cooperative Collection Centre,Rythu Colony,Krishna,Paddy,Sona Masuri,14.66,30,Auto,3,4,12,08:00-09:00,Friday,3,31,37,24.9,148.1,61.9,High,Cloudy,0,20,Completed,3
F1093,2024-02-17,Cooperative Collection Centre,Lakshmi Nagar,Krishna,Cotton,Bt Cotton,6.04,13,Tractor,3,4,11,11:00-12:00,Saturday,2,29,25,12.3,78.6,31.9,Medium,Clear,0,25,Cancelled,0
F1094,2025-05-01,Mandal Procurement Centre,Kisanpur,Krishna,Paddy,BPT-5204,8.71,18,Tractor,1,2,5,11:00-12:00,Thursday,5,15,8,21.6,47.9,33.6,Medium,Rainy,0,25,Completed,0
F1095,2024-06-16,Rural Market Yard,Greenfield,Krishna,Paddy,BPT-5204,8.12,17,Tractor,2,2,6,10:00-11:00,Sunday,6,45,43,16.9,113.8,45.3,High,Cloudy,1,25,Completed,2
F1096,2024-08-15,Mandal Procurement Centre,Rythu Colony,Krishna,Maize,Pioneer-3396,8.02,17,Auto,3,4,5,10:00-11:00,Thursday,8,24,22,18.1,69.4,35.5,Medium,Rainy,0,25,Completed,0
F1097,2025-02-12,Rural Market Yard,Rythu Colony,Krishna,Cotton,Bt Cotton,5.53,12,Tractor,1,5,7,16:00-17:00,Wednesday,2,10,16,14.0,52.3,27.1,Medium,Rainy,0,20,Completed,0
F1098,2025-03-23,Cooperative Collection Centre,Rythu Colony,Krishna,Cotton,Bt Cotton,11.45,23,Auto,1,5,8,10:00-11:00,Sunday,3,38,32,20.2,102.0,45.7,High,Clear,0,25,Completed,1
F1099,2025-08-18,Mandal Procurement Centre,Rythu Colony,Krishna,Maize,DHM-117,10.07,21,Auto,2,4,8,09:00-10:00,Monday,8,29,28,22.5,104.8,48.7,High,Cloudy,0,20,Completed,1
F1100,2024-09-19,Mandal Procurement Centre,Kisanpur,Krishna,Cotton,NCS-145,2.91,6,Mini Truck,3,5,12,12:00-13:00,Thursday,9,25,17,14.7,55.5,28.6,Medium,Cloudy,0,20,Completed,0
F1101,2025-07-31,Rural Market Yard,Rythu Colony,Krishna,Paddy,BPT-5204,31.18,63,Mini Truck,1,2,9,11:00-12:00,Thursday,7,28,21,47.1,147.2,83.9,High,Clear,1,25,Completed,3
F1102,2024-12-11,Mandal Procurement Centre,Lakshmi Nagar,Krishna,Cotton,NCS-145,12.44,25,Auto,3,3,12,08:00-09:00,Wednesday,12,44,49,21.7,162.9,62.4,High,Cloudy,0,20,Completed,2
F1103,2024-03-03,Mandal Procurement Centre,Lakshmi Nagar,Krishna,Paddy,Sona Masuri,5.18,11,Tractor,3,2,10,14:00-15:00,Sunday,3,24,30,13.6,87.5,35.5,Medium,Cloudy,0,25,Completed,0
F1104,2025-08-08,Mandal Procurement Centre,Rythu Colony,Krishna,Paddy,BPT-5204,16.78,34,Tractor,3,2,9,10:00-11:00,Friday,8,38,46,27.2,146.4,63.8,High,Clear,0,25,Completed,3
F1105,2025-10-03,Cooperative Collection Centre,Lakshmi Nagar,Krishna,Paddy,Sona Masuri,25.96,52,Mini Truck,2,4,4,09:00-10:00,Friday,10,43,44,44.5,181.4,89.8,High,Cloudy,0,20,Completed,3
F1106,2024-07-16,Cooperative Collection Centre,Greenfield,Krishna,Paddy,BPT-5204,9.16,19,Auto,2,3,8,14:00-15:00,Tuesday,7,17,11,20.0,69.1,37.3,Medium,Clear,0,25,Cancelled,0
F1107,2025-10-16,Cooperative Collection Centre,Kisanpur,Krishna,Paddy,BPT-5204,8.97,18,Tractor,1,3,9,09:00-10:00,Thursday,10,41,42,20.1,125.9,51.6,High,Clear,0,20,Completed,2
F1108,2025-05-08,Mandal Procurement Centre,Greenfield,Krishna,Paddy,Sona Masuri,10.62,22,Tractor,1,3,8,14:00-15:00,Thursday,5,16,20,22.9,83.6,43.8,Medium,Clear,0,25,Completed,1
F1109,2025-11-02,Mandal Procurement Centre,Rythu Colony,Krishna,Cotton,Bt Cotton,10.2,21,Auto,3,4,4,08:00-09:00,Sunday,11,49,45,23.1,145.2,59.4,High,Cloudy,0,20,Cancelled,2
F1110,2025-12-16,Mandal Procurement Centre,Greenfield,Krishna,Cotton,NCS-145,2.29,5,Mini Truck,2,2,10,10:00-11:00,Tuesday,12,43,47,9.1,118.2,38.6,High,Cloudy,0,25,Completed,2
F1111,2024-01-05,Mandal Procurement Centre,Greenfield,Krishna,Maize,Pioneer-3396,4.81,10,Mini Truck,3,2,8,11:00-12:00,Friday,1,35,34,12.3,100.7,37.5,High,Rainy,0,25,Completed,0
F1112,2025-02-20,Rural Market Yard,Greenfield,Krishna,Maize,Pioneer-3396,17.11,35,Tractor,3,5,7,15:00-16:00,Thursday,2,31,33,30.3,130.3,62.9,High,Clear,0,25,Completed,3
F1113,2025-03-09,Cooperative Collection Centre,Lakshmi Nagar,Krishna,Cotton,Bt Cotton,13.12,27,Mini Truck,1,4,4,09:00-10:00,Sunday,3,44,40,26.9,125.1,58.2,High,Clear,1,20,Completed,3
F1114,2024-02-25,Mandal Procurement Centre,Rythu Colony,Krishna,Cotton,Bt Cotton,5.2,11,Tractor,2,4,8,12:00-13:00,Sunday,2,19,28,12.3,92.2,35.4,High,Clear,0,20,Completed,0
F1115,2024-04-03,Rural Market Yard,Greenfield,Krishna,Cotton,Bt Cotton,14.52,30,Mini Truck,2,2,5,10:00-11:00,Wednesday,4,31,28,23.0,114.7,51.7,High,Clear,0,25,Completed,1
F1116,2024-07-13,Rural Market Yard,Kisanpur,Krishna,Paddy,BPT-5204,13.21,27,Auto,2,3,11,14:00-15:00,Saturday,7,29,32,28.5,122.5,59.1,High,Clear,0,25,Cancelled,1
F1117,2024-10-30,Cooperative Collection Centre,Kisanpur,Krishna,Paddy,BPT-5204,8.79,18,Tractor,2,2,12,15:00-16:00,Wednesday,10,31,33,20.1,103.0,45.9,High,Clear,1,25,Completed,2
F1118,2025-10-13,Cooperative Collection Centre,Rythu Colony,Krishna,Maize,Pioneer-3396,20.5,41,Tractor,2,2,6,09:00-10:00,Monday,10,48,45,30.1,167.6,72.0,High,Clear,0,20,Completed,3
F1119,2024-06-23,Rural Market Yard,Lakshmi Nagar,Krishna,Paddy,BPT-5204,12.19,25,Tractor,3,4,9,08:00-09:00,Sunday,6,46,47,26.2,160.1,66.2,High,Clear,0,20,Completed,3
F1120,2025-07-04,Rural Market Yard,Lakshmi Nagar,Krishna,Cotton,NCS-145,6.69,14,Mini Truck,2,3,4,09:00-10:00,Friday,7,36,32,19.9,118.1,49.4,High,Cloudy,0,20,Completed,2
F1121,2024-11-30,Rural Market Yard,Kisanpur,Krishna,Cotton,Bt Cotton,12.23,25,Mini Truck,1,4,7,09:00-10:00,Saturday,11,48,47,24.2,138.8,58.9,High,Clear,0,20,Completed,2
F1122,2024-04-19,Rural Market Yard,Greenfield,Krishna,Maize,Pioneer-3396,6.93,14,Tractor,3,3,10,14:00-15:00,Friday,4,8,10,14.1,56.0,28.1,Medium,Rainy,0,25,Completed,0
F1123,2025-06-12,Rural Market Yard,Greenfield,Krishna,Cotton,Bt Cotton,3.34,7,Auto,3,4,9,16:00-17:00,Thursday,6,23,15,12.7,62.3,28.3,Medium,Rainy,0,20,Cancelled,0
F1124,2024-04-22,Mandal Procurement Centre,Kisanpur,Krishna,Maize,DHM-117,10.41,21,Tractor,3,4,8,08:00-09:00,Monday,4,42,49,21.2,152.5,59.3,High,Clear,0,20,Cancelled,2
F1125,2024-04-21,Cooperative Collection Centre,Rythu Colony,Krishna,Maize,DHM-117,20.29,41,Auto,2,5,10,09:00-10:00,Sunday,4,39,38,35.1,155.1,73.9,High,Cloudy,0,20,Completed,3
F1126,2024-11-11,Cooperative Collection Centre,Kisanpur,Krishna,Cotton,Bt Cotton,5.27,11,Tractor,3,5,5,09:00-10:00,Monday,11,54,54,14.2,132.2,47.2,High,Clear,0,20,Cancelled,2
F1127,2025-08-07,Mandal Procurement Centre,Rythu Colony,Krishna,Paddy,Sona Masuri,11.64,24,Mini Truck,2,5,6,10:00-11:00,Thursday,8,37,37,24.3,120.6,54.5,High,Clear,0,25,Completed,1
F1128,2024-02-23,Mandal Procurement Centre,Rythu Colony,Krishna,Cotton,NCS-145,12.94,26,Auto,3,4,8,15:00-16:00,Friday,2,22,26,23.5,101.1,48.8,High,Cloudy,0,25,Completed,1
F1129,2024-02-05,Cooperative Collection Centre,Greenfield,Krishna,Maize,DHM-117,16.57,34,Tractor,1,2,10,10:00-11:00,Monday,2,26,19,23.0,101.6,48.4,High,Rainy,0,25,Cancelled,1
F1130,2024-09-08,Rural Market Yard,Rythu Colony,Krishna,Cotton,NCS-145,8.34,17,Auto,2,4,11,08:00-09:00,Sunday,9,42,47,22.8,149.9,60.3,High,Cloudy,0,20,Completed,2
F1131,2024-06-09,Cooperative Collection Centre,Greenfield,Krishna,Paddy,Sona Masuri,5.0,10,Auto,2,3,11,12:00-13:00,Sunday,6,21,22,18.6,69.9,36.1,Medium,Cloudy,1,20,Cancelled,0
F1132,2025-01-24,Cooperative Collection Centre,Greenfield,Krishna,Paddy,Sona Masuri,10.47,21,Tractor,1,2,5,11:00-12:00,Friday,1,28,26,17.6,88.4,39.7,Medium,Clear,0,25,Cancelled,0
F1133,2024-05-08,Rural Market Yard,Kisanpur,Krishna,Maize,Pioneer-3396,6.48,13,Tractor,1,5,10,10:00-11:00,Wednesday,5,35,32,15.9,67.7,32.8,Medium,Clear,0,25,Cancelled,0
F1134,2024-06-11,Cooperative Collection Centre,Rythu Colony,Krishna,Maize,Pioneer-3396,14.12,29,Tractor,1,3,12,10:00-11:00,Tuesday,6,31,28,28.1,112.5,56.2,High,Clear,0,25,Cancelled,1
F1135,2024-09-15,Mandal Procurement Centre,Kisanpur,Krishna,Paddy,BPT-5204,10.22,21,Mini Truck,1,2,6,12:00-13:00,Sunday,9,23,13,21.1,65.0,37.4,Medium,Clear,0,20,Completed,1
F1136,2025-05-27,Cooperative Collection Centre,Greenfield,Krishna,Maize,Pioneer-3396,6.17,13,Mini Truck,1,3,8,15:00-16:00,Tuesday,5,23,25,14.3,72.6,32.5,Medium,Clear,0,25,Completed,0
F1137,2024-01-29,Rural Market Yard,Lakshmi Nagar,Krishna,Cotton,Bt Cotton,6.26,13,Tractor,3,2,11,15:00-16:00,Monday,1,31,28,13.0,98.1,37.5,High,Clear,1,25,Completed,0
F1138,2025-12-06,Cooperative Collection Centre,Lakshmi Nagar,Krishna,Maize,Pioneer-3396,5.21,11,Tractor,2,4,10,12:00-13:00,Saturday,12,37,35,11.0,114.1,39.5,High,Cloudy,0,20,Completed,2
F1139,2024-11-26,Cooperative Collection Centre,Kisanpur,Krishna,Paddy,Sona Masuri,13.94,28,Mini Truck,2,5,7,10:00-11:00,Tuesday,11,52,52,24.2,146.7,60.9,High,Clear,0,25,Completed,3
F1140,2024-11-09,Mandal Procurement Centre,Lakshmi Nagar,Krishna,Maize,DHM-117,13.18,27,Auto,1,3,10,15:00-16:00,Saturday,11,37,40,20.0,120.0,50.0,High,Clear,0,25,Completed,2
F1141,2025-10-13,Rural Market Yard,Kisanpur,Krishna,Paddy,BPT-5204,8.03,17,Tractor,1,5,11,16:00-17:00,Monday,10,30,29,19.3,90.1,41.8,High,Clear,0,20,Completed,0
F1142,2025-08-31,Mandal Procurement Centre,Greenfield,Krishna,Paddy,Sona Masuri,8.71,18,Tractor,3,3,4,09:00-10:00,Sunday,8,31,29,16.4,105.9,42.9,High,Rainy,0,20,Completed,2
F1143,2025-05-11,Cooperative Collection Centre,Lakshmi Nagar,Krishna,Cotton,Bt Cotton,5.85,12,Tractor,3,5,10,12:00-13:00,Sunday,5,35,29,13.4,96.3,37.5,High,Clear,0,20,Cancelled,0
F1144,2025-11-20,Mandal Procurement Centre,Greenfield,Krishna,Cotton,Bt Cotton,10.54,22,Tractor,3,4,4,10:00-11:00,Thursday,11,56,55,17.2,142.9,52.9,High,Cloudy,0,25,Completed,2
F1145,2025-08-14,Mandal Procurement Centre,Greenfield,Krishna,Paddy,Sona Masuri,8.74,18,Mini Truck,3,2,11,09:00-10:00,Thursday,8,31,30,13.3,98.6,38.0,High,Cloudy,0,20,Completed,0
F1146,2024-07-29,Mandal Procurement Centre,Rythu Colony,Krishna,Paddy,BPT-5204,7.09,15,Auto,3,5,6,10:00-11:00,Monday,7,29,26,15.4,86.5,37.0,Medium,Clear,0,25,Completed,0
F1147,2025-05-14,Cooperative Collection Centre,Lakshmi Nagar,Krishna,Paddy,Sona Masuri,9.21,19,Auto,1,4,4,08:00-09:00,Wednesday,5,43,39,17.5,114.4,46.1,High,Clear,1,20,Completed,2
F1148,2024-03-11,Rural Market Yard,Rythu Colony,Krishna,Maize,Pioneer-3396,10.46,21,Tractor,3,2,4,10:00-11:00,Monday,3,36,32,20.7,128.4,52.8,High,Clear,0,25,Cancelled,2
F1149,2025-09-06,Cooperative Collection Centre,Rythu Colony,Krishna,Cotton,NCS-145,12.9,26,Mini Truck,1,4,8,10:00-11:00,Saturday,9,30,32,23.5,89.4,45.9,Medium,Rainy,0,25,Completed,1
F1150,2024-07-27,Mandal Procurement Centre,Greenfield,Krishna,Paddy,BPT-5204,11.35,23,Mini Truck,2,2,11,16:00-17:00,Saturday,7,36,37,20.0,122.3,50.6,High,Clear,0,20,Completed,2
F1151,2024-03-31,Mandal Procurement Centre,Greenfield,Krishna,Paddy,BPT-5204,4.37,9,Mini Truck,3,3,11,10:00-11:00,Sunday,3,38,38,12.8,101.9,38.3,High,Rainy,0,25,Completed,2
F1152,2024-07-16,Cooperative Collection Centre,Rythu Colony,Krishna,Maize,DHM-117,15.53,32,Auto,2,2,11,15:00-16:00,Tuesday,7,12,9,29.5,86.4,51.1,Medium,Clear,0,25,Completed,1
F1153,2024-08-29,Mandal Procurement Centre,Rythu Colony,Krishna,Cotton,NCS-145,8.21,17,Auto,3,4,7,08:00-09:00,Thursday,8,35,35,18.4,120.4,48.5,High,Clear,0,20,Completed,2
F1154,2025-06-12,Cooperative Collection Centre,Rythu Colony,Krishna,Cotton,Bt Cotton,16.07,33,Mini Truck,1,5,12,09:00-10:00,Thursday,6,35,31,26.7,107.8,53.6,High,Clear,0,20,Completed,1
F1155,2024-12-16,Rural Market Yard,Kisanpur,Krishna,Maize,DHM-117,3.45,7,Mini Truck,2,3,8,16:00-17:00,Monday,12,34,40,7.7,113.7,36.1,High,Clear,0,20,Completed,2
F1156,2024-06-13,Rural Market Yard,Greenfield,Krishna,Paddy,Sona Masuri,6.67,14,Tractor,2,4,7,15:00-16:00,Thursday,6,26,25,15.9,72.9,34.1,Medium,Clear,0,25,Cancelled,0
F1157,2025-08-08,Mandal Procurement Centre,Rythu Colony,Krishna,Maize,DHM-117,13.36,27,Tractor,1,3,6,08:00-09:00,Friday,8,26,25,19.0,112.5,47.1,High,Clear,0,20,Completed,1
F1158,2024-06-30,Cooperative Collection Centre,Rythu Colony,Krishna,Cotton,Bt Cotton,3.26,7,Mini Truck,1,5,9,10:00-11:00,Sunday,6,32,31,10.6,51.5,23.5,Medium,Clear,0,25,Completed,0
F1159,2025-11-09,Rural Market Yard,Rythu Colony,Krishna,Paddy,Sona Masuri,20.2,41,Mini Truck,2,2,6,12:00-13:00,Sunday,11,46,51,30.3,185.3,76.6,High,Clear,0,20,Completed,3
F1160,2025-05-14,Cooperative Collection Centre,Rythu Colony,Krishna,Maize,Pioneer-3396,9.47,19,Tractor,1,2,12,08:00-09:00,Wednesday,5,38,39,17.7,127.6,49.6,High,Cloudy,0,20,Completed,2
F1161,2025-01-14,Cooperative Collection Centre,Kisanpur,Krishna,Paddy,Sona Masuri,7.34,15,Mini Truck,1,4,10,08:00-09:00,Tuesday,1,39,36,18.2,117.5,47.6,High,Rainy,0,20,Completed,2
F1162,2025-05-06,Mandal Procurement Centre,Greenfield,Krishna,Maize,Pioneer-3396,4.52,10,Mini Truck,2,4,12,11:00-12:00,Tuesday,5,20,10,14.3,20.0,19.3,Low,Cloudy,0,25,Completed,0
F1163,2025-08-23,Mandal Procurement Centre,Lakshmi Nagar,Krishna,Cotton,Bt Cotton,9.89,20,Mini Truck,2,4,8,14:00-15:00,Saturday,8,27,33,20.7,103.5,46.6,High,Clear,1,25,Completed,1
F1164,2025-11-25,Cooperative Collection Centre,Kisanpur,Krishna,Paddy,Sona Masuri,4.51,10,Mini Truck,3,4,5,09:00-10:00,Tuesday,11,52,52,12.2,142.8,47.9,High,Cloudy,0,20,Completed,2
F1165,2025-04-15,Cooperative Collection Centre,Lakshmi Nagar,Krishna,Cotton,NCS-145,3.75,8,Tractor,1,2,12,08:00-09:00,Tuesday,4,36,35,10.8,95.3,34.6,High,Clear,0,20,Completed,0
F1166,2024-07-09,Mandal Procurement Centre,Lakshmi Nagar,Krishna,Maize,DHM-117,8.78,18,Tractor,1,5,5,08:00-09:00,Tuesday,7,36,42,19.0,116.5,48.1,High,Clear,0,20,Completed,2
F1167,2025-06-25,Cooperative Collection Centre,Rythu Colony,Krishna,Maize,DHM-117,9.88,20,Tractor,1,4,7,08:00-09:00,Wednesday,6,32,29,20.1,97.8,44.5,High,Clear,0,20,Completed,1
F1168,2024-01-22,Cooperative Collection Centre,Rythu Colony,Krishna,Maize,Pioneer-3396,11.19,23,Mini Truck,1,5,8,10:00-11:00,Monday,1,39,39,24.3,99.1,49.1,High,Clear,0,25,Completed,1
F1169,2025-09-16,Mandal Procurement Centre,Lakshmi Nagar,Krishna,Cotton,Bt Cotton,7.63,16,Mini Truck,2,2,5,09:00-10:00,Tuesday,9,37,39,16.5,127.2,48.3,High,Cloudy,0,20,Cancelled,2
F1170,2025-02-21,Cooperative Collection Centre,Rythu Colony,Krishna,Cotton,NCS-145,9.8,20,Mini Truck,2,2,5,09:00-10:00,Friday,2,33,32,19.2,104.4,45.3,High,Clear,0,20,Completed,2
F1171,2024-10-26,Mandal Procurement Centre,Rythu Colony,Krishna,Paddy,Sona Masuri,9.34,19,Mini Truck,1,5,10,08:00-09:00,Saturday,10,48,43,20.0,111.7,47.9,High,Clear,0,20,Cancelled,2
F1172,2025-10-24,Mandal Procurement Centre,Kisanpur,Krishna,Cotton,Bt Cotton,7.24,15,Tractor,3,5,9,08:00-09:00,Friday,10,46,48,19.0,145.7,55.4,High,Cloudy,0,20,Completed,2
F1173,2025-12-15,Mandal Procurement Centre,Rythu Colony,Krishna,Maize,Pioneer-3396,7.28,15,Auto,3,3,9,10:00-11:00,Monday,12,44,36,21.9,106.4,48.5,High,Cloudy,0,25,Cancelled,2
F1174,2024-07-20,Cooperative Collection Centre,Rythu Colony,Krishna,Paddy,Sona Masuri,9.13,19,Tractor,3,4,10,09:00-10:00,Saturday,7,52,54,17.4,170.4,60.0,High,Cloudy,0,20,Completed,2
F1175,2024-12-27,Mandal Procurement Centre,Greenfield,Krishna,Cotton,Bt Cotton,6.07,13,Mini Truck,2,4,6,11:00-12:00,Friday,12,31,33,14.8,93.5,38.2,High,Cloudy,0,25,Completed,0
F1176,2025-07-17,Rural Market Yard,Greenfield,Krishna,Paddy,Sona Masuri,16.13,33,Mini Truck,2,3,8,09:00-10:00,Thursday,7,33,30,28.0,131.1,60.8,High,Clear,0,20,Completed,3
F1177,2025-06-10,Mandal Procurement Centre,Kisanpur,Krishna,Maize,DHM-117,12.03,25,Tractor,2,2,5,16:00-17:00,Tuesday,6,27,30,22.1,123.7,53.0,High,Cloudy,0,20,Completed,1
F1178,2024-04-28,Mandal Procurement Centre,Greenfield,Krishna,Maize,DHM-117,4.54,10,Mini Truck,1,4,12,08:00-09:00,Sunday,4,34,30,13.8,83.3,34.6,High,Rainy,0,20,Completed,0
F1179,2024-01-04,Cooperative Collection Centre,Kisanpur,Krishna,Maize,DHM-117,4.98,10,Tractor,1,4,4,15:00-16:00,Thursday,1,40,47,12.8,95.4,36.7,High,Cloudy,0,25,Completed,2
F1180,2025-10-07,Rural Market Yard,Greenfield,Krishna,Cotton,NCS-145,12.53,26,Tractor,2,4,6,08:00-09:00,Tuesday,10,49,47,24.8,142.2,60.3,High,Cloudy,0,20,Cancelled,3
F1181,2025-10-03,Mandal Procurement Centre,Kisanpur,Krishna,Cotton,NCS-145,9.99,20,Mini Truck,1,2,5,14:00-15:00,Friday,10,30,24,19.9,99.5,44.8,High,Cloudy,0,25,Completed,1
F1182,2024-01-06,Mandal Procurement Centre,Kisanpur,Krishna,Maize,Pioneer-3396,2.58,6,Auto,3,4,7,08:00-09:00,Saturday,1,50,51,8.6,129.5,41.0,High,Rainy,0,20,Cancelled,2
F1183,2025-07-09,Cooperative Collection Centre,Greenfield,Krishna,Paddy,BPT-5204,5.68,12,Tractor,1,4,5,08:00-09:00,Wednesday,7,26,27,18.7,90.7,41.4,High,Rainy,0,20,Cancelled,0
F1184,2024-12-25,Mandal Procurement Centre,Greenfield,Krishna,Cotton,NCS-145,4.62,10,Mini Truck,1,5,11,08:00-09:00,Wednesday,12,46,47,14.3,106.6,41.0,High,Cloudy,0,20,Completed,2
F1185,2025-03-25,Rural Market Yard,Lakshmi Nagar,Krishna,Maize,DHM-117,5.24,11,Mini Truck,3,2,5,16:00-17:00,Tuesday,3,19,18,15.3,80.3,35.4,Medium,Rainy,0,20,Completed,0
F1186,2024-02-02,Rural Market Yard,Rythu Colony,Krishna,Paddy,BPT-5204,6.99,14,Mini Truck,2,2,7,09:00-10:00,Friday,2,22,22,19.3,93.7,42.7,High,Rainy,0,20,Completed,0
F1187,2025-11-26,Mandal Procurement Centre,Rythu Colony,Krishna,Paddy,Sona Masuri,5.77,12,Tractor,2,5,6,08:00-09:00,Wednesday,11,49,48,13.4,111.4,41.2,High,Clear,0,20,Completed,2
F1188,2024-11-14,Cooperative Collection Centre,Rythu Colony,Krishna,Paddy,Sona Masuri,9.72,20,Tractor,3,2,9,12:00-13:00,Thursday,11,27,24,20.2,113.2,48.5,High,Clear,1,20,Completed,1
F1189,2025-05-27,Mandal Procurement Centre,Rythu Colony,Krishna,Paddy,BPT-5204,6.0,12,Mini Truck,2,2,10,09:00-10:00,Tuesday,5,27,27,13.0,97.4,37.4,High,Clear,0,20,Completed,0
F1190,2024-05-29,Mandal Procurement Centre,Kisanpur,Krishna,Paddy,BPT-5204,21.06,43,Mini Truck,3,3,9,08:00-09:00,Wednesday,5,26,31,32.6,149.1,69.9,High,Cloudy,0,20,Completed,3
F1191,2025-05-27,Cooperative Collection Centre,Greenfield,Krishna,Maize,Pioneer-3396,4.41,9,Mini Truck,1,4,12,10:00-11:00,Tuesday,5,35,30,14.2,68.4,31.3,Medium,Cloudy,0,25,Completed,0
F1192,2024-06-24,Cooperative Collection Centre,Rythu Colony,Krishna,Maize,DHM-117,3.63,8,Tractor,2,5,9,08:00-09:00,Monday,6,31,28,15.0,73.2,33.3,High,Clear,0,20,Cancelled,0
F1193,2024-03-02,Cooperative Collection Centre,Lakshmi Nagar,Krishna,Cotton,NCS-145,4.03,9,Mini Truck,3,5,9,08:00-09:00,Saturday,3,42,46,10.2,120.4,40.3,High,Cloudy,0,20,Completed,2
F1194,2025-05-14,Rural Market Yard,Rythu Colony,Krishna,Cotton,Bt Cotton,6.84,14,Tractor,1,5,9,16:00-17:00,Wednesday,5,31,29,15.2,73.9,33.7,High,Clear,0,20,Completed,0
F1195,2024-07-09,Cooperative Collection Centre,Greenfield,Krishna,Cotton,Bt Cotton,3.89,8,Auto,1,2,4,15:00-16:00,Tuesday,7,16,12,14.6,52.7,27.8,Medium,Clear,0,25,Completed,0
F1196,2025-03-17,Cooperative Collection Centre,Rythu Colony,Krishna,Cotton,Bt Cotton,12.92,26,Mini Truck,2,3,10,14:00-15:00,Monday,3,30,31,24.9,108.2,52.0,High,Clear,0,25,Completed,1
F1197,2024-09-27,Cooperative Collection Centre,Greenfield,Krishna,Paddy,BPT-5204,11.93,24,Tractor,2,5,5,10:00-11:00,Friday,9,32,28,26.2,91.1,49.0,High,Clear,0,25,Completed,1
F1198,2024-08-04,Mandal Procurement Centre,Kisanpur,Krishna,Paddy,BPT-5204,10.51,22,Auto,3,3,6,08:00-09:00,Sunday,8,36,43,21.0,152.7,59.2,High,Clear,0,20,Completed,2
F1199,2024-05-07,Rural Market Yard,Kisanpur,Krishna,Maize,DHM-117,15.51,32,Tractor,2,5,9,08:00-09:00,Tuesday,5,37,36,29.1,147.1,65.9,High,Clear,0,20,Completed,3
F1200,2024-04-01,Mandal Procurement Centre,Lakshmi Nagar,Krishna,Cotton,NCS-145,5.22,11,Tractor,1,5,7,15:00-16:00,Monday,4,15,17,11.0,38.6,20.6,Low,Rainy,0,25,Completed,0
F1201,2025-11-26,Cooperative Collection Centre,Lakshmi Nagar,Krishna,Cotton,NCS-145,7.97,16,Mini Truck,1,2,8,08:00-09:00,Wednesday,11,47,45,16.4,130.4,49.0,High,Cloudy,0,20,Completed,2
F1202,2024-02-23,Mandal Procurement Centre,Kisanpur,Krishna,Cotton,Bt Cotton,6.12,13,Tractor,3,5,10,09:00-10:00,Friday,2,32,35,16.2,97.0,40.5,High,Clear,0,20,Completed,2
F1203,2024-06-16,Rural Market Yard,Kisanpur,Krishna,Cotton,NCS-145,8.12,17,Tractor,3,3,10,08:00-09:00,Sunday,6,35,35,18.5,109.5,45.9,High,Clear,0,20,Completed,2
F1204,2024-12-17,Cooperative Collection Centre,Lakshmi Nagar,Krishna,Paddy,Sona Masuri,18.9,38,Tractor,1,3,4,11:00-12:00,Tuesday,12,31,32,28.6,129.9,61.1,High,Cloudy,0,25,Completed,3
F1205,2025-11-13,Rural Market Yard,Lakshmi Nagar,Krishna,Paddy,Sona Masuri,16.18,33,Mini Truck,3,4,10,16:00-17:00,Thursday,11,37,37,28.5,140.2,63.5,High,Clear,1,20,Cancelled,3
F1206,2025-03-11,Cooperative Collection Centre,Kisanpur,Krishna,Maize,Pioneer-3396,5.1,11,Tractor,2,4,6,11:00-12:00,Tuesday,3,13,9,11.3,37.7,20.7,Low,Cloudy,0,25,Completed,0
F1207,2025-04-09,Cooperative Collection Centre,Lakshmi Nagar,Krishna,Cotton,Bt Cotton,11.1,23,Mini Truck,2,4,11,08:00-09:00,Wednesday,4,35,40,21.5,131.9,54.5,High,Clear,0,20,Completed,2
F1208,2024-05-25,Mandal Procurement Centre,Kisanpur,Krishna,Cotton,Bt Cotton,11.35,23,Auto,2,5,11,10:00-11:00,Saturday,5,40,45,23.2,130.3,55.8,High,Clear,0,25,Completed,2
F1209,2024-12-27,Mandal Procurement Centre,Rythu Colony,Krishna,Cotton,NCS-145,9.68,20,Mini Truck,2,5,7,08:00-09:00,Friday,12,41,40,20.9,121.8,51.3,High,Clear,0,20,Completed,2
F1210,2025-05-30,Cooperative Collection Centre,Kisanpur,Krishna,Maize,Pioneer-3396,15.83,32,Tractor,2,3,4,08:00-09:00,Friday,5,43,36,24.5,140.8,59.7,High,Clear,0,20,Completed,3
F1211,2025-04-30,Rural Market Yard,Kisanpur,Krishna,Cotton,Bt Cotton,11.74,24,Auto,1,5,7,09:00-10:00,Wednesday,4,40,40,22.5,113.5,50.9,High,Rainy,0,20,Completed,2
F1212,2024-12-15,Rural Market Yard,Rythu Colony,Krishna,Cotton,NCS-145,7.97,16,Tractor,2,3,8,09:00-10:00,Sunday,12,48,43,18.7,134.2,52.2,High,Clear,0,20,Cancelled,2
F1213,2024-11-07,Rural Market Yard,Greenfield,Krishna,Cotton,NCS-145,16.14,33,Auto,3,5,9,09:00-10:00,Thursday,11,53,57,27.2,181.5,72.6,High,Clear,0,20,Cancelled,3
F1214,2025-09-10,Cooperative Collection Centre,Rythu Colony,Krishna,Cotton,NCS-145,8.2,17,Tractor,3,2,7,14:00-15:00,Wednesday,9,7,3,17.0,47.9,29.0,Medium,Rainy,0,25,Completed,0
F1215,2024-12-29,Mandal Procurement Centre,Rythu Colony,Krishna,Maize,DHM-117,6.96,14,Tractor,3,4,12,11:00-12:00,Sunday,12,39,46,18.7,125.2,50.0,High,Clear,0,25,Completed,2
F1216,2024-06-21,Rural Market Yard,Kisanpur,Krishna,Maize,DHM-117,5.9,12,Auto,1,4,12,12:00-13:00,Friday,6,30,28,15.7,82.2,36.2,High,Clear,1,20,Completed,0
F1217,2025-06-04,Cooperative Collection Centre,Greenfield,Krishna,Maize,Pioneer-3396,4.77,10,Tractor,2,5,6,10:00-11:00,Wednesday,6,33,40,12.6,91.1,35.4,High,Clear,0,25,Completed,2
F1218,2024-01-13,Mandal Procurement Centre,Greenfield,Krishna,Paddy,BPT-5204,13.56,28,Auto,2,3,6,10:00-11:00,Saturday,1,54,54,22.1,139.2,56.9,High,Cloudy,0,25,Completed,2
F1219,2024-03-03,Mandal Procurement Centre,Greenfield,Krishna,Maize,DHM-117,12.5,25,Mini Truck,2,3,4,10:00-11:00,Sunday,3,38,43,20.4,141.5,55.8,High,Clear,0,25,Completed,2
F1220,2025-09-16,Rural Market Yard,Lakshmi Nagar,Krishna,Maize,DHM-117,3.37,7,Mini Truck,1,4,6,11:00-12:00,Tuesday,9,14,11,12.1,41.7,22.5,Low,Rainy,0,25,Cancelled,0
F1221,2025-04-29,Cooperative Collection Centre,Kisanpur,Krishna,Maize,Pioneer-3396,9.14,19,Tractor,3,4,10,16:00-17:00,Tuesday,4,27,24,22.2,93.5,45.6,High,Cloudy,0,20,Completed,1
F1222,2024-09-19,Rural Market Yard,Kisanpur,Krishna,Paddy,BPT-5204,7.24,15,Tractor,1,2,10,08:00-09:00,Thursday,9,30,33,15.4,108.8,42.6,High,Clear,0,20,Completed,2
F1223,2025-10-22,Cooperative Collection Centre,Greenfield,Krishna,Maize,Pioneer-3396,8.76,18,Mini Truck,3,5,6,09:00-10:00,Wednesday,10,49,55,14.4,145.4,50.8,High,Clear,0,20,Completed,2
F1224,2024-07-01,Cooperative Collection Centre,Kisanpur,Krishna,Cotton,Bt Cotton,7.64,16,Tractor,3,4,6,15:00-16:00,Monday,7,13,15,19.5,81.0,39.8,Medium,Rainy,0,25,Cancelled,0
F1225,2024-10-03,Mandal Procurement Centre,Kisanpur,Krishna,Maize,Pioneer-3396,16.33,33,Auto,2,2,7,14:00-15:00,Thursday,10,25,30,26.6,129.8,59.1,High,Rainy,0,25,Completed,3
F1226,2024-09-29,Mandal Procurement Centre,Greenfield,Krishna,Cotton,NCS-145,7.13,15,Auto,2,5,9,11:00-12:00,Sunday,9,17,8,16.6,49.2,28.9,Medium,Rainy,0,25,Completed,0
F1227,2024-07-04,Rural Market Yard,Lakshmi Nagar,Krishna,Cotton,NCS-145,10.34,21,Mini Truck,2,2,11,15:00-16:00,Thursday,7,27,30,16.0,100.9,41.2,High,Clear,0,25,Completed,0
F1228,2025-02-06,Mandal Procurement Centre,Rythu Colony,Krishna,Paddy,BPT-5204,15.12,31,Tractor,3,2,11,11:00-12:00,Thursday,2,9,6,23.4,80.3,43.5,Medium,Cloudy,0,25,Completed,1
F1229,2024-02-24,Cooperative Collection Centre,Rythu Colony,Krishna,Cotton,NCS-145,7.63,16,Tractor,3,4,9,08:00-09:00,Saturday,2,42,45,16.3,149.9,53.8,High,Clear,0,20,Completed,2
F1230,2024-10-24,Cooperative Collection Centre,Greenfield,Krishna,Cotton,Bt Cotton,15.63,32,Tractor,1,3,9,16:00-17:00,Thursday,10,30,33,23.6,114.1,52.1,High,Clear,0,20,Completed,1
F1231,2025-01-23,Rural Market Yard,Lakshmi Nagar,Krishna,Maize,Pioneer-3396,4.36,9,Mini Truck,1,2,4,09:00-10:00,Thursday,1,50,49,13.7,133.8,47.2,High,Cloudy,0,20,Completed,2
F1232,2025-02-11,Cooperative Collection Centre,Greenfield,Krishna,Cotton,NCS-145,3.02,7,Tractor,1,3,11,09:00-10:00,Tuesday,2,22,24,11.3,69.7,28.7,Medium,Rainy,0,20,Completed,0
F1233,2025-06-13,Rural Market Yard,Rythu Colony,Krishna,Paddy,BPT-5204,12.09,25,Tractor,2,5,7,16:00-17:00,Friday,6,14,11,21.4,76.0,40.4,Medium,Clear,0,20,Completed,1
F1234,2025-06-27,Rural Market Yard,Kisanpur,Krishna,Paddy,Sona Masuri,7.74,16,Tractor,2,2,11,08:00-09:00,Friday,6,24,27,16.2,110.7,43.9,High,Clear,0,20,Completed,0
F1235,2025-08-24,Cooperative Collection Centre,Kisanpur,Krishna,Cotton,Bt Cotton,6.55,14,Tractor,1,5,7,12:00-13:00,Sunday,8,29,23,18.8,68.7,36.0,Medium,Cloudy,0,20,Completed,0
F1236,2025-06-07,Rural Market Yard,Lakshmi Nagar,Krishna,Paddy,BPT-5204,16.5,33,Mini Truck,1,3,5,09:00-10:00,Saturday,6,44,45,30.0,152.7,68.2,High,Clear,0,20,Completed,3
F1237,2025-04-13,Mandal Procurement Centre,Greenfield,Krishna,Maize,Pioneer-3396,9.85,20,Mini Truck,2,4,10,10:00-11:00,Sunday,4,37,38,22.9,104.6,49.0,High,Clear,0,25,Completed,2
F1238,2024-07-20,Rural Market Yard,Lakshmi Nagar,Krishna,Maize,Pioneer-3396,15.53,32,Tractor,1,4,9,08:00-09:00,Saturday,7,29,30,27.2,107.4,54.0,High,Rainy,0,20,Completed,1
F1239,2024-09-26,Mandal Procurement Centre,Greenfield,Krishna,Paddy,BPT-5204,8.17,17,Mini Truck,2,5,8,11:00-12:00,Thursday,9,21,20,16.4,71.1,34.2,Medium,Cloudy,0,25,Completed,0
F1240,2025-05-31,Cooperative Collection Centre,Rythu Colony,Krishna,Paddy,BPT-5204,7.57,16,Mini Truck,1,5,11,14:00-15:00,Saturday,5,13,10,17.0,44.2,28.1,Low,Cloudy,0,25,Cancelled,0
F1241,2024-09-28,Cooperative Collection Centre,Kisanpur,Krishna,Maize,Pioneer-3396,4.9,10,Mini Truck,2,3,9,10:00-11:00,Saturday,9,45,43,17.5,108.4,44.6,High,Clear,0,25,Completed,2
F1242,2024-04-16,Cooperative Collection Centre,Kisanpur,Krishna,Maize,Pioneer-3396,7.03,15,Mini Truck,2,5,5,09:00-10:00,Tuesday,4,36,37,18.3,123.5,49.2,High,Cloudy,0,20,Completed,2
F1243,2024-12-28,Cooperative Collection Centre,Kisanpur,Krishna,Maize,Pioneer-3396,14.93,30,Auto,3,5,7,10:00-11:00,Saturday,12,46,42,28.1,128.6,60.2,High,Cloudy,0,25,Completed,3
F1244,2025-05-21,Rural Market Yard,Kisanpur,Krishna,Maize,Pioneer-3396,6.09,13,Mini Truck,1,4,6,11:00-12:00,Wednesday,5,27,23,16.0,81.1,36.3,Medium,Clear,0,25,Completed,0
F1245,2024-08-21,Rural Market Yard,Greenfield,Krishna,Cotton,Bt Cotton,10.49,21,Mini Truck,3,5,9,08:00-09:00,Wednesday,8,27,29,22.2,108.8,49.4,High,Rainy,0,20,Cancelled,1
F1246,2025-11-03,Rural Market Yard,Lakshmi Nagar,Krishna,Maize,DHM-117,6.82,14,Mini Truck,2,3,9,11:00-12:00,Monday,11,38,37,16.9,104.2,43.0,High,Clear,0,25,Completed,2
F1247,2025-02-12,Cooperative Collection Centre,Kisanpur,Krishna,Cotton,NCS-145,12.44,25,Auto,2,4,12,10:00-11:00,Wednesday,2,26,30,24.5,86.2,46.0,Medium,Cloudy,0,25,Completed,1
F1248,2024-08-04,Rural Market Yard,Rythu Colony,Krishna,Maize,Pioneer-3396,23.46,47,Mini Truck,3,3,12,08:00-09:00,Sunday,8,35,32,36.1,167.7,78.0,High,Cloudy,0,20,Completed,3
F1249,2024-08-09,Rural Market Yard,Lakshmi Nagar,Krishna,Cotton,Bt Cotton,10.17,21,Auto,2,4,10,16:00-17:00,Friday,8,8,9,20.4,56.3,34.5,Medium,Rainy,1,20,Cancelled,0
F1250,2025-01-06,Cooperative Collection Centre,Greenfield,Krishna,Maize,DHM-117,7.11,15,Tractor,3,3,9,11:00-12:00,Monday,1,40,39,16.9,109.7,44.3,High,Clear,0,25,Completed,2
F1251,2024-10-24,Rural Market Yard,Rythu Colony,Krishna,Maize,Pioneer-3396,2.98,6,Tractor,1,4,8,14:00-15:00,Thursday,10,36,35,9.5,65.3,25.8,High,Clear,0,25,Completed,0
F1252,2024-07-08,Cooperative Collection Centre,Rythu Colony,Krishna,Cotton,NCS-145,5.0,10,Tractor,2,2,8,10:00-11:00,Monday,7,31,30,16.0,77.3,35.3,Medium,Clear,0,25,Cancelled,0
F1253,2024-08-12,Cooperative Collection Centre,Lakshmi Nagar,Krishna,Paddy,Sona Masuri,10.8,22,Tractor,3,2,4,11:00-12:00,Monday,8,22,20,17.5,93.3,40.8,High,Clear,0,25,Completed,1
F1254,2025-05-05,Rural Market Yard,Greenfield,Krishna,Paddy,BPT-5204,16.31,33,Tractor,1,4,4,08:00-09:00,Monday,5,26,23,24.7,106.0,51.2,High,Cloudy,0,20,Cancelled,1
F1255,2025-10-15,Mandal Procurement Centre,Lakshmi Nagar,Krishna,Maize,DHM-117,8.55,18,Mini Truck,1,4,4,10:00-11:00,Wednesday,10,50,48,18.7,116.3,47.8,High,Clear,0,25,Completed,2
F1256,2024-07-29,Mandal Procurement Centre,Lakshmi Nagar,Krishna,Cotton,NCS-145,8.48,17,Mini Truck,3,5,12,14:00-15:00,Monday,7,25,23,14.1,68.5,31.2,Medium,Cloudy,0,25,Cancelled,0
F1257,2025-07-28,Mandal Procurement Centre,Lakshmi Nagar,Krishna,Cotton,Bt Cotton,3.63,8,Auto,3,5,8,11:00-12:00,Monday,7,17,10,11.7,40.3,21.8,Low,Clear,0,25,Completed,0
F1258,2024-10-03,Cooperative Collection Centre,Greenfield,Krishna,Cotton,NCS-145,20.39,41,Mini Truck,2,2,5,16:00-17:00,Thursday,10,28,29,34.1,144.8,70.3,High,Rainy,0,20,Completed,3
F1259,2025-06-19,Rural Market Yard,Kisanpur,Krishna,Cotton,Bt Cotton,9.86,20,Auto,3,3,4,10:00-11:00,Thursday,6,35,33,19.3,118.1,48.8,High,Clear,0,25,Cancelled,2
F1260,2025-09-04,Cooperative Collection Centre,Kisanpur,Krishna,Cotton,NCS-145,5.74,12,Mini Truck,2,4,9,09:00-10:00,Thursday,9,31,37,13.5,96.6,37.6,High,Clear,1,20,Cancelled,2
F1261,2024-07-16,Cooperative Collection Centre,Rythu Colony,Krishna,Paddy,Sona Masuri,9.73,20,Mini Truck,3,5,4,08:00-09:00,Tuesday,7,38,41,19.4,126.4,51.0,High,Cloudy,0,20,Completed,2
F1262,2024-12-22,Rural Market Yard,Kisanpur,Krishna,Paddy,BPT-5204,11.69,24,Tractor,3,5,8,08:00-09:00,Sunday,12,58,61,17.5,159.4,57.4,High,Clear,0,20,Completed,2
F1263,2025-08-06,Mandal Procurement Centre,Rythu Colony,Krishna,Cotton,Bt Cotton,11.37,23,Tractor,2,2,5,08:00-09:00,Wednesday,8,32,38,18.8,137.7,53.2,High,Rainy,0,20,Completed,2
F1264,2025-07-22,Rural Market Yard,Rythu Colony,Krishna,Cotton,Bt Cotton,5.94,12,Mini Truck,1,5,11,10:00-11:00,Tuesday,7,32,30,14.5,65.0,30.8,Medium,Cloudy,0,25,Completed,0
F1265,2024-07-29,Rural Market Yard,Greenfield,Krishna,Paddy,BPT-5204,21.7,44,Tractor,3,2,4,10:00-11:00,Monday,7,27,31,31.6,152.4,69.7,High,Rainy,0,25,Completed,3
F1266,2025-05-07,Cooperative Collection Centre,Lakshmi Nagar,Krishna,Paddy,Sona Masuri,8.19,17,Tractor,3,5,4,09:00-10:00,Wednesday,5,28,29,15.5,99.1,40.3,High,Rainy,0,20,Completed,0
F1267,2024-11-05,Mandal Procurement Centre,Rythu Colony,Krishna,Paddy,BPT-5204,12.63,26,Tractor,3,5,7,16:00-17:00,Tuesday,11,36,37,23.7,138.3,58.3,High,Clear,0,20,Completed,2
F1268,2024-08-01,Cooperative Collection Centre,Greenfield,Krishna,Maize,Pioneer-3396,23.51,48,Mini Truck,3,4,8,15:00-16:00,Thursday,8,15,9,36.1,105.9,62.6,High,Rainy,0,25,Completed,3
F1269,2025-06-19,Rural Market Yard,Rythu Colony,Krishna,Maize,DHM-117,10.08,21,Auto,2,5,10,08:00-09:00,Thursday,6,36,38,20.9,129.2,53.2,High,Clear,0,20,Completed,2
F1270,2025-07-25,Cooperative Collection Centre,Rythu Colony,Krishna,Paddy,Sona Masuri,4.46,9,Tractor,1,5,6,14:00-15:00,Friday,7,18,16,13.9,51.2,26.7,Medium,Clear,0,25,Cancelled,0
F1271,2025-10-01,Rural Market Yard,Kisanpur,Krishna,Paddy,BPT-5204,21.84,44,Auto,1,4,10,08:00-09:00,Wednesday,10,52,56,37.0,204.2,88.0,High,Clear,0,20,Completed,3
F1272,2024-01-03,Cooperative Collection Centre,Rythu Colony,Krishna,Maize,DHM-117,8.36,17,Mini Truck,3,2,4,11:00-12:00,Wednesday,1,13,11,19.4,88.0,41.4,Medium,Rainy,0,25,Completed,0
F1273,2024-04-19,Rural Market Yard,Greenfield,Krishna,Maize,DHM-117,12.03,25,Tractor,3,4,12,12:00-13:00,Friday,4,13,9,23.1,56.1,37.1,Medium,Clear,0,20,Cancelled,1
F1274,2025-03-01,Mandal Procurement Centre,Kisanpur,Krishna,Maize,Pioneer-3396,9.45,19,Tractor,3,5,6,11:00-12:00,Saturday,3,33,33,18.3,104.8,44.5,High,Clear,0,25,Cancelled,2
F1275,2024-10-14,Rural Market Yard,Kisanpur,Krishna,Paddy,Sona Masuri,4.4,9,Tractor,1,5,7,15:00-16:00,Monday,10,36,32,14.1,60.7,29.3,Medium,Clear,0,25,Cancelled,0
F1276,2024-10-25,Cooperative Collection Centre,Lakshmi Nagar,Krishna,Maize,Pioneer-3396,7.32,15,Auto,1,3,6,09:00-10:00,Friday,10,47,46,16.6,134.3,50.2,High,Rainy,0,20,Completed,2
F1277,2025-08-03,Mandal Procurement Centre,Kisanpur,Krishna,Maize,DHM-117,3.82,8,Mini Truck,1,5,8,09:00-10:00,Sunday,8,29,33,12.4,70.1,29.9,High,Rainy,0,20,Completed,0
F1278,2025-11-14,Mandal Procurement Centre,Lakshmi Nagar,Krishna,Cotton,Bt Cotton,9.19,19,Tractor,3,2,12,09:00-10:00,Friday,11,50,55,21.0,163.5,61.9,High,Clear,0,20,Cancelled,2
F1279,2024-09-07,Mandal Procurement Centre,Greenfield,Krishna,Maize,DHM-117,12.25,25,Mini Truck,1,4,6,12:00-13:00,Saturday,9,19,25,23.6,96.9,47.8,High,Clear,0,20,Completed,1
F1280,2025-06-19,Mandal Procurement Centre,Rythu Colony,Krishna,Paddy,Sona Masuri,14.17,29,Mini Truck,3,2,12,12:00-13:00,Thursday,6,5,6,23.9,88.8,46.1,Medium,Rainy,0,20,Completed,1
F1281,2024-09-19,Mandal Procurement Centre,Greenfield,Krishna,Cotton,NCS-145,14.59,30,Mini Truck,2,4,6,11:00-12:00,Thursday,9,17,16,26.1,83.6,47.0,Medium,Clear,0,25,Completed,1
F1282,2025-04-03,Mandal Procurement Centre,Greenfield,Krishna,Maize,Pioneer-3396,4.83,10,Mini Truck,3,5,5,15:00-16:00,Thursday,4,17,14,14.7,54.4,28.3,Medium,Rainy,0,25,Completed,0
F1283,2024-06-04,Mandal Procurement Centre,Lakshmi Nagar,Krishna,Cotton,Bt Cotton,7.03,15,Tractor,3,5,5,10:00-11:00,Tuesday,6,26,19,16.4,76.7,35.6,Medium,Clear,0,25,Completed,0
F1284,2025-02-02,Rural Market Yard,Lakshmi Nagar,Krishna,Paddy,BPT-5204,9.9,20,Tractor,1,3,9,15:00-16:00,Sunday,2,30,29,23.8,93.5,47.2,High,Clear,0,25,Completed,1
F1285,2025-04-24,Mandal Procurement Centre,Kisanpur,Krishna,Maize,Pioneer-3396,9.24,19,Auto,3,2,9,10:00-11:00,Thursday,4,36,37,22.2,124.3,53.3,High,Clear,0,25,Cancelled,2
F1286,2024-05-24,Rural Market Yard,Rythu Colony,Krishna,Paddy,BPT-5204,8.7,18,Tractor,1,4,6,09:00-10:00,Friday,5,33,34,19.4,95.4,43.2,High,Clear,0,20,Completed,2
F1287,2025-06-17,Rural Market Yard,Kisanpur,Krishna,Paddy,BPT-5204,6.9,14,Auto,1,5,11,16:00-17:00,Tuesday,6,25,30,16.9,69.6,34.3,High,Cloudy,0,20,Completed,0
F1288,2024-08-21,Mandal Procurement Centre,Lakshmi Nagar,Krishna,Maize,DHM-117,8.66,18,Tractor,2,5,11,10:00-11:00,Wednesday,8,31,31,20.9,82.6,41.5,Medium,Cloudy,1,25,Completed,1
F1289,2024-07-29,Mandal Procurement Centre,Lakshmi Nagar,Krishna,Paddy,BPT-5204,15.63,32,Tractor,1,2,9,11:00-12:00,Monday,7,18,23,26.5,105.2,52.8,High,Clear,0,25,Cancelled,1
F1290,2025-06-30,Rural Market Yard,Kisanpur,Krishna,Maize,DHM-117,10.64,22,Tractor,2,2,4,11:00-12:00,Monday,6,20,20,21.5,90.9,44.2,High,Cloudy,0,25,Completed,1
F1291,2024-08-29,Rural Market Yard,Greenfield,Krishna,Cotton,Bt Cotton,12.39,25,Tractor,2,5,9,09:00-10:00,Thursday,8,37,36,24.8,114.6,53.5,High,Clear,0,20,Completed,1
F1292,2024-08-15,Rural Market Yard,Rythu Colony,Krishna,Maize,Pioneer-3396,8.07,17,Tractor,2,5,10,10:00-11:00,Thursday,8,32,28,17.3,60.5,32.4,Medium,Clear,1,25,Cancelled,0
F1293,2025-11-29,Cooperative Collection Centre,Greenfield,Krishna,Cotton,NCS-145,11.48,23,Mini Truck,1,4,8,09:00-10:00,Saturday,11,62,62,21.7,190.8,69.4,High,Clear,0,20,Completed,2
F1294,2024-01-27,Rural Market Yard,Lakshmi Nagar,Krishna,Maize,DHM-117,10.75,22,Mini Truck,3,3,6,11:00-12:00,Saturday,1,48,46,22.8,134.2,56.3,High,Cloudy,0,25,Completed,2
F1295,2024-07-10,Mandal Procurement Centre,Lakshmi Nagar,Krishna,Paddy,BPT-5204,4.15,9,Tractor,2,5,9,16:00-17:00,Wednesday,7,27,23,13.3,63.0,29.1,Medium,Clear,0,20,Cancelled,0
F1296,2025-10-24,Cooperative Collection Centre,Kisanpur,Krishna,Cotton,Bt Cotton,7.14,15,Auto,3,3,7,09:00-10:00,Friday,10,56,55,15.8,170.3,58.4,High,Cloudy,0,20,Completed,2
F1297,2024-10-21,Cooperative Collection Centre,Lakshmi Nagar,Krishna,Cotton,NCS-145,5.19,11,Mini Truck,1,5,12,16:00-17:00,Monday,10,40,39,14.0,104.8,40.2,High,Clear,0,20,Completed,2
F1298,2025-09-18,Mandal Procurement Centre,Greenfield,Krishna,Cotton,Bt Cotton,5.48,11,Tractor,2,3,7,09:00-10:00,Thursday,9,31,28,19.3,95.3,43.1,High,Clear,0,20,Completed,0
F1299,2025-10-06,Cooperative Collection Centre,Greenfield,Krishna,Cotton,Bt Cotton,2.49,5,Mini Truck,2,2,8,15:00-16:00,Monday,10,32,32,11.3,87.5,33.2,Medium,Cloudy,0,25,Completed,0
F1300,2025-06-20,Rural Market Yard,Kisanpur,Krishna,Cotton,NCS-145,6.65,14,Auto,3,2,12,11:00-12:00,Friday,6,21,29,16.4,88.3,38.5,Medium,Clear,0,25,Cancelled,0
F1301,2024-02-21,Cooperative Collection Centre,Greenfield,Krishna,Paddy,Sona Masuri,8.19,17,Tractor,1,2,11,11:00-12:00,Wednesday,2,9,11,19.0,54.0,32.5,Medium,Cloudy,0,25,Completed,0
F1302,2024-08-25,Rural Market Yard,Greenfield,Krishna,Paddy,BPT-5204,7.51,16,Mini Truck,1,3,4,08:00-09:00,Sunday,8,42,41,16.9,110.7,44.6,High,Clear,0,20,Completed,2
F1303,2025-11-02,Mandal Procurement Centre,Rythu Colony,Krishna,Cotton,Bt Cotton,11.35,23,Mini Truck,3,5,4,09:00-10:00,Sunday,11,50,54,22.2,165.2,63.5,High,Clear,1,20,Cancelled,2
F1304,2025-09-23,Cooperative Collection Centre,Lakshmi Nagar,Krishna,Cotton,NCS-145,7.4,15,Tractor,3,2,11,09:00-10:00,Tuesday,9,23,26,17.6,103.0,43.4,High,Rainy,0,20,Completed,0
F1305,2024-05-13,Rural Market Yard,Greenfield,Krishna,Cotton,Bt Cotton,4.56,10,Tractor,1,3,5,11:00-12:00,Monday,5,24,22,9.5,70.5,27.1,Medium,Clear,0,25,Completed,0
F1306,2025-06-28,Rural Market Yard,Greenfield,Krishna,Maize,DHM-117,16.52,34,Tractor,2,3,8,09:00-10:00,Saturday,6,29,32,26.7,144.2,62.8,High,Clear,0,20,Cancelled,3
F1307,2025-06-02,Rural Market Yard,Greenfield,Krishna,Maize,Pioneer-3396,7.65,16,Auto,3,5,5,09:00-10:00,Monday,6,35,38,15.0,123.3,45.8,High,Cloudy,0,20,Completed,2
F1308,2025-06-21,Cooperative Collection Centre,Kisanpur,Krishna,Paddy,BPT-5204,11.9,24,Auto,1,4,8,08:00-09:00,Saturday,6,45,50,24.7,155.7,63.6,High,Clear,0,20,Cancelled,3
F1309,2024-10-22,Mandal Procurement Centre,Kisanpur,Krishna,Paddy,Sona Masuri,7.25,15,Tractor,2,2,6,11:00-12:00,Tuesday,10,20,16,14.8,89.6,37.2,Medium,Rainy,0,25,Completed,0
F1310,2025-05-15,Mandal Procurement Centre,Greenfield,Krishna,Cotton,NCS-145,20.06,41,Auto,2,3,7,08:00-09:00,Thursday,5,35,29,32.6,146.8,69.3,High,Cloudy,0,20,Completed,3
F1311,2024-03-30,Rural Market Yard,Kisanpur,Krishna,Cotton,Bt Cotton,9.23,19,Mini Truck,2,3,4,12:00-13:00,Saturday,3,31,32,19.9,123.1,50.7,High,Clear,0,20,Completed,2
F1312,2025-11-26,Rural Market Yard,Kisanpur,Krishna,Maize,DHM-117,8.13,17,Tractor,2,2,4,16:00-17:00,Wednesday,11,33,38,17.8,135.2,51.6,High,Clear,0,20,Completed,2
F1313,2024-08-29,Mandal Procurement Centre,Greenfield,Krishna,Maize,DHM-117,7.15,15,Tractor,3,4,11,10:00-11:00,Thursday,8,37,40,16.8,109.4,44.2,High,Clear,0,25,Completed,2
F1314,2025-01-03,Mandal Procurement Centre,Kisanpur,Krishna,Paddy,BPT-5204,8.82,18,Tractor,1,3,11,15:00-16:00,Friday,1,25,30,20.3,77.8,39.8,Medium,Clear,0,25,Cancelled,0
F1315,2025-05-15,Mandal Procurement Centre,Lakshmi Nagar,Krishna,Paddy,Sona Masuri,11.41,23,Auto,3,5,8,11:00-12:00,Thursday,5,20,22,20.0,89.5,42.4,Medium,Clear,1,25,Cancelled,1
F1316,2025-01-05,Rural Market Yard,Greenfield,Krishna,Cotton,NCS-145,28.93,58,Mini Truck,2,5,7,10:00-11:00,Sunday,1,57,64,45.9,209.7,98.3,High,Clear,0,25,Completed,3
F1317,2025-10-17,Rural Market Yard,Greenfield,Krishna,Paddy,BPT-5204,11.65,24,Mini Truck,2,3,4,09:00-10:00,Friday,10,41,39,23.4,137.7,57.8,High,Clear,0,20,Completed,2
F1318,2024-05-20,Rural Market Yard,Kisanpur,Krishna,Paddy,Sona Masuri,4.44,9,Tractor,1,5,8,10:00-11:00,Monday,5,37,41,16.2,72.3,34.3,High,Cloudy,0,25,Completed,0
F1319,2025-06-15,Mandal Procurement Centre,Kisanpur,Krishna,Maize,Pioneer-3396,9.73,20,Auto,2,2,12,12:00-13:00,Sunday,6,21,21,20.9,102.5,46.5,High,Cloudy,0,20,Cancelled,1
F1320,2025-06-09,Rural Market Yard,Greenfield,Krishna,Cotton,Bt Cotton,7.79,16,Tractor,2,4,8,10:00-11:00,Monday,6,31,31,16.7,81.7,37.1,Medium,Cloudy,0,25,Completed,0
F1321,2024-12-16,Mandal Procurement Centre,Lakshmi Nagar,Krishna,Maize,DHM-117,6.69,14,Tractor,1,4,10,14:00-15:00,Monday,12,26,24,14.6,69.2,31.9,Medium,Rainy,0,25,Cancelled,0
F1322,2025-08-21,Cooperative Collection Centre,Kisanpur,Krishna,Maize,DHM-117,9.12,19,Auto,2,3,10,11:00-12:00,Thursday,8,14,13,18.9,78.6,38.5,Medium,Rainy,0,25,Completed,0
F1323,2024-12-08,Mandal Procurement Centre,Greenfield,Krishna,Cotton,Bt Cotton,6.37,13,Mini Truck,2,4,10,10:00-11:00,Sunday,12,43,49,13.6,114.8,42.3,High,Clear,0,25,Cancelled,2
F1324,2025-07-15,Rural Market Yard,Lakshmi Nagar,Krishna,Cotton,Bt Cotton,4.84,10,Tractor,2,3,9,10:00-11:00,Tuesday,7,42,48,13.4,114.1,41.9,High,Clear,0,25,Completed,2
F1325,2024-06-04,Mandal Procurement Centre,Lakshmi Nagar,Krishna,Paddy,BPT-5204,7.44,15,Auto,1,5,12,14:00-15:00,Tuesday,6,12,12,18.4,47.3,30.2,Medium,Clear,0,25,Completed,0
F1326,2025-06-30,Rural Market Yard,Lakshmi Nagar,Krishna,Cotton,NCS-145,12.19,25,Mini Truck,1,5,12,11:00-12:00,Monday,6,20,17,23.3,67.3,40.1,Medium,Clear,0,25,Cancelled,1
F1327,2024-07-11,Cooperative Collection Centre,Greenfield,Krishna,Cotton,Bt Cotton,4.04,9,Tractor,3,5,12,15:00-16:00,Thursday,7,18,23,13.0,57.8,27.4,Medium,Rainy,0,25,Completed,0
F1328,2025-05-07,Rural Market Yard,Kisanpur,Krishna,Cotton,Bt Cotton,9.27,19,Mini Truck,3,2,9,15:00-16:00,Wednesday,5,19,21,16.1,96.9,40.3,High,Clear,0,25,Completed,0
F1329,2025-12-23,Cooperative Collection Centre,Lakshmi Nagar,Krishna,Cotton,NCS-145,16.28,33,Auto,3,5,6,10:00-11:00,Tuesday,12,50,56,29.4,160.3,69.5,High,Cloudy,0,25,Completed,3
F1330,2024-10-10,Rural Market Yard,Lakshmi Nagar,Krishna,Maize,Pioneer-3396,7.07,15,Tractor,2,2,12,12:00-13:00,Thursday,10,28,32,17.7,117.7,47.1,High,Clear,0,20,Completed,2
F1331,2025-12-12,Rural Market Yard,Greenfield,Krishna,Cotton,NCS-145,2.14,5,Tractor,1,5,12,09:00-10:00,Friday,12,50,50,9.0,111.8,37.0,High,Clear,1,20,Cancelled,2
F1332,2024-12-19,Mandal Procurement Centre,Kisanpur,Krishna,Paddy,Sona Masuri,3.58,8,Auto,1,4,5,11:00-12:00,Thursday,12,40,40,14.1,94.0,37.6,High,Cloudy,0,25,Completed,2
F1333,2025-06-28,Mandal Procurement Centre,Greenfield,Krishna,Cotton,Bt Cotton,7.99,16,Mini Truck,1,5,8,08:00-09:00,Saturday,6,45,47,19.8,127.9,51.8,High,Clear,0,20,Completed,2
F1334,2024-04-20,Mandal Procurement Centre,Rythu Colony,Krishna,Cotton,Bt Cotton,6.16,13,Mini Truck,1,5,5,10:00-11:00,Saturday,4,42,42,16.0,95.3,39.8,High,Clear,0,25,Completed,2
F1335,2025-04-05,Mandal Procurement Centre,Greenfield,Krishna,Cotton,NCS-145,6.82,14,Mini Truck,2,3,4,10:00-11:00,Saturday,4,32,30,15.4,87.7,37.3,Medium,Clear,0,25,Completed,0
F1336,2024-08-15,Mandal Procurement Centre,Greenfield,Krishna,Paddy,BPT-5204,13.58,28,Mini Truck,1,2,6,10:00-11:00,Thursday,8,42,37,25.6,123.5,56.5,High,Cloudy,0,25,Completed,3
F1337,2025-05-20,Mandal Procurement Centre,Lakshmi Nagar,Krishna,Paddy,BPT-5204,9.27,19,Auto,2,4,4,09:00-10:00,Tuesday,5,35,37,17.4,120.1,47.4,High,Clear,0,20,Completed,2
F1338,2025-04-25,Cooperative Collection Centre,Rythu Colony,Krishna,Paddy,Sona Masuri,4.64,10,Auto,2,3,4,09:00-10:00,Friday,4,22,21,14.4,74.1,32.9,Medium,Rainy,0,20,Completed,0
F1339,2025-09-25,Mandal Procurement Centre,Kisanpur,Krishna,Cotton,Bt Cotton,6.4,13,Mini Truck,3,2,8,14:00-15:00,Thursday,9,32,28,17.3,91.6,40.2,High,Clear,0,25,Cancelled,0
F1340,2024-09-08,Cooperative Collection Centre,Lakshmi Nagar,Krishna,Paddy,BPT-5204,7.89,16,Tractor,3,4,12,08:00-09:00,Sunday,9,27,24,17.6,91.3,40.4,High,Rainy,0,20,Cancelled,0
F1341,2025-09-02,Cooperative Collection Centre,Rythu Colony,Krishna,Paddy,Sona Masuri,8.44,17,Tractor,2,3,4,15:00-16:00,Tuesday,9,24,24,18.7,93.2,42.0,High,Clear,0,25,Completed,0
F1342,2024-03-11,Mandal Procurement Centre,Rythu Colony,Krishna,Maize,DHM-117,4.34,9,Auto,3,4,6,09:00-10:00,Monday,3,31,35,14.3,106.3,40.9,High,Clear,1,20,Cancelled,2
F1343,2025-11-03,Rural Market Yard,Lakshmi Nagar,Krishna,Paddy,Sona Masuri,10.17,21,Mini Truck,3,2,6,08:00-09:00,Monday,11,46,39,21.2,145.8,57.7,High,Clear,0,20,Completed,2
F1344,2025-06-13,Rural Market Yard,Greenfield,Krishna,Paddy,Sona Masuri,9.27,19,Mini Truck,1,5,4,15:00-16:00,Friday,6,23,14,20.0,70.8,37.7,Medium,Clear,0,25,Completed,0
F1345,2025-04-21,Cooperative Collection Centre,Rythu Colony,Krishna,Cotton,Bt Cotton,2.41,5,Tractor,3,3,12,12:00-13:00,Monday,4,18,11,9.9,42.5,20.5,Low,Clear,0,20,Completed,0
F1346,2025-06-04,Cooperative Collection Centre,Greenfield,Krishna,Paddy,BPT-5204,7.31,15,Tractor,2,2,10,11:00-12:00,Wednesday,6,19,10,17.0,70.5,34.6,Medium,Clear,0,25,Completed,0
F1347,2025-06-07,Mandal Procurement Centre,Kisanpur,Krishna,Cotton,NCS-145,10.36,21,Tractor,1,3,12,10:00-11:00,Saturday,6,35,31,19.9,87.0,41.6,Medium,Clear,0,25,Completed,1
F1348,2025-09-26,Cooperative Collection Centre,Lakshmi Nagar,Krishna,Paddy,Sona Masuri,3.78,8,Tractor,3,5,4,10:00-11:00,Friday,9,23,29,7.4,59.2,22.2,Medium,Rainy,0,25,Completed,0
F1349,2025-12-15,Mandal Procurement Centre,Kisanpur,Krishna,Paddy,BPT-5204,9.71,20,Tractor,2,3,9,16:00-17:00,Monday,12,42,47,22.4,143.5,58.3,High,Clear,0,20,Completed,2
F1350,2025-07-29,Rural Market Yard,Kisanpur,Krishna,Paddy,Sona Masuri,15.72,32,Auto,3,2,12,09:00-10:00,Tuesday,7,28,30,27.1,138.4,61.7,High,Clear,0,20,Completed,3
F1351,2024-11-14,Rural Market Yard,Greenfield,Krishna,Maize,DHM-117,4.61,10,Mini Truck,2,4,4,10:00-11:00,Thursday,11,49,54,9.6,116.4,38.7,High,Clear,0,25,Completed,2
F1352,2025-12-10,Cooperative Collection Centre,Lakshmi Nagar,Krishna,Cotton,NCS-145,6.72,14,Tractor,1,5,9,10:00-11:00,Wednesday,12,42,43,16.9,86.8,38.6,High,Clear,0,25,Cancelled,2
F1353,2024-08-21,Rural Market Yard,Rythu Colony,Krishna,Maize,DHM-117,4.51,10,Tractor,2,2,7,08:00-09:00,Wednesday,8,27,33,12.9,104.4,39.0,High,Clear,0,20,Completed,0
F1354,2024-10-18,Cooperative Collection Centre,Lakshmi Nagar,Krishna,Maize,DHM-117,6.94,14,Tractor,3,4,8,12:00-13:00,Friday,10,39,38,17.1,118.3,46.7,High,Clear,0,20,Completed,2
F1355,2025-03-20,Cooperative Collection Centre,Rythu Colony,Krishna,Maize,DHM-117,21.76,44,Mini Truck,1,3,4,11:00-12:00,Thursday,3,21,14,36.1,115.8,65.0,High,Rainy,0,25,Completed,3
F1356,2024-09-28,Rural Market Yard,Kisanpur,Krishna,Cotton,NCS-145,21.43,43,Mini Truck,3,5,7,10:00-11:00,Saturday,9,49,48,37.5,186.0,84.0,High,Cloudy,0,25,Completed,3
F1357,2025-12-20,Mandal Procurement Centre,Kisanpur,Krishna,Maize,DHM-117,3.87,8,Auto,1,2,6,08:00-09:00,Saturday,12,56,54,11.5,139.1,46.3,High,Clear,0,20,Completed,2
F1358,2025-03-22,Mandal Procurement Centre,Kisanpur,Krishna,Cotton,Bt Cotton,13.31,27,Auto,1,5,9,11:00-12:00,Saturday,3,20,21,22.9,86.1,44.4,Medium,Clear,0,25,Completed,1
F1359,2024-06-05,Cooperative Collection Centre,Rythu Colony,Krishna,Cotton,NCS-145,12.14,25,Auto,1,4,5,08:00-09:00,Wednesday,6,20,23,23.2,96.1,47.2,High,Rainy,1,20,Cancelled,1
F1360,2025-12-07,Rural Market Yard,Kisanpur,Krishna,Cotton,NCS-145,11.88,24,Tractor,1,3,11,09:00-10:00,Sunday,12,45,45,22.0,151.8,60.0,High,Rainy,0,20,Completed,2
F1361,2024-11-19,Rural Market Yard,Greenfield,Krishna,Paddy,BPT-5204,14.7,30,Mini Truck,1,5,5,14:00-15:00,Tuesday,11,41,42,25.5,111.2,53.3,High,Clear,0,25,Completed,3
F1362,2024-01-06,Mandal Procurement Centre,Kisanpur,Krishna,Maize,Pioneer-3396,8.29,17,Auto,2,2,12,15:00-16:00,Saturday,1,38,39,19.2,122.5,49.8,High,Clear,0,25,Completed,2
F1363,2025-02-09,Rural Market Yard,Kisanpur,Krishna,Paddy,BPT-5204,9.68,20,Tractor,2,5,10,10:00-11:00,Sunday,2,35,35,22.4,101.8,47.8,High,Cloudy,0,25,Cancelled,1
F1364,2025-02-23,Mandal Procurement Centre,Greenfield,Krishna,Maize,DHM-117,11.18,23,Tractor,3,2,12,14:00-15:00,Sunday,2,25,26,22.8,102.7,48.5,High,Cloudy,0,25,Completed,1
F1365,2025-04-08,Cooperative Collection Centre,Kisanpur,Krishna,Paddy,BPT-5204,7.67,16,Mini Truck,3,5,11,08:00-09:00,Tuesday,4,37,39,18.4,128.7,50.6,High,Rainy,0,20,Completed,2
F1366,2025-12-17,Mandal Procurement Centre,Kisanpur,Krishna,Maize,Pioneer-3396,12.55,26,Mini Truck,2,2,7,15:00-16:00,Wednesday,12,38,40,21.0,134.5,54.6,High,Cloudy,0,25,Completed,2
F1367,2024-06-15,Rural Market Yard,Greenfield,Krishna,Paddy,Sona Masuri,17.2,35,Mini Truck,2,5,12,09:00-10:00,Saturday,6,48,47,28.9,162.0,69.4,High,Clear,0,20,Cancelled,3
F1368,2024-10-16,Cooperative Collection Centre,Lakshmi Nagar,Krishna,Maize,DHM-117,11.6,24,Tractor,2,2,6,12:00-13:00,Wednesday,10,36,43,19.8,163.0,60.5,High,Cloudy,0,20,Completed,2
F1369,2024-02-15,Cooperative Collection Centre,Lakshmi Nagar,Krishna,Maize,Pioneer-3396,2.0,4,Auto,1,2,6,08:00-09:00,Thursday,2,30,28,11.1,72.4,29.2,High,Clear,0,20,Completed,0
F1370,2024-12-05,Rural Market Yard,Kisanpur,Krishna,Paddy,Sona Masuri,14.45,29,Mini Truck,3,4,12,09:00-10:00,Thursday,12,44,44,26.9,151.1,64.7,High,Cloudy,0,20,Cancelled,3
F1371,2024-08-25,Cooperative Collection Centre,Lakshmi Nagar,Krishna,Paddy,BPT-5204,8.9,18,Auto,2,4,10,08:00-09:00,Sunday,8,43,38,21.6,116.6,50.8,High,Clear,0,20,Completed,2
F1372,2025-10-07,Cooperative Collection Centre,Rythu Colony,Krishna,Paddy,Sona Masuri,11.07,23,Tractor,3,2,9,14:00-15:00,Tuesday,10,35,32,20.5,111.4,48.4,High,Cloudy,1,25,Completed,1
F1373,2025-03-20,Cooperative Collection Centre,Rythu Colony,Krishna,Paddy,BPT-5204,14.05,29,Tractor,1,3,5,10:00-11:00,Thursday,3,24,26,24.8,88.6,47.0,Medium,Rainy,0,25,Completed,1
F1374,2024-06-21,Rural Market Yard,Lakshmi Nagar,Krishna,Maize,Pioneer-3396,8.84,18,Tractor,1,5,11,11:00-12:00,Friday,6,19,14,19.2,54.6,32.9,Medium,Clear,0,25,Cancelled,0
F1375,2025-04-14,Cooperative Collection Centre,Lakshmi Nagar,Krishna,Cotton,NCS-145,13.13,27,Mini Truck,1,2,12,16:00-17:00,Monday,4,19,19,24.1,95.0,47.9,High,Cloudy,0,20,Completed,1
F1376,2025-12-05,Cooperative Collection Centre,Greenfield,Krishna,Maize,Pioneer-3396,12.76,26,Mini Truck,1,4,6,08:00-09:00,Friday,12,45,40,19.2,124.0,50.2,High,Clear,0,20,Cancelled,2
F1377,2025-11-21,Rural Market Yard,Kisanpur,Krishna,Maize,DHM-117,7.71,16,Mini Truck,2,2,8,09:00-10:00,Friday,11,53,53,16.9,150.8,54.6,High,Clear,0,20,Cancelled,2
F1378,2025-01-23,Cooperative Collection Centre,Lakshmi Nagar,Krishna,Paddy,BPT-5204,6.55,14,Auto,2,3,10,09:00-10:00,Thursday,1,50,52,13.2,140.6,48.3,High,Clear,0,20,Cancelled,2
F1379,2025-11-05,Rural Market Yard,Rythu Colony,Krishna,Maize,DHM-117,9.16,19,Tractor,2,2,11,16:00-17:00,Wednesday,11,30,33,17.4,110.8,45.1,High,Clear,0,20,Completed,2
F1380,2024-08-18,Mandal Procurement Centre,Lakshmi Nagar,Krishna,Paddy,Sona Masuri,3.66,8,Tractor,2,3,8,10:00-11:00,Sunday,8,36,34,12.2,71.4,30.1,High,Clear,0,25,Completed,0
F1381,2025-06-24,Rural Market Yard,Kisanpur,Krishna,Cotton,Bt Cotton,21.85,44,Tractor,2,3,11,09:00-10:00,Tuesday,6,34,38,36.8,157.8,76.2,High,Clear,0,20,Completed,3
F1382,2025-11-26,Cooperative Collection Centre,Kisanpur,Krishna,Paddy,Sona Masuri,12.98,26,Mini Truck,2,4,5,08:00-09:00,Wednesday,11,43,45,23.5,142.1,59.0,High,Clear,0,20,Completed,2
F1383,2025-11-04,Cooperative Collection Centre,Greenfield,Krishna,Paddy,BPT-5204,4.66,10,Mini Truck,1,5,4,12:00-13:00,Tuesday,11,37,33,11.9,88.0,33.9,High,Clear,0,20,Completed,0
F1384,2025-10-29,Cooperative Collection Centre,Lakshmi Nagar,Krishna,Cotton,NCS-145,10.92,22,Mini Truck,2,4,9,08:00-09:00,Wednesday,10,38,37,16.7,112.8,44.9,High,Rainy,0,20,Completed,2
F1385,2024-07-19,Rural Market Yard,Rythu Colony,Krishna,Paddy,BPT-5204,8.12,17,Tractor,2,5,12,12:00-13:00,Friday,7,25,29,17.7,83.2,38.5,High,Clear,0,20,Completed,0
F1386,2025-02-27,Mandal Procurement Centre,Lakshmi Nagar,Krishna,Cotton,NCS-145,11.71,24,Auto,1,2,5,08:00-09:00,Thursday,2,33,35,23.4,136.3,57.5,High,Clear,1,20,Completed,2
F1387,2024-03-14,Mandal Procurement Centre,Lakshmi Nagar,Krishna,Cotton,Bt Cotton,5.06,11,Auto,1,3,11,09:00-10:00,Thursday,3,38,30,15.8,102.3,41.4,High,Cloudy,0,20,Cancelled,0
F1388,2024-07-17,Rural Market Yard,Lakshmi Nagar,Krishna,Cotton,Bt Cotton,10.91,22,Tractor,3,4,10,08:00-09:00,Wednesday,7,39,40,18.5,137.6,52.9,High,Clear,0,20,Completed,2
F1389,2024-12-20,Rural Market Yard,Lakshmi Nagar,Krishna,Paddy,Sona Masuri,6.39,13,Mini Truck,1,3,9,11:00-12:00,Friday,12,28,31,13.8,81.0,34.0,Medium,Cloudy,0,25,Completed,0
F1390,2024-09-13,Mandal Procurement Centre,Greenfield,Krishna,Paddy,Sona Masuri,6.63,14,Tractor,3,4,6,15:00-16:00,Friday,9,23,26,18.6,85.3,39.9,Medium,Clear,0,25,Cancelled,0
F1391,2024-06-08,Cooperative Collection Centre,Greenfield,Krishna,Paddy,BPT-5204,11.16,23,Tractor,2,4,6,09:00-10:00,Saturday,6,28,24,23.4,102.0,48.9,High,Clear,0,20,Cancelled,1
F1392,2024-11-15,Rural Market Yard,Lakshmi Nagar,Krishna,Cotton,NCS-145,8.73,18,Mini Truck,1,2,11,09:00-10:00,Friday,11,50,43,16.6,127.0,48.4,High,Clear,0,20,Cancelled,2
F1393,2024-03-27,Mandal Procurement Centre,Kisanpur,Krishna,Paddy,BPT-5204,6.99,14,Auto,3,3,12,15:00-16:00,Wednesday,3,15,19,14.0,78.0,33.5,Medium,Rainy,0,25,Cancelled,0
F1394,2024-05-04,Mandal Procurement Centre,Kisanpur,Krishna,Maize,DHM-117,9.61,20,Mini Truck,2,3,7,16:00-17:00,Saturday,5,23,19,18.0,88.0,40.0,Medium,Clear,0,20,Completed,0
F1395,2025-12-10,Rural Market Yard,Rythu Colony,Krishna,Cotton,NCS-145,18.73,38,Mini Truck,2,4,5,14:00-15:00,Wednesday,12,30,28,28.3,118.4,57.9,High,Clear,0,25,Completed,3
F1396,2024-09-10,Mandal Procurement Centre,Greenfield,Krishna,Maize,Pioneer-3396,12.44,25,Auto,3,5,8,11:00-12:00,Tuesday,9,25,34,21.9,112.8,50.1,High,Clear,1,25,Cancelled,1
F1397,2024-10-28,Rural Market Yard,Rythu Colony,Krishna,Paddy,Sona Masuri,3.66,8,Tractor,1,3,11,15:00-16:00,Monday,10,38,38,11.3,77.3,30.6,High,Clear,0,25,Completed,0
F1398,2025-07-24,Mandal Procurement Centre,Lakshmi Nagar,Krishna,Cotton,Bt Cotton,3.63,8,Mini Truck,1,4,6,08:00-09:00,Thursday,7,33,29,15.7,91.3,38.5,High,Cloudy,0,20,Completed,0
F1399,2025-01-11,Cooperative Collection Centre,Kisanpur,Krishna,Maize,Pioneer-3396,10.77,22,Tractor,3,4,12,15:00-16:00,Saturday,1,41,45,22.6,115.6,51.5,High,Clear,0,25,Completed,2
F1400,2024-09-04,Mandal Procurement Centre,Rythu Colony,Krishna,Maize,DHM-117,6.99,14,Tractor,1,3,9,14:00-15:00,Wednesday,9,15,16,14.2,46.9,25.9,Medium,Cloudy,0,25,Cancelled,0
F1401,2025-03-22,Mandal Procurement Centre,Greenfield,Krishna,Maize,Pioneer-3396,6.21,13,Mini Truck,3,2,4,12:00-13:00,Saturday,3,33,37,18.2,140.8,53.4,High,Clear,0,20,Completed,2
F1402,2025-09-01,Rural Market Yard,Rythu Colony,Krishna,Cotton,Bt Cotton,3.31,7,Mini Truck,2,3,4,15:00-16:00,Monday,9,18,15,14.5,67.8,31.4,Medium,Clear,0,25,Completed,0
F1403,2024-06-04,Rural Market Yard,Kisanpur,Krishna,Paddy,BPT-5204,13.0,26,Mini Truck,3,2,12,14:00-15:00,Tuesday,6,5,6,25.4,72.4,43.5,Medium,Rainy,0,25,Completed,1
F1404,2025-01-30,Mandal Procurement Centre,Greenfield,Krishna,Maize,Pioneer-3396,2.32,5,Tractor,3,4,4,10:00-11:00,Thursday,1,46,42,9.2,101.6,34.6,High,Clear,0,25,Completed,2
F1405,2024-03-28,Mandal Procurement Centre,Rythu Colony,Krishna,Paddy,BPT-5204,8.1,17,Tractor,1,4,12,10:00-11:00,Thursday,3,30,27,15.4,75.4,34.2,Medium,Clear,0,25,Completed,0
F1406,2024-03-21,Mandal Procurement Centre,Greenfield,Krishna,Cotton,NCS-145,4.79,10,Tractor,3,3,8,08:00-09:00,Thursday,3,36,37,14.6,131.8,47.6,High,Clear,0,20,Cancelled,2
F1407,2025-05-25,Mandal Procurement Centre,Rythu Colony,Krishna,Maize,Pioneer-3396,13.25,27,Mini Truck,2,5,12,14:00-15:00,Sunday,5,31,31,24.9,106.7,51.6,High,Clear,0,25,Completed,1
F1408,2025-12-20,Mandal Procurement Centre,Lakshmi Nagar,Krishna,Cotton,NCS-145,10.8,22,Mini Truck,3,5,6,15:00-16:00,Saturday,12,30,25,18.7,98.8,43.4,High,Cloudy,0,25,Completed,1
F1409,2025-09-10,Rural Market Yard,Kisanpur,Krishna,Paddy,Sona Masuri,19.07,39,Tractor,1,5,12,11:00-12:00,Wednesday,9,18,17,31.0,73.6,49.4,Medium,Cloudy,0,25,Completed,1
F1410,2024-10-05,Rural Market Yard,Lakshmi Nagar,Krishna,Maize,DHM-117,11.96,24,Tractor,3,5,8,15:00-16:00,Saturday,10,37,36,25.0,120.3,55.1,High,Cloudy,0,25,Cancelled,1
F1411,2025-03-20,Rural Market Yard,Rythu Colony,Krishna,Cotton,NCS-145,7.87,16,Tractor,1,3,5,14:00-15:00,Thursday,3,26,25,18.6,83.2,39.4,Medium,Cloudy,0,25,Cancelled,0
F1412,2024-03-17,Mandal Procurement Centre,Greenfield,Krishna,Cotton,Bt Cotton,3.69,8,Mini Truck,3,4,6,11:00-12:00,Sunday,3,28,29,14.8,71.9,32.8,Medium,Clear,0,25,Completed,0
F1413,2024-02-05,Cooperative Collection Centre,Greenfield,Krishna,Maize,Pioneer-3396,9.5,19,Mini Truck,1,4,5,10:00-11:00,Monday,2,34,29,17.4,77.7,36.8,Medium,Clear,0,25,Completed,0
F1414,2025-04-08,Rural Market Yard,Kisanpur,Krishna,Cotton,Bt Cotton,6.75,14,Tractor,2,2,4,14:00-15:00,Tuesday,4,11,11,16.2,73.0,34.5,Medium,Cloudy,0,25,Cancelled,0
F1415,2024-01-04,Cooperative Collection Centre,Greenfield,Krishna,Maize,DHM-117,10.43,21,Tractor,1,4,6,09:00-10:00,Thursday,1,38,34,19.2,104.3,45.3,High,Rainy,0,20,Completed,2
F1416,2024-11-24,Rural Market Yard,Rythu Colony,Krishna,Paddy,Sona Masuri,11.32,23,Tractor,1,2,8,08:00-09:00,Sunday,11,57,56,20.4,181.4,65.8,High,Cloudy,0,20,Completed,2
F1417,2024-06-22,Cooperative Collection Centre,Greenfield,Krishna,Maize,DHM-117,23.42,47,Tractor,1,4,6,15:00-16:00,Saturday,6,27,27,35.6,125.3,66.9,High,Clear,0,25,Completed,3
F1418,2024-08-02,Rural Market Yard,Kisanpur,Krishna,Cotton,NCS-145,16.48,33,Mini Truck,1,4,5,14:00-15:00,Friday,8,10,17,30.1,103.2,55.9,High,Rainy,0,25,Completed,1
F1419,2025-04-04,Rural Market Yard,Lakshmi Nagar,Krishna,Maize,DHM-117,5.14,11,Tractor,2,2,8,10:00-11:00,Friday,4,42,37,16.7,111.3,44.5,High,Clear,0,25,Cancelled,2
F1420,2024-06-04,Cooperative Collection Centre,Greenfield,Krishna,Paddy,Sona Masuri,6.7,14,Mini Truck,3,3,11,16:00-17:00,Tuesday,6,17,16,13.1,89.1,35.4,Medium,Cloudy,0,20,Completed,0
F1421,2024-10-15,Mandal Procurement Centre,Rythu Colony,Krishna,Maize,DHM-117,14.17,29,Tractor,1,4,9,15:00-16:00,Tuesday,10,39,42,27.2,124.7,58.4,High,Clear,0,25,Completed,3
F1422,2025-05-09,Mandal Procurement Centre,Rythu Colony,Krishna,Paddy,Sona Masuri,3.5,7,Mini Truck,1,5,11,14:00-15:00,Friday,5,28,34,12.6,63.9,28.6,High,Cloudy,0,25,Completed,0
F1423,2025-11-26,Cooperative Collection Centre,Kisanpur,Krishna,Paddy,BPT-5204,11.16,23,Auto,1,4,9,14:00-15:00,Wednesday,11,33,34,23.9,101.2,49.2,High,Clear,0,25,Completed,1
F1424,2025-06-23,Cooperative Collection Centre,Lakshmi Nagar,Krishna,Maize,Pioneer-3396,2.15,5,Tractor,1,4,7,10:00-11:00,Monday,6,36,36,11.1,77.1,30.4,High,Clear,0,25,Completed,0
F1425,2025-04-24,Rural Market Yard,Greenfield,Krishna,Paddy,Sona Masuri,14.69,30,Mini Truck,3,5,9,16:00-17:00,Thursday,4,27,20,24.1,100.6,49.2,High,Clear,0,20,Completed,1
F1426,2025-11-17,Cooperative Collection Centre,Kisanpur,Krishna,Paddy,Sona Masuri,12.39,25,Tractor,3,3,4,10:00-11:00,Monday,11,43,44,23.0,140.2,58.0,High,Rainy,0,25,Completed,2
F1427,2025-10-25,Cooperative Collection Centre,Kisanpur,Krishna,Paddy,BPT-5204,20.05,41,Mini Truck,1,2,12,11:00-12:00,Saturday,10,29,14,31.6,91.6,54.5,High,Rainy,0,25,Completed,1
F1428,2025-12-19,Cooperative Collection Centre,Rythu Colony,Krishna,Paddy,Sona Masuri,6.92,14,Tractor,2,4,9,09:00-10:00,Friday,12,34,36,16.1,105.3,42.4,High,Rainy,0,20,Completed,2
F1429,2024-03-10,Cooperative Collection Centre,Greenfield,Krishna,Paddy,BPT-5204,20.92,42,Tractor,1,3,4,15:00-16:00,Sunday,3,16,19,32.7,115.1,61.5,High,Clear,0,25,Completed,3
F1430,2024-08-08,Mandal Procurement Centre,Rythu Colony,Krishna,Cotton,NCS-145,4.97,10,Tractor,2,2,11,12:00-13:00,Thursday,8,28,30,16.7,102.2,42.2,High,Clear,0,20,Completed,0
F1431,2025-10-24,Mandal Procurement Centre,Lakshmi Nagar,Krishna,Paddy,Sona Masuri,8.41,17,Auto,1,5,9,10:00-11:00,Friday,10,43,49,18.2,110.1,45.7,High,Clear,0,25,Completed,2
F1432,2024-03-20,Cooperative Collection Centre,Rythu Colony,Krishna,Cotton,Bt Cotton,4.28,9,Tractor,2,5,7,11:00-12:00,Wednesday,3,28,29,10.5,66.6,27.1,Medium,Cloudy,0,25,Completed,0
F1433,2025-12-16,Rural Market Yard,Greenfield,Krishna,Cotton,Bt Cotton,6.87,14,Mini Truck,3,2,9,10:00-11:00,Tuesday,12,42,46,12.2,121.1,42.5,High,Rainy,1,25,Cancelled,2
F1434,2024-03-01,Cooperative Collection Centre,Rythu Colony,Krishna,Cotton,NCS-145,5.58,12,Mini Truck,1,3,10,16:00-17:00,Friday,3,15,12,13.2,51.8,26.1,Medium,Rainy,0,20,Completed,0
F1435,2025-01-11,Rural Market Yard,Lakshmi Nagar,Krishna,Paddy,BPT-5204,17.53,36,Mini Truck,1,2,8,11:00-12:00,Saturday,1,36,40,28.9,131.6,61.8,High,Cloudy,1,25,Completed,3
F1436,2025-03-27,Rural Market Yard,Lakshmi Nagar,Krishna,Paddy,Sona Masuri,23.89,48,Mini Truck,1,5,11,10:00-11:00,Thursday,3,31,39,35.4,117.2,64.7,High,Clear,0,25,Completed,3
F1437,2024-02-13,Rural Market Yard,Lakshmi Nagar,Krishna,Paddy,BPT-5204,3.92,8,Tractor,1,2,5,09:00-10:00,Tuesday,2,33,31,14.5,89.6,36.9,High,Clear,0,20,Cancelled,0
F1438,2025-01-24,Cooperative Collection Centre,Kisanpur,Krishna,Paddy,Sona Masuri,2.0,4,Auto,2,4,12,11:00-12:00,Friday,1,30,32,12.5,70.8,30.2,Medium,Rainy,0,25,Completed,0
F1439,2025-11-07,Cooperative Collection Centre,Kisanpur,Krishna,Maize,Pioneer-3396,17.24,35,Mini Truck,3,2,9,09:00-10:00,Friday,11,55,57,29.9,214.9,83.6,High,Clear,0,20,Completed,3
F1440,2025-04-22,Cooperative Collection Centre,Greenfield,Krishna,Cotton,NCS-145,22.88,46,Auto,2,5,10,08:00-09:00,Tuesday,4,27,28,37.2,133.1,70.5,High,Clear,1,20,Completed,3
F1441,2025-06-01,Mandal Procurement Centre,Greenfield,Krishna,Paddy,Sona Masuri,6.57,14,Mini Truck,1,3,9,15:00-16:00,Sunday,6,21,6,13.9,37.3,23.2,Low,Cloudy,0,25,Completed,0
F1442,2024-05-25,Rural Market Yard,Kisanpur,Krishna,Cotton,Bt Cotton,5.53,12,Auto,3,4,11,11:00-12:00,Saturday,5,25,29,15.4,75.6,34.3,Medium,Cloudy,0,25,Completed,0
F1443,2024-08-09,Mandal Procurement Centre,Greenfield,Krishna,Maize,DHM-117,3.51,8,Auto,2,2,10,14:00-15:00,Friday,8,23,20,14.6,72.5,32.7,Medium,Clear,0,25,Completed,0
F1444,2024-12-12,Cooperative Collection Centre,Greenfield,Krishna,Maize,Pioneer-3396,9.05,19,Tractor,3,3,9,09:00-10:00,Thursday,12,53,48,21.7,153.6,60.1,High,Clear,1,20,Completed,2
F1445,2025-05-03,Cooperative Collection Centre,Greenfield,Krishna,Maize,Pioneer-3396,14.95,30,Tractor,2,2,4,08:00-09:00,Saturday,5,32,32,27.6,147.3,64.4,High,Cloudy,0,20,Cancelled,3
F1446,2024-11-29,Rural Market Yard,Greenfield,Krishna,Paddy,BPT-5204,11.92,24,Tractor,3,3,6,11:00-12:00,Friday,11,35,28,21.3,102.5,46.9,High,Clear,0,25,Cancelled,1
F1447,2025-02-22,Cooperative Collection Centre,Rythu Colony,Krishna,Maize,Pioneer-3396,10.5,21,Tractor,2,3,9,12:00-13:00,Saturday,2,34,29,19.0,106.8,45.7,High,Clear,0,20,Completed,1
F1448,2025-07-17,Cooperative Collection Centre,Lakshmi Nagar,Krishna,Maize,DHM-117,7.67,16,Auto,3,2,6,14:00-15:00,Thursday,7,14,13,18.2,80.8,38.4,Medium,Clear,0,25,Cancelled,0
F1449,2024-10-29,Rural Market Yard,Greenfield,Krishna,Paddy,Sona Masuri,13.59,28,Mini Truck,3,2,4,12:00-13:00,Tuesday,10,38,39,25.2,156.0,64.2,High,Clear,0,20,Completed,3
F1450,2024-06-12,Mandal Procurement Centre,Greenfield,Krishna,Paddy,Sona Masuri,12.36,25,Tractor,2,3,6,09:00-10:00,Wednesday,6,34,33,21.5,133.0,54.8,High,Clear,0,20,Cancelled,2
F1451,2024-07-11,Mandal Procurement Centre,Lakshmi Nagar,Krishna,Maize,DHM-117,9.76,20,Tractor,3,3,4,08:00-09:00,Thursday,7,40,45,19.0,139.5,53.9,High,Clear,0,20,Completed,2
F1452,2024-10-17,Cooperative Collection Centre,Kisanpur,Krishna,Maize,DHM-117,19.78,40,Auto,2,4,5,09:00-10:00,Thursday,10,53,49,36.6,192.9,84.8,High,Clear,0,20,Cancelled,3
F1453,2025-04-06,Cooperative Collection Centre,Greenfield,Krishna,Paddy,BPT-5204,4.21,9,Auto,1,4,8,08:00-09:00,Sunday,4,40,41,14.3,111.3,42.1,High,Clear,0,20,Completed,2
F1454,2024-08-27,Cooperative Collection Centre,Kisanpur,Krishna,Paddy,BPT-5204,6.99,14,Tractor,3,3,10,10:00-11:00,Tuesday,8,33,33,19.2,100.7,44.4,High,Rainy,0,25,Cancelled,2
F1455,2025-12-29,Rural Market Yard,Rythu Colony,Krishna,Paddy,Sona Masuri,21.64,44,Tractor,2,4,9,16:00-17:00,Monday,12,28,27,38.0,138.8,72.7,High,Rainy,0,20,Completed,3
F1456,2025-03-08,Rural Market Yard,Lakshmi Nagar,Krishna,Cotton,NCS-145,8.78,18,Mini Truck,3,4,11,14:00-15:00,Saturday,3,13,12,14.2,49.6,26.6,Medium,Rainy,0,25,Completed,0
F1457,2024-10-11,Mandal Procurement Centre,Lakshmi Nagar,Krishna,Paddy,BPT-5204,10.77,22,Tractor,2,5,8,11:00-12:00,Friday,10,44,42,19.2,107.0,46.0,High,Clear,0,25,Completed,2
F1458,2025-01-22,Cooperative Collection Centre,Rythu Colony,Krishna,Paddy,Sona Masuri,10.1,21,Tractor,3,3,8,09:00-10:00,Wednesday,1,48,50,16.3,161.7,56.7,High,Cloudy,0,20,Completed,2
F1459,2024-07-31,Cooperative Collection Centre,Greenfield,Krishna,Paddy,Sona Masuri,22.33,45,Auto,3,3,12,09:00-10:00,Wednesday,7,26,19,38.2,131.0,71.0,High,Rainy,0,20,Completed,3
F1460,2025-04-24,Rural Market Yard,Greenfield,Krishna,Paddy,Sona Masuri,3.87,8,Mini Truck,2,5,11,15:00-16:00,Thursday,4,23,28,12.1,74.7,30.8,Medium,Clear,0,25,Cancelled,0
F1461,2025-04-06,Rural Market Yard,Rythu Colony,Krishna,Maize,DHM-117,15.69,32,Tractor,1,5,7,16:00-17:00,Sunday,4,26,31,24.8,114.4,53.4,High,Clear,0,20,Completed,1
F1462,2025-01-08,Rural Market Yard,Lakshmi Nagar,Krishna,Maize,Pioneer-3396,9.31,19,Tractor,1,3,9,08:00-09:00,Wednesday,1,43,47,16.4,113.9,44.9,High,Cloudy,0,20,Completed,2
F1463,2024-06-04,Cooperative Collection Centre,Lakshmi Nagar,Krishna,Cotton,Bt Cotton,15.49,31,Auto,3,5,10,08:00-09:00,Tuesday,6,45,50,26.5,169.2,68.8,High,Cloudy,0,20,Cancelled,3
F1464,2024-11-17,Rural Market Yard,Kisanpur,Krishna,Cotton,NCS-145,12.9,26,Tractor,3,5,5,14:00-15:00,Sunday,11,34,31,21.9,106.7,48.6,High,Clear,0,25,Completed,1
F1465,2025-07-22,Mandal Procurement Centre,Kisanpur,Krishna,Maize,DHM-117,13.71,28,Mini Truck,3,4,8,12:00-13:00,Tuesday,7,25,22,23.9,97.7,48.3,High,Clear,0,20,Completed,1
F1466,2024-05-31,Rural Market Yard,Kisanpur,Krishna,Cotton,NCS-145,9.91,20,Tractor,2,2,4,08:00-09:00,Friday,5,36,36,22.5,144.4,58.6,High,Clear,0,20,Completed,2
F1467,2024-06-12,Mandal Procurement Centre,Lakshmi Nagar,Krishna,Maize,Pioneer-3396,14.27,29,Tractor,3,3,6,10:00-11:00,Wednesday,6,34,41,22.9,126.3,54.5,High,Cloudy,0,25,Completed,2
F1468,2025-09-17,Mandal Procurement Centre,Kisanpur,Krishna,Paddy,Sona Masuri,8.0,16,Tractor,1,5,5,11:00-12:00,Wednesday,9,10,3,17.5,21.7,22.9,Low,Cloudy,0,25,Cancelled,0
F1469,2024-09-21,Rural Market Yard,Rythu Colony,Krishna,Cotton,NCS-145,7.24,15,Mini Truck,1,5,10,11:00-12:00,Saturday,9,27,24,19.4,69.1,36.7,Medium,Clear,0,25,Cancelled,0
F1470,2025-04-19,Mandal Procurement Centre,Kisanpur,Krishna,Cotton,Bt Cotton,12.15,25,Auto,2,4,8,15:00-16:00,Saturday,4,24,29,18.4,87.9,40.4,Medium,Clear,1,25,Completed,1
F1471,2024-06-17,Rural Market Yard,Greenfield,Krishna,Maize,Pioneer-3396,4.06,9,Mini Truck,2,2,7,12:00-13:00,Monday,6,22,20,14.4,79.7,34.3,Medium,Clear,0,20,Completed,0
F1472,2024-12-27,Mandal Procurement Centre,Kisanpur,Krishna,Cotton,NCS-145,7.4,15,Mini Truck,1,2,7,10:00-11:00,Friday,12,51,46,18.7,123.6,49.6,High,Clear,0,25,Completed,2
F1473,2025-02-17,Cooperative Collection Centre,Greenfield,Krishna,Maize,DHM-117,4.26,9,Auto,3,4,6,10:00-11:00,Monday,2,33,26,13.1,98.8,37.8,High,Cloudy,1,25,Completed,0
F1474,2024-12-18,Rural Market Yard,Lakshmi Nagar,Krishna,Maize,DHM-117,5.44,11,Mini Truck,2,4,4,16:00-17:00,Wednesday,12,43,48,15.0,143.9,51.0,High,Cloudy,0,20,Completed,2
F1475,2024-06-12,Cooperative Collection Centre,Greenfield,Krishna,Maize,Pioneer-3396,9.94,20,Auto,1,2,12,08:00-09:00,Wednesday,6,33,32,23.5,110.5,51.1,High,Cloudy,0,20,Completed,1
F1476,2024-06-02,Cooperative Collection Centre,Lakshmi Nagar,Krishna,Maize,DHM-117,16.28,33,Mini Truck,2,3,6,10:00-11:00,Sunday,6,33,38,25.0,137.0,59.2,High,Rainy,0,25,Completed,3
F1477,2025-01-01,Cooperative Collection Centre,Kisanpur,Krishna,Maize,Pioneer-3396,6.8,14,Tractor,2,2,4,14:00-15:00,Wednesday,1,34,30,18.1,101.9,43.6,High,Clear,0,25,Cancelled,0
F1478,2024-09-06,Cooperative Collection Centre,Rythu Colony,Krishna,Cotton,NCS-145,12.2,25,Mini Truck,3,5,8,08:00-09:00,Friday,9,33,35,26.0,117.5,55.4,High,Cloudy,0,20,Completed,1
F1479,2025-03-02,Cooperative Collection Centre,Rythu Colony,Krishna,Paddy,BPT-5204,14.58,30,Mini Truck,3,4,4,11:00-12:00,Sunday,3,24,20,28.0,95.3,51.8,High,Clear,1,25,Cancelled,1
F1480,2025-04-13,Cooperative Collection Centre,Kisanpur,Krishna,Paddy,BPT-5204,9.64,20,Mini Truck,3,5,12,12:00-13:00,Sunday,4,17,15,22.5,67.3,39.3,Medium,Rainy,0,20,Cancelled,1
F1481,2024-10-09,Mandal Procurement Centre,Lakshmi Nagar,Krishna,Cotton,NCS-145,6.7,14,Mini Truck,3,5,10,15:00-16:00,Wednesday,10,23,20,15.3,72.6,33.5,Medium,Rainy,0,25,Completed,0
F1482,2024-09-18,Mandal Procurement Centre,Kisanpur,Krishna,Cotton,Bt Cotton,8.51,18,Mini Truck,1,4,4,15:00-16:00,Wednesday,9,18,16,18.7,68.1,35.7,Medium,Clear,0,25,Completed,0
F1483,2025-11-04,Mandal Procurement Centre,Rythu Colony,Krishna,Paddy,Sona Masuri,23.76,48,Auto,3,2,4,09:00-10:00,Tuesday,11,48,51,34.0,212.1,87.0,High,Clear,0,20,Completed,3
F1484,2025-09-11,Mandal Procurement Centre,Kisanpur,Krishna,Paddy,BPT-5204,9.97,20,Auto,1,3,11,14:00-15:00,Thursday,9,21,14,18.2,55.8,32.1,Medium,Clear,0,25,Completed,0
F1485,2024-02-14,Rural Market Yard,Greenfield,Krishna,Cotton,Bt Cotton,12.29,25,Tractor,2,4,9,11:00-12:00,Wednesday,2,27,34,23.7,107.5,50.6,High,Clear,0,25,Completed,1
F1486,2024-02-23,Cooperative Collection Centre,Rythu Colony,Krishna,Paddy,BPT-5204,17.77,36,Auto,2,5,12,09:00-10:00,Friday,2,27,24,30.3,113.7,58.7,High,Rainy,0,20,Completed,1
F1487,2024-06-06,Rural Market Yard,Rythu Colony,Krishna,Cotton,NCS-145,7.72,16,Tractor,2,3,4,08:00-09:00,Thursday,6,29,31,18.1,108.6,45.2,High,Clear,0,20,Cancelled,2
F1488,2025-11-04,Mandal Procurement Centre,Rythu Colony,Krishna,Cotton,NCS-145,7.6,16,Tractor,1,4,7,15:00-16:00,Tuesday,11,37,40,19.9,98.6,44.5,High,Clear,0,25,Cancelled,2
F1489,2025-03-04,Rural Market Yard,Rythu Colony,Krishna,Maize,Pioneer-3396,10.29,21,Tractor,3,3,5,08:00-09:00,Tuesday,3,44,48,25.3,160.0,65.3,High,Cloudy,0,20,Completed,2
F1490,2025-11-02,Cooperative Collection Centre,Kisanpur,Krishna,Paddy,Sona Masuri,5.76,12,Tractor,2,5,6,08:00-09:00,Sunday,11,47,49,14.2,132.5,47.3,High,Clear,0,20,Completed,2
F1491,2024-02-08,Cooperative Collection Centre,Greenfield,Krishna,Paddy,Sona Masuri,6.68,14,Mini Truck,3,3,9,16:00-17:00,Thursday,2,18,23,17.1,87.2,38.9,Medium,Cloudy,0,20,Completed,0
F1492,2025-09-20,Cooperative Collection Centre,Lakshmi Nagar,Krishna,Paddy,Sona Masuri,9.54,20,Auto,1,4,8,15:00-16:00,Saturday,9,31,32,20.1,110.0,47.6,High,Clear,0,25,Completed,2
F1493,2024-01-08,Cooperative Collection Centre,Kisanpur,Krishna,Maize,DHM-117,2.62,6,Tractor,3,2,4,16:00-17:00,Monday,1,30,29,9.2,110.6,36.8,High,Clear,0,20,Completed,0
F1494,2024-06-10,Rural Market Yard,Kisanpur,Krishna,Paddy,BPT-5204,13.31,27,Auto,2,2,12,10:00-11:00,Monday,6,31,33,23.7,112.8,51.9,High,Rainy,0,25,Completed,1
F1495,2025-04-20,Mandal Procurement Centre,Greenfield,Krishna,Paddy,BPT-5204,8.17,17,Auto,2,5,4,14:00-15:00,Sunday,4,29,29,14.8,84.3,35.9,Medium,Cloudy,1,25,Completed,0
F1496,2025-04-05,Cooperative Collection Centre,Kisanpur,Krishna,Cotton,Bt Cotton,11.95,24,Tractor,1,3,7,10:00-11:00,Saturday,4,42,41,26.7,113.7,55.1,High,Clear,0,25,Completed,1
F1497,2025-05-22,Mandal Procurement Centre,Lakshmi Nagar,Krishna,Paddy,Sona Masuri,4.33,9,Tractor,1,5,7,15:00-16:00,Thursday,5,23,17,17.2,52.7,30.4,Medium,Cloudy,0,25,Cancelled,0
F1498,2025-02-05,Cooperative Collection Centre,Kisanpur,Krishna,Cotton,Bt Cotton,12.8,26,Tractor,1,3,8,16:00-17:00,Wednesday,2,26,22,25.0,103.9,51.0,High,Clear,0,20,Completed,1
F1499,2025-08-10,Cooperative Collection Centre,Rythu Colony,Krishna,Maize,Pioneer-3396,15.38,31,Tractor,3,5,4,16:00-17:00,Sunday,8,30,32,26.3,128.9,58.5,High,Clear,0,20,Completed,3
F1500,2025-01-18,Cooperative Collection Centre,Rythu Colony,Krishna,Paddy,BPT-5204,31.1,63,Mini Truck,2,2,8,16:00-17:00,Saturday,1,33,32,42.9,194.0,91.4,High,Clear,0,20,Cancelled,3
F1501,2024-08-02,Cooperative Collection Centre,Rythu Colony,Krishna,Maize,DHM-117,5.41,11,Tractor,2,3,9,15:00-16:00,Friday,8,27,29,17.2,72.0,35.2,Medium,Clear,0,25,Cancelled,0
F1502,2025-01-05,Rural Market Yard,Greenfield,Krishna,Maize,DHM-117,15.01,31,Tractor,3,3,8,16:00-17:00,Sunday,1,38,43,25.9,166.9,67.6,High,Cloudy,0,20,Completed,3
F1503,2025-10-08,Cooperative Collection Centre,Lakshmi Nagar,Krishna,Maize,DHM-117,3.45,7,Tractor,2,2,4,14:00-15:00,Wednesday,10,29,34,12.3,84.3,33.4,High,Clear,0,25,Completed,0
F1504,2025-05-04,Rural Market Yard,Greenfield,Krishna,Cotton,NCS-145,20.37,41,Mini Truck,3,5,5,12:00-13:00,Sunday,5,19,20,31.0,124.4,62.1,High,Clear,0,20,Cancelled,3
F1505,2024-02-26,Cooperative Collection Centre,Lakshmi Nagar,Krishna,Cotton,NCS-145,12.46,25,Tractor,1,5,7,10:00-11:00,Monday,2,30,34,21.7,97.5,46.1,High,Clear,1,25,Completed,1
F1506,2024-08-04,Rural Market Yard,Kisanpur,Krishna,Paddy,Sona Masuri,7.2,15,Mini Truck,3,5,7,11:00-12:00,Sunday,8,30,41,15.0,123.0,45.8,High,Clear,1,25,Completed,2
F1507,2025-04-10,Mandal Procurement Centre,Greenfield,Krishna,Cotton,Bt Cotton,8.47,17,Tractor,3,2,11,16:00-17:00,Thursday,4,7,9,15.2,49.3,27.5,Medium,Rainy,0,20,Completed,0
F1508,2024-11-03,Rural Market Yard,Rythu Colony,Krishna,Paddy,Sona Masuri,22.06,45,Mini Truck,3,3,10,11:00-12:00,Sunday,11,41,45,35.3,178.7,80.0,High,Rainy,0,25,Completed,3
F1509,2025-11-24,Mandal Procurement Centre,Rythu Colony,Krishna,Cotton,Bt Cotton,5.75,12,Mini Truck,1,4,11,10:00-11:00,Monday,11,46,41,13.9,80.6,34.0,High,Clear,0,25,Completed,2
F1510,2025-09-05,Rural Market Yard,Rythu Colony,Krishna,Cotton,NCS-145,13.43,27,Tractor,3,4,12,08:00-09:00,Friday,9,32,30,23.9,139.7,58.8,High,Cloudy,0,20,Cancelled,1
F1511,2024-03-10,Rural Market Yard,Kisanpur,Krishna,Cotton,Bt Cotton,15.77,32,Auto,3,3,12,12:00-13:00,Sunday,3,35,37,24.7,145.9,61.2,High,Clear,0,20,Completed,3
F1512,2025-09-21,Rural Market Yard,Rythu Colony,Krishna,Paddy,BPT-5204,7.75,16,Auto,1,2,10,11:00-12:00,Sunday,9,28,21,16.5,64.6,32.6,Medium,Cloudy,0,25,Completed,0
F1513,2024-08-24,Rural Market Yard,Kisanpur,Krishna,Cotton,Bt Cotton,11.16,23,Auto,2,4,11,12:00-13:00,Saturday,8,21,24,20.9,100.4,46.0,High,Rainy,0,20,Cancelled,1
F1514,2025-09-23,Rural Market Yard,Rythu Colony,Krishna,Maize,Pioneer-3396,5.89,12,Tractor,2,4,11,11:00-12:00,Tuesday,9,23,16,12.9,54.1,26.4,Medium,Cloudy,0,25,Completed,0
F1515,2024-10-24,Rural Market Yard,Rythu Colony,Krishna,Cotton,Bt Cotton,11.09,23,Mini Truck,2,5,12,14:00-15:00,Thursday,10,26,22,22.2,64.3,38.3,Medium,Clear,0,25,Completed,1
F1516,2025-09-03,Rural Market Yard,Rythu Colony,Krishna,Paddy,BPT-5204,17.29,35,Tractor,2,3,6,15:00-16:00,Wednesday,9,13,15,32.3,106.0,58.8,High,Rainy,0,25,Completed,1
F1517,2025-12-30,Mandal Procurement Centre,Kisanpur,Krishna,Maize,DHM-117,7.99,16,Tractor,2,2,11,09:00-10:00,Tuesday,12,50,44,18.8,139.6,53.7,High,Cloudy,0,20,Completed,2
F1518,2025-01-22,Cooperative Collection Centre,Kisanpur,Krishna,Paddy,Sona Masuri,16.19,33,Auto,3,2,4,15:00-16:00,Wednesday,1,45,52,25.5,170.5,68.1,High,Clear,0,25,Cancelled,3
F1519,2025-07-15,Cooperative Collection Centre,Greenfield,Krishna,Cotton,Bt Cotton,10.21,21,Auto,2,4,10,15:00-16:00,Tuesday,7,26,22,17.9,74.1,36.4,Medium,Cloudy,0,25,Completed,0
F1520,2025-03-09,Rural Market Yard,Kisanpur,Krishna,Maize,Pioneer-3396,19.34,39,Auto,1,3,5,12:00-13:00,Sunday,3,26,23,30.7,116.5,59.8,High,Cloudy,0,20,Completed,3
F1521,2025-06-30,Rural Market Yard,Rythu Colony,Krishna,Cotton,Bt Cotton,6.51,14,Auto,1,5,5,09:00-10:00,Monday,6,38,34,15.1,82.7,35.8,High,Cloudy,0,20,Cancelled,0
F1522,2024-12-22,Cooperative Collection Centre,Greenfield,Krishna,Cotton,Bt Cotton,15.04,31,Tractor,3,5,11,15:00-16:00,Sunday,12,44,41,30.4,137.0,64.7,High,Clear,0,25,Completed,3
F1523,2024-05-01,Rural Market Yard,Greenfield,Krishna,Maize,DHM-117,4.17,9,Mini Truck,1,2,10,11:00-12:00,Wednesday,5,19,19,9.0,49.6,21.4,Medium,Cloudy,0,25,Completed,0
F1524,2025-07-29,Mandal Procurement Centre,Kisanpur,Krishna,Maize,DHM-117,9.08,19,Tractor,3,2,8,09:00-10:00,Tuesday,7,33,34,16.9,129.2,49.2,High,Clear,0,20,Completed,2
F1525,2025-07-29,Cooperative Collection Centre,Lakshmi Nagar,Krishna,Cotton,Bt Cotton,7.18,15,Tractor,2,2,9,08:00-09:00,Tuesday,7,39,38,15.1,111.1,42.9,High,Clear,0,20,Completed,2
F1526,2025-06-04,Mandal Procurement Centre,Rythu Colony,Krishna,Cotton,Bt Cotton,6.91,14,Mini Truck,2,2,9,16:00-17:00,Wednesday,6,28,31,20.5,100.5,45.6,High,Cloudy,0,20,Completed,2
F1527,2025-03-11,Cooperative Collection Centre,Lakshmi Nagar,Krishna,Cotton,NCS-145,4.12,9,Tractor,1,2,8,09:00-10:00,Tuesday,3,33,36,12.7,101.6,38.1,High,Rainy,0,20,Completed,2
F1528,2024-10-24,Rural Market Yard,Kisanpur,Krishna,Paddy,BPT-5204,6.19,13,Tractor,3,5,11,14:00-15:00,Thursday,10,28,27,14.0,65.5,30.4,Medium,Rainy,0,25,Completed,0
F1529,2024-10-28,Rural Market Yard,Rythu Colony,Krishna,Maize,DHM-117,5.31,11,Auto,2,2,11,11:00-12:00,Monday,10,35,33,16.7,95.3,40.5,High,Cloudy,0,25,Cancelled,0
F1530,2025-01-24,Cooperative Collection Centre,Rythu Colony,Krishna,Maize,Pioneer-3396,16.69,34,Mini Truck,3,3,12,12:00-13:00,Friday,1,40,40,28.0,161.5,68.4,High,Clear,0,20,Completed,3
F1531,2024-03-17,Mandal Procurement Centre,Kisanpur,Krishna,Cotton,Bt Cotton,10.44,21,Mini Truck,2,5,11,08:00-09:00,Sunday,3,25,26,23.2,92.2,46.2,High,Rainy,0,20,Completed,1
F1532,2025-04-30,Rural Market Yard,Kisanpur,Krishna,Paddy,Sona Masuri,8.22,17,Tractor,3,2,7,14:00-15:00,Wednesday,4,18,19,17.9,106.4,44.5,High,Cloudy,0,25,Completed,0
F1533,2025-03-20,Cooperative Collection Centre,Lakshmi Nagar,Krishna,Maize,DHM-117,16.78,34,Auto,3,5,4,10:00-11:00,Thursday,3,16,15,30.8,98.8,55.5,High,Rainy,0,25,Completed,1
F1534,2024-03-02,Cooperative Collection Centre,Kisanpur,Krishna,Paddy,Sona Masuri,11.74,24,Tractor,3,3,7,15:00-16:00,Saturday,3,30,30,21.4,106.5,48.0,High,Clear,0,25,Completed,1
F1535,2024-07-30,Cooperative Collection Centre,Greenfield,Krishna,Paddy,BPT-5204,10.27,21,Mini Truck,1,4,8,16:00-17:00,Tuesday,7,18,14,17.6,43.5,28.5,Low,Cloudy,0,20,Completed,0
F1536,2024-04-21,Rural Market Yard,Lakshmi Nagar,Krishna,Cotton,NCS-145,6.88,14,Tractor,3,2,11,08:00-09:00,Sunday,4,41,42,18.3,124.4,49.4,High,Cloudy,0,20,Completed,2
F1537,2024-11-13,Cooperative Collection Centre,Lakshmi Nagar,Krishna,Maize,DHM-117,4.44,9,Mini Truck,1,3,10,11:00-12:00,Wednesday,11,26,24,11.3,63.8,27.2,Medium,Rainy,0,25,Cancelled,0
F1538,2024-10-17,Rural Market Yard,Rythu Colony,Krishna,Paddy,BPT-5204,7.99,16,Tractor,3,4,8,10:00-11:00,Thursday,10,34,29,14.5,93.8,38.0,High,Rainy,0,25,Cancelled,0
F1539,2024-05-18,Cooperative Collection Centre,Greenfield,Krishna,Maize,Pioneer-3396,10.1,21,Tractor,1,5,8,12:00-13:00,Saturday,5,23,18,19.8,68.3,36.9,Medium,Clear,0,20,Completed,0
F1540,2024-09-15,Cooperative Collection Centre,Lakshmi Nagar,Krishna,Cotton,NCS-145,9.91,20,Mini Truck,3,2,8,12:00-13:00,Sunday,9,26,25,22.0,122.2,52.5,High,Clear,0,20,Completed,1
F1541,2025-10-15,Cooperative Collection Centre,Kisanpur,Krishna,Cotton,Bt Cotton,6.92,14,Mini Truck,2,2,7,12:00-13:00,Wednesday,10,38,42,15.8,126.7,47.5,High,Clear,0,20,Completed,2
F1542,2025-04-10,Rural Market Yard,Greenfield,Krishna,Maize,Pioneer-3396,8.14,17,Mini Truck,2,4,8,09:00-10:00,Thursday,4,31,30,16.6,109.3,43.9,High,Clear,0,20,Completed,2
F1543,2024-11-09,Mandal Procurement Centre,Greenfield,Krishna,Maize,Pioneer-3396,7.58,16,Auto,3,5,5,08:00-09:00,Saturday,11,41,41,11.6,134.2,45.1,High,Clear,0,20,Cancelled,2
F1544,2025-06-07,Cooperative Collection Centre,Kisanpur,Krishna,Maize,DHM-117,9.54,20,Tractor,1,2,12,14:00-15:00,Saturday,6,37,40,15.3,101.2,40.6,High,Clear,0,25,Completed,2
F1545,2025-11-05,Mandal Procurement Centre,Kisanpur,Krishna,Paddy,Sona Masuri,8.45,17,Auto,1,2,9,16:00-17:00,Wednesday,11,39,45,19.2,134.9,52.9,High,Clear,0,20,Completed,2
F1546,2025-11-16,Mandal Procurement Centre,Lakshmi Nagar,Krishna,Paddy,Sona Masuri,8.55,18,Tractor,1,2,9,15:00-16:00,Sunday,11,38,34,18.1,90.9,40.8,High,Clear,0,25,Completed,2
F1547,2025-07-08,Rural Market Yard,Kisanpur,Krishna,Paddy,Sona Masuri,6.49,13,Tractor,2,3,11,15:00-16:00,Tuesday,7,27,22,19.5,59.6,34.4,Medium,Cloudy,0,25,Completed,0
F1548,2024-04-29,Cooperative Collection Centre,Lakshmi Nagar,Krishna,Paddy,BPT-5204,7.88,16,Mini Truck,3,4,4,14:00-15:00,Monday,4,22,17,19.3,76.6,38.5,Medium,Clear,0,25,Completed,0
F1549,2025-06-18,Mandal Procurement Centre,Greenfield,Krishna,Maize,Pioneer-3396,7.38,15,Tractor,3,5,5,09:00-10:00,Wednesday,6,30,29,15.7,98.8,40.4,High,Cloudy,0,20,Completed,0
F1550,2024-10-05,Cooperative Collection Centre,Lakshmi Nagar,Krishna,Paddy,BPT-5204,13.58,28,Tractor,3,4,7,09:00-10:00,Saturday,10,42,42,25.4,142.1,60.9,High,Clear,0,20,Cancelled,3
F1551,2025-02-03,Cooperative Collection Centre,Lakshmi Nagar,Krishna,Maize,DHM-117,8.2,17,Tractor,2,5,5,14:00-15:00,Monday,2,23,27,20.7,92.9,43.9,High,Clear,0,25,Cancelled,1
F1552,2025-11-08,Cooperative Collection Centre,Rythu Colony,Krishna,Maize,Pioneer-3396,7.16,15,Auto,1,4,6,11:00-12:00,Saturday,11,34,42,17.9,94.0,41.4,High,Clear,0,25,Completed,2
F1553,2024-08-19,Rural Market Yard,Lakshmi Nagar,Krishna,Paddy,BPT-5204,16.22,33,Mini Truck,3,5,6,10:00-11:00,Monday,8,33,29,29.6,114.2,58.2,High,Clear,0,25,Completed,3
F1554,2024-07-16,Mandal Procurement Centre,Kisanpur,Krishna,Paddy,BPT-5204,10.58,22,Tractor,3,3,7,11:00-12:00,Tuesday,7,12,14,18.5,76.3,37.6,Medium,Rainy,0,25,Completed,0
F1555,2025-01-29,Rural Market Yard,Rythu Colony,Krishna,Maize,DHM-117,5.45,11,Tractor,3,4,4,16:00-17:00,Wednesday,1,32,28,13.3,94.3,36.9,High,Clear,0,20,Completed,0
F1556,2025-10-03,Rural Market Yard,Lakshmi Nagar,Krishna,Maize,DHM-117,5.37,11,Mini Truck,3,5,11,12:00-13:00,Friday,10,31,32,14.7,94.8,38.4,High,Rainy,0,20,Completed,0
F1557,2024-03-09,Mandal Procurement Centre,Kisanpur,Krishna,Cotton,Bt Cotton,5.64,12,Mini Truck,3,5,12,16:00-17:00,Saturday,3,17,13,16.4,54.4,30.0,Medium,Rainy,0,20,Cancelled,0
F1558,2025-12-08,Mandal Procurement Centre,Greenfield,Krishna,Maize,DHM-117,13.91,28,Tractor,2,2,4,16:00-17:00,Monday,12,43,52,24.5,186.7,71.2,High,Clear,0,20,Completed,3
F1559,2024-04-28,Rural Market Yard,Rythu Colony,Krishna,Maize,Pioneer-3396,4.88,10,Tractor,3,4,9,14:00-15:00,Sunday,4,21,11,14.8,56.0,28.8,Medium,Cloudy,0,25,Completed,0
F1560,2024-12-16,Rural Market Yard,Greenfield,Krishna,Maize,Pioneer-3396,21.85,44,Auto,2,5,5,16:00-17:00,Monday,12,32,36,34.1,162.6,74.8,High,Clear,0,20,Completed,3
F1561,2024-05-05,Cooperative Collection Centre,Kisanpur,Krishna,Cotton,NCS-145,14.96,30,Mini Truck,3,5,8,09:00-10:00,Sunday,5,39,42,22.4,151.1,60.2,High,Clear,0,20,Completed,3
F1562,2025-11-01,Rural Market Yard,Lakshmi Nagar,Krishna,Paddy,Sona Masuri,13.21,27,Mini Truck,1,4,10,08:00-09:00,Saturday,11,51,47,23.4,151.7,61.3,High,Clear,0,20,Completed,3
F1563,2024-10-24,Rural Market Yard,Kisanpur,Krishna,Paddy,BPT-5204,20.8,42,Tractor,3,5,5,16:00-17:00,Thursday,10,36,40,30.0,173.6,73.4,High,Cloudy,0,20,Cancelled,3
F1564,2025-02-01,Mandal Procurement Centre,Lakshmi Nagar,Krishna,Paddy,Sona Masuri,3.02,7,Tractor,3,2,9,10:00-11:00,Saturday,2,30,30,11.0,95.2,34.8,High,Rainy,0,25,Completed,0
F1565,2025-03-16,Rural Market Yard,Lakshmi Nagar,Krishna,Maize,Pioneer-3396,6.67,14,Auto,3,4,9,14:00-15:00,Sunday,3,38,31,17.6,96.2,41.7,High,Clear,0,25,Completed,0
F1566,2024-04-01,Rural Market Yard,Rythu Colony,Krishna,Maize,Pioneer-3396,3.94,8,Tractor,1,4,7,16:00-17:00,Monday,4,24,13,11.1,26.9,17.8,Low,Clear,0,20,Completed,0
F1567,2025-06-30,Rural Market Yard,Lakshmi Nagar,Krishna,Maize,DHM-117,8.98,18,Tractor,2,5,4,08:00-09:00,Monday,6,33,33,20.2,117.3,49.5,High,Clear,0,20,Cancelled,2
F1568,2025-09-10,Mandal Procurement Centre,Greenfield,Krishna,Maize,Pioneer-3396,18.69,38,Tractor,1,4,8,16:00-17:00,Wednesday,9,19,11,31.2,83.0,52.0,Medium,Rainy,0,20,Completed,1
F1569,2024-03-17,Rural Market Yard,Rythu Colony,Krishna,Cotton,Bt Cotton,9.23,19,Auto,2,4,9,10:00-11:00,Sunday,3,35,33,20.0,96.9,44.2,High,Cloudy,0,25,Completed,1
F1570,2024-01-18,Rural Market Yard,Lakshmi Nagar,Krishna,Cotton,NCS-145,4.72,10,Tractor,1,3,10,16:00-17:00,Thursday,1,37,34,17.5,82.9,38.2,High,Clear,0,20,Cancelled,0
F1571,2024-11-30,Mandal Procurement Centre,Rythu Colony,Krishna,Paddy,Sona Masuri,11.13,23,Tractor,1,3,10,10:00-11:00,Saturday,11,50,43,19.2,107.1,46.0,High,Clear,1,25,Completed,2
F1572,2025-02-25,Cooperative Collection Centre,Kisanpur,Krishna,Maize,DHM-117,8.63,18,Tractor,3,2,5,08:00-09:00,Tuesday,2,35,32,19.0,130.3,51.6,High,Cloudy,0,20,Completed,2
F1573,2025-06-24,Mandal Procurement Centre,Greenfield,Krishna,Paddy,BPT-5204,9.46,19,Mini Truck,1,4,10,11:00-12:00,Tuesday,6,29,24,19.0,74.8,37.7,Medium,Cloudy,0,25,Completed,0
F1574,2024-05-05,Cooperative Collection Centre,Rythu Colony,Krishna,Paddy,BPT-5204,13.82,28,Tractor,2,4,4,10:00-11:00,Sunday,5,46,51,25.3,140.4,60.4,High,Cloudy,0,25,Completed,3
F1575,2025-01-14,Mandal Procurement Centre,Rythu Colony,Krishna,Paddy,BPT-5204,18.42,37,Auto,3,3,4,10:00-11:00,Tuesday,1,51,51,26.4,173.1,69.7,High,Cloudy,0,25,Completed,3
F1576,2024-12-16,Rural Market Yard,Lakshmi Nagar,Krishna,Maize,Pioneer-3396,3.33,7,Tractor,1,4,4,10:00-11:00,Monday,12,44,40,12.5,77.1,31.8,High,Clear,0,25,Completed,0
F1577,2024-03-07,Mandal Procurement Centre,Greenfield,Krishna,Maize,DHM-117,3.87,8,Tractor,1,5,8,16:00-17:00,Thursday,3,18,18,13.2,35.8,22.1,Low,Clear,0,20,Completed,0
F1578,2025-10-13,Cooperative Collection Centre,Greenfield,Krishna,Cotton,NCS-145,6.12,13,Mini Truck,2,4,8,15:00-16:00,Monday,10,36,30,17.5,67.5,34.4,Medium,Clear,0,25,Cancelled,0
F1579,2024-12-26,Rural Market Yard,Kisanpur,Krishna,Cotton,NCS-145,6.26,13,Mini Truck,1,5,9,09:00-10:00,Thursday,12,47,42,16.3,112.3,44.4,High,Clear,0,20,Completed,2
F1580,2024-04-20,Rural Market Yard,Lakshmi Nagar,Krishna,Maize,DHM-117,12.47,25,Auto,1,4,4,10:00-11:00,Saturday,4,44,47,23.6,138.3,58.2,High,Clear,0,25,Completed,2
F1581,2024-03-20,Mandal Procurement Centre,Lakshmi Nagar,Krishna,Cotton,Bt Cotton,4.79,10,Mini Truck,3,5,6,16:00-17:00,Wednesday,3,27,27,10.1,94.8,33.8,High,Cloudy,0,20,Completed,0
F1582,2025-09-23,Mandal Procurement Centre,Rythu Colony,Krishna,Maize,Pioneer-3396,23.15,47,Mini Truck,1,4,11,09:00-10:00,Tuesday,9,34,36,34.8,147.7,71.7,High,Cloudy,0,20,Completed,3
F1583,2024-09-14,Mandal Procurement Centre,Lakshmi Nagar,Krishna,Maize,DHM-117,7.3,15,Auto,1,3,10,14:00-15:00,Saturday,9,31,31,18.5,69.6,35.9,Medium,Clear,0,25,Cancelled,0
F1584,2025-11-27,Mandal Procurement Centre,Lakshmi Nagar,Krishna,Cotton,Bt Cotton,19.72,40,Mini Truck,2,5,4,10:00-11:00,Thursday,11,47,52,32.1,157.8,71.6,High,Clear,0,25,Cancelled,3
F1585,2024-01-02,Mandal Procurement Centre,Kisanpur,Krishna,Paddy,Sona Masuri,11.17,23,Auto,2,3,12,14:00-15:00,Tuesday,1,29,28,21.3,98.5,45.9,High,Rainy,0,25,Cancelled,1
F1586,2025-08-27,Rural Market Yard,Rythu Colony,Krishna,Maize,Pioneer-3396,10.13,21,Auto,2,3,7,10:00-11:00,Wednesday,8,31,31,19.1,116.9,48.3,High,Cloudy,0,25,Completed,2
F1587,2024-09-08,Cooperative Collection Centre,Rythu Colony,Krishna,Cotton,Bt Cotton,5.76,12,Auto,2,2,9,10:00-11:00,Sunday,9,39,43,15.9,109.4,43.2,High,Clear,1,25,Cancelled,2
F1588,2025-09-14,Mandal Procurement Centre,Lakshmi Nagar,Krishna,Paddy,BPT-5204,8.69,18,Tractor,2,2,7,10:00-11:00,Sunday,9,28,19,14.1,71.9,32.1,Medium,Rainy,0,25,Completed,0
F1589,2025-02-08,Rural Market Yard,Rythu Colony,Krishna,Paddy,BPT-5204,22.29,45,Mini Truck,2,5,9,14:00-15:00,Saturday,2,31,39,36.4,143.0,72.2,High,Clear,0,25,Completed,3
F1590,2025-03-10,Mandal Procurement Centre,Lakshmi Nagar,Krishna,Cotton,Bt Cotton,4.67,10,Mini Truck,3,2,7,09:00-10:00,Monday,3,22,20,15.2,89.8,37.6,Medium,Cloudy,0,20,Completed,0
F1591,2024-11-27,Mandal Procurement Centre,Rythu Colony,Krishna,Paddy,BPT-5204,17.85,36,Mini Truck,2,5,6,08:00-09:00,Wednesday,11,42,45,33.6,177.4,78.0,High,Cloudy,0,20,Completed,3
F1592,2025-07-26,Rural Market Yard,Greenfield,Krishna,Cotton,NCS-145,12.11,25,Tractor,2,3,5,14:00-15:00,Saturday,7,17,15,24.8,98.6,49.5,High,Clear,0,25,Completed,1
F1593,2024-10-31,Mandal Procurement Centre,Rythu Colony,Krishna,Cotton,Bt Cotton,7.76,16,Tractor,3,4,8,16:00-17:00,Thursday,10,28,29,15.9,115.6,44.8,High,Rainy,0,20,Cancelled,2
F1594,2024-02-22,Cooperative Collection Centre,Rythu Colony,Krishna,Cotton,Bt Cotton,14.2,29,Auto,1,5,7,09:00-10:00,Thursday,2,24,28,26.9,95.8,50.8,High,Rainy,0,20,Cancelled,1
F1595,2025-03-29,Cooperative Collection Centre,Rythu Colony,Krishna,Cotton,Bt Cotton,4.56,10,Tractor,1,5,4,10:00-11:00,Saturday,3,49,47,12.7,102.2,38.2,High,Clear,0,25,Completed,2
F1596,2025-01-15,Rural Market Yard,Lakshmi Nagar,Krishna,Cotton,Bt Cotton,7.9,16,Tractor,1,2,9,15:00-16:00,Wednesday,1,33,25,20.5,83.4,41.4,Medium,Clear,0,25,Completed,0
F1597,2024-12-28,Cooperative Collection Centre,Kisanpur,Krishna,Paddy,BPT-5204,6.31,13,Tractor,1,3,11,11:00-12:00,Saturday,12,30,27,14.4,63.0,30.1,Medium,Rainy,0,25,Completed,0
F1598,2024-10-17,Rural Market Yard,Kisanpur,Krishna,Maize,Pioneer-3396,8.09,17,Tractor,3,4,8,14:00-15:00,Thursday,10,36,38,18.4,110.7,46.1,High,Clear,0,25,Completed,2
F1599,2025-08-26,Rural Market Yard,Kisanpur,Krishna,Maize,Pioneer-3396,14.01,29,Mini Truck,1,4,5,16:00-17:00,Tuesday,8,18,21,25.9,104.9,52.1,High,Clear,0,20,Completed,1
F1600,2025-10-26,Mandal Procurement Centre,Rythu Colony,Krishna,Paddy,BPT-5204,10.2,21,Tractor,2,2,7,16:00-17:00,Sunday,10,33,30,21.0,116.8,50.2,High,Clear,1,20,Cancelled,1
F1601,2025-08-19,Cooperative Collection Centre,Lakshmi Nagar,Krishna,Maize,Pioneer-3396,10.86,22,Mini Truck,3,2,8,14:00-15:00,Tuesday,8,13,17,19.4,95.4,43.2,High,Clear,1,25,Completed,1
F1602,2024-02-29,Rural Market Yard,Lakshmi Nagar,Krishna,Paddy,BPT-5204,10.15,21,Tractor,3,4,8,08:00-09:00,Thursday,2,35,38,19.0,121.2,49.3,High,Clear,0,20,Completed,2
F1603,2024-01-20,Rural Market Yard,Kisanpur,Krishna,Cotton,Bt Cotton,6.1,13,Tractor,2,4,8,12:00-13:00,Saturday,1,48,47,18.3,136.5,52.4,High,Cloudy,0,20,Completed,2
F1604,2025-10-04,Mandal Procurement Centre,Greenfield,Krishna,Cotton,NCS-145,7.71,16,Tractor,3,2,7,10:00-11:00,Saturday,10,51,54,18.2,138.6,52.8,High,Clear,1,25,Completed,2
F1605,2025-09-27,Rural Market Yard,Rythu Colony,Krishna,Cotton,Bt Cotton,6.36,13,Tractor,1,3,6,10:00-11:00,Saturday,9,40,42,14.7,99.9,39.7,High,Clear,0,25,Completed,2
F1606,2025-03-10,Cooperative Collection Centre,Kisanpur,Krishna,Paddy,BPT-5204,14.77,30,Tractor,3,5,11,14:00-15:00,Monday,3,9,14,26.5,88.9,48.7,Medium,Rainy,0,25,Completed,1
F1607,2024-05-12,Cooperative Collection Centre,Greenfield,Krishna,Paddy,BPT-5204,11.24,23,Mini Truck,3,3,11,14:00-15:00,Sunday,5,15,18,24.2,78.6,43.8,Medium,Rainy,0,25,Cancelled,1
F1608,2025-04-14,Mandal Procurement Centre,Lakshmi Nagar,Krishna,Cotton,NCS-145,4.53,10,Auto,3,2,4,15:00-16:00,Monday,4,21,23,12.0,85.3,33.3,Medium,Cloudy,0,25,Completed,0
F1609,2024-10-21,Mandal Procurement Centre,Rythu Colony,Krishna,Paddy,Sona Masuri,14.14,29,Tractor,3,4,5,14:00-15:00,Monday,10,39,29,28.9,114.2,57.5,High,Clear,0,25,Completed,1
F1610,2025-10-28,Cooperative Collection Centre,Lakshmi Nagar,Krishna,Cotton,NCS-145,6.38,13,Auto,2,3,8,14:00-15:00,Tuesday,10,32,27,12.4,84.7,33.6,Medium,Clear,0,25,Completed,0
F1611,2025-09-22,Cooperative Collection Centre,Lakshmi Nagar,Krishna,Cotton,NCS-145,11.3,23,Auto,2,3,9,08:00-09:00,Monday,9,38,45,21.1,141.1,56.4,High,Clear,0,20,Completed,2
F1612,2024-11-30,Cooperative Collection Centre,Lakshmi Nagar,Krishna,Paddy,Sona Masuri,18.54,38,Auto,1,4,6,14:00-15:00,Saturday,11,47,50,30.7,153.0,69.0,High,Clear,0,25,Cancelled,3
F1613,2025-09-06,Rural Market Yard,Kisanpur,Krishna,Paddy,BPT-5204,24.95,50,Tractor,1,5,4,09:00-10:00,Saturday,9,39,32,35.6,149.6,73.0,High,Clear,0,20,Completed,3
F1614,2024-07-07,Mandal Procurement Centre,Rythu Colony,Krishna,Maize,DHM-117,10.14,21,Mini Truck,2,5,4,16:00-17:00,Sunday,7,15,10,18.1,63.0,33.9,Medium,Rainy,0,20,Completed,0
F1615,2025-11-30,Mandal Procurement Centre,Lakshmi Nagar,Krishna,Cotton,NCS-145,2.47,5,Tractor,2,4,12,11:00-12:00,Sunday,11,46,47,11.8,85.0,33.0,High,Clear,0,25,Completed,2
F1616,2024-02-17,Mandal Procurement Centre,Lakshmi Nagar,Krishna,Cotton,NCS-145,12.86,26,Tractor,3,3,8,12:00-13:00,Saturday,2,34,33,24.1,140.5,59.2,High,Clear,0,20,Completed,3
F1617,2025-07-22,Rural Market Yard,Kisanpur,Krishna,Cotton,Bt Cotton,12.2,25,Tractor,1,5,4,09:00-10:00,Tuesday,7,34,36,21.4,121.5,51.8,High,Clear,0,20,Completed,2
F1618,2024-04-26,Rural Market Yard,Lakshmi Nagar,Krishna,Paddy,Sona Masuri,10.59,22,Tractor,1,2,11,09:00-10:00,Friday,4,33,36,18.9,116.3,48.0,High,Clear,0,20,Completed,2
F1619,2025-01-18,Rural Market Yard,Kisanpur,Krishna,Maize,DHM-117,9.2,19,Mini Truck,1,3,12,08:00-09:00,Saturday,1,49,46,16.1,136.4,50.2,High,Cloudy,0,20,Cancelled,2
F1620,2025-11-03,Cooperative Collection Centre,Lakshmi Nagar,Krishna,Cotton,NCS-145,21.22,43,Mini Truck,3,5,12,12:00-13:00,Monday,11,27,29,32.9,134.0,66.4,High,Rainy,0,20,Completed,3
F1621,2024-07-07,Mandal Procurement Centre,Rythu Colony,Krishna,Maize,DHM-117,6.91,14,Auto,2,3,12,11:00-12:00,Sunday,7,28,32,13.5,81.7,33.9,Medium,Clear,0,25,Cancelled,0
F1622,2025-01-21,Cooperative Collection Centre,Lakshmi Nagar,Krishna,Maize,DHM-117,10.47,21,Mini Truck,3,3,4,12:00-13:00,Tuesday,1,35,39,18.5,154.7,57.2,High,Clear,0,20,Cancelled,2
F1623,2025-08-27,Mandal Procurement Centre,Kisanpur,Krishna,Cotton,Bt Cotton,6.5,13,Mini Truck,2,2,12,15:00-16:00,Wednesday,8,17,14,17.5,64.2,33.5,Medium,Clear,0,25,Cancelled,0
F1624,2025-04-26,Cooperative Collection Centre,Lakshmi Nagar,Krishna,Cotton,NCS-145,2.0,4,Mini Truck,1,5,6,10:00-11:00,Saturday,4,45,43,9.6,58.1,24.1,High,Clear,0,25,Completed,0
F1625,2024-12-03,Mandal Procurement Centre,Rythu Colony,Krishna,Maize,Pioneer-3396,17.41,35,Auto,1,3,10,12:00-13:00,Tuesday,12,39,37,25.8,125.1,57.1,High,Cloudy,0,20,Completed,3
F1626,2024-04-10,Cooperative Collection Centre,Kisanpur,Krishna,Paddy,Sona Masuri,11.35,23,Tractor,3,4,7,15:00-16:00,Wednesday,4,26,22,19.1,85.2,40.4,Medium,Cloudy,0,25,Completed,1
F1627,2025-05-10,Rural Market Yard,Lakshmi Nagar,Krishna,Cotton,NCS-145,11.71,24,Mini Truck,1,4,7,11:00-12:00,Saturday,5,13,9,24.4,60.0,39.4,Medium,Rainy,0,25,Completed,1
F1628,2025-02-27,Rural Market Yard,Lakshmi Nagar,Krishna,Paddy,BPT-5204,4.42,9,Mini Truck,3,3,6,09:00-10:00,Thursday,2,31,34,10.6,95.5,34.5,High,Cloudy,0,20,Cancelled,0
F1629,2025-04-09,Cooperative Collection Centre,Greenfield,Krishna,Maize,DHM-117,4.44,9,Mini Truck,3,5,9,08:00-09:00,Wednesday,4,32,32,12.0,80.6,32.1,High,Clear,0,20,Completed,0
F1630,2025-03-17,Cooperative Collection Centre,Kisanpur,Krishna,Maize,DHM-117,9.3,19,Mini Truck,1,3,7,12:00-13:00,Monday,3,22,17,21.5,57.6,35.9,Medium,Clear,0,20,Completed,0
F1631,2025-09-28,Mandal Procurement Centre,Kisanpur,Krishna,Paddy,BPT-5204,8.38,17,Tractor,3,2,12,09:00-10:00,Sunday,9,36,34,18.0,120.8,48.2,High,Clear,0,20,Cancelled,2
F1632,2024-10-04,Mandal Procurement Centre,Greenfield,Krishna,Cotton,NCS-145,9.23,19,Tractor,1,5,7,15:00-16:00,Friday,10,37,44,18.9,106.0,45.4,High,Cloudy,0,25,Cancelled,2
F1633,2024-06-12,Cooperative Collection Centre,Greenfield,Krishna,Cotton,Bt Cotton,8.68,18,Auto,1,5,12,09:00-10:00,Wednesday,6,44,37,21.1,107.3,47.9,High,Clear,0,20,Completed,2
F1634,2025-12-21,Rural Market Yard,Kisanpur,Krishna,Maize,DHM-117,15.31,31,Tractor,1,5,5,12:00-13:00,Sunday,12,41,43,28.3,140.4,63.4,High,Clear,0,20,Cancelled,3
F1635,2025-05-29,Cooperative Collection Centre,Lakshmi Nagar,Krishna,Cotton,NCS-145,8.54,18,Mini Truck,3,4,6,11:00-12:00,Thursday,5,31,31,14.3,103.0,40.0,High,Clear,0,25,Completed,0
F1636,2024-08-15,Rural Market Yard,Rythu Colony,Krishna,Cotton,Bt Cotton,10.6,22,Tractor,3,5,10,12:00-13:00,Thursday,8,14,11,17.8,70.0,35.3,Medium,Clear,0,20,Completed,0
F1637,2025-06-19,Cooperative Collection Centre,Lakshmi Nagar,Krishna,Maize,DHM-117,11.45,23,Mini Truck,2,5,4,10:00-11:00,Thursday,6,25,25,23.3,93.8,46.8,High,Clear,0,25,Completed,1
F1638,2024-11-29,Rural Market Yard,Greenfield,Krishna,Paddy,Sona Masuri,9.33,19,Mini Truck,3,4,10,10:00-11:00,Friday,11,46,49,21.7,138.0,56.2,High,Clear,0,25,Completed,2
F1639,2025-07-05,Rural Market Yard,Greenfield,Krishna,Paddy,Sona Masuri,2.24,5,Tractor,3,5,5,08:00-09:00,Saturday,7,38,36,7.0,92.2,30.1,High,Clear,0,20,Completed,0
F1640,2024-01-22,Rural Market Yard,Lakshmi Nagar,Krishna,Paddy,Sona Masuri,11.91,24,Mini Truck,2,5,6,15:00-16:00,Monday,1,43,43,18.6,112.6,46.8,High,Cloudy,0,25,Completed,2
F1641,2024-12-20,Rural Market Yard,Greenfield,Krishna,Maize,Pioneer-3396,5.27,11,Mini Truck,2,2,6,10:00-11:00,Friday,12,51,55,14.3,132.5,47.4,High,Cloudy,1,25,Cancelled,2
F1642,2024-09-07,Rural Market Yard,Lakshmi Nagar,Krishna,Maize,DHM-117,9.84,20,Mini Truck,2,5,4,15:00-16:00,Saturday,9,23,18,18.2,73.2,36.5,Medium,Clear,0,25,Completed,0
F1643,2024-02-28,Cooperative Collection Centre,Greenfield,Krishna,Paddy,BPT-5204,6.5,13,Tractor,2,2,7,11:00-12:00,Wednesday,2,25,25,16.4,84.6,37.5,Medium,Cloudy,0,25,Completed,0
F1644,2025-12-01,Cooperative Collection Centre,Kisanpur,Krishna,Maize,DHM-117,4.65,10,Tractor,1,5,11,09:00-10:00,Monday,12,28,27,16.0,75.4,34.9,Medium,Rainy,0,20,Completed,0
F1645,2025-03-14,Cooperative Collection Centre,Rythu Colony,Krishna,Maize,DHM-117,10.67,22,Tractor,2,2,5,11:00-12:00,Friday,3,22,21,23.1,92.4,46.2,High,Clear,1,25,Completed,1
F1646,2024-03-10,Cooperative Collection Centre,Rythu Colony,Krishna,Maize,Pioneer-3396,3.97,8,Tractor,3,3,8,09:00-10:00,Sunday,3,40,35,12.7,96.5,36.8,High,Clear,0,20,Completed,0
F1647,2024-06-16,Cooperative Collection Centre,Kisanpur,Krishna,Cotton,Bt Cotton,8.74,18,Auto,2,5,8,09:00-10:00,Sunday,6,42,37,18.1,120.2,48.2,High,Clear,0,20,Completed,2
F1648,2025-12-24,Mandal Procurement Centre,Kisanpur,Krishna,Maize,DHM-117,6.61,14,Tractor,2,4,7,08:00-09:00,Wednesday,12,41,41,17.0,122.7,47.7,High,Rainy,0,20,Completed,2
F1649,2024-11-11,Mandal Procurement Centre,Kisanpur,Krishna,Maize,DHM-117,9.95,20,Mini Truck,2,4,8,11:00-12:00,Monday,11,47,47,22.5,119.0,52.2,High,Cloudy,0,25,Completed,2
F1650,2024-05-04,Rural Market Yard,Kisanpur,Krishna,Maize,Pioneer-3396,13.03,27,Auto,1,3,6,08:00-09:00,Saturday,5,38,37,26.1,132.1,59.1,High,Cloudy,0,20,Completed,3
F1651,2025-02-14,Cooperative Collection Centre,Greenfield,Krishna,Maize,Pioneer-3396,9.35,19,Tractor,2,2,9,09:00-10:00,Friday,2,32,38,19.9,121.5,50.3,High,Clear,0,20,Completed,2
F1652,2025-03-28,Mandal Procurement Centre,Greenfield,Krishna,Cotton,Bt Cotton,5.07,11,Auto,3,2,10,09:00-10:00,Friday,3,37,43,11.0,135.5,44.9,High,Clear,0,20,Cancelled,2
F1653,2025-02-27,Cooperative Collection Centre,Lakshmi Nagar,Krishna,Paddy,BPT-5204,11.5,23,Mini Truck,2,2,7,09:00-10:00,Thursday,2,33,33,19.4,111.7,47.3,High,Clear,0,20,Cancelled,2
F1654,2025-07-27,Cooperative Collection Centre,Greenfield,Krishna,Paddy,BPT-5204,12.69,26,Mini Truck,1,3,10,10:00-11:00,Sunday,7,43,42,25.0,115.5,53.9,High,Clear,0,25,Cancelled,2
F1655,2025-08-20,Mandal Procurement Centre,Lakshmi Nagar,Krishna,Maize,Pioneer-3396,7.8,16,Tractor,2,3,12,16:00-17:00,Wednesday,8,30,30,18.2,117.2,47.5,High,Cloudy,0,20,Completed,2
F1656,2025-09-19,Rural Market Yard,Lakshmi Nagar,Krishna,Paddy,BPT-5204,10.14,21,Tractor,3,4,9,16:00-17:00,Friday,9,23,30,20.4,125.4,51.8,High,Clear,0,20,Completed,2
F1657,2024-01-27,Mandal Procurement Centre,Rythu Colony,Krishna,Maize,DHM-117,16.91,34,Mini Truck,1,4,7,16:00-17:00,Saturday,1,32,34,25.0,118.8,54.7,High,Clear,0,20,Completed,3
F1658,2024-06-26,Rural Market Yard,Lakshmi Nagar,Krishna,Cotton,Bt Cotton,6.15,13,Auto,1,4,10,12:00-13:00,Wednesday,6,18,17,17.5,61.0,32.8,Medium,Cloudy,0,20,Cancelled,0
F1659,2024-09-14,Cooperative Collection Centre,Rythu Colony,Krishna,Maize,DHM-117,3.67,8,Tractor,2,4,11,14:00-15:00,Saturday,9,29,30,11.2,71.5,29.1,Medium,Clear,0,25,Completed,0
F1660,2024-09-30,Cooperative Collection Centre,Kisanpur,Krishna,Maize,DHM-117,12.31,25,Tractor,2,5,10,09:00-10:00,Monday,9,31,33,22.1,99.2,46.9,High,Rainy,0,20,Cancelled,1
F1661,2024-08-31,Rural Market Yard,Greenfield,Krishna,Paddy,BPT-5204,15.75,32,Mini Truck,3,3,9,10:00-11:00,Saturday,8,40,36,27.4,127.9,59.4,High,Clear,0,25,Completed,3
F1662,2025-05-06,Mandal Procurement Centre,Lakshmi Nagar,Krishna,Cotton,Bt Cotton,3.51,8,Auto,2,3,5,14:00-15:00,Tuesday,5,10,12,9.0,38.7,18.7,Low,Rainy,0,25,Cancelled,0
F1663,2024-09-21,Rural Market Yard,Greenfield,Krishna,Paddy,Sona Masuri,5.1,11,Tractor,1,2,8,09:00-10:00,Saturday,9,36,33,14.2,99.7,39.1,High,Clear,0,20,Completed,0
F1664,2024-11-16,Rural Market Yard,Kisanpur,Krishna,Paddy,BPT-5204,12.19,25,Mini Truck,3,3,8,08:00-09:00,Saturday,11,61,63,23.6,202.2,74.2,High,Clear,0,20,Completed,3
F1665,2024-09-19,Rural Market Yard,Kisanpur,Krishna,Paddy,Sona Masuri,17.26,35,Tractor,3,5,11,08:00-09:00,Thursday,9,37,34,30.5,143.7,66.4,High,Cloudy,1,20,Completed,3
F1666,2025-01-01,Rural Market Yard,Rythu Colony,Krishna,Paddy,Sona Masuri,13.29,27,Tractor,3,4,8,14:00-15:00,Wednesday,1,41,39,25.4,123.8,56.3,High,Clear,0,25,Cancelled,3
F1667,2024-01-02,Rural Market Yard,Rythu Colony,Krishna,Cotton,NCS-145,20.17,41,Mini Truck,3,2,4,08:00-09:00,Tuesday,1,50,48,33.9,182.5,79.5,High,Cloudy,0,20,Cancelled,3
F1668,2025-06-16,Rural Market Yard,Greenfield,Krishna,Maize,DHM-117,6.79,14,Tractor,3,3,5,14:00-15:00,Monday,6,24,22,14.9,83.1,35.7,Medium,Clear,0,25,Completed,0
F1669,2024-11-21,Rural Market Yard,Kisanpur,Krishna,Paddy,BPT-5204,7.16,15,Mini Truck,1,3,9,08:00-09:00,Thursday,11,50,49,17.7,131.9,50.7,High,Cloudy,0,20,Cancelled,2
F1670,2024-06-08,Mandal Procurement Centre,Kisanpur,Krishna,Cotton,NCS-145,7.93,16,Tractor,3,4,11,15:00-16:00,Saturday,6,25,18,17.4,69.5,34.8,Medium,Clear,0,25,Completed,0
F1671,2025-06-13,Mandal Procurement Centre,Lakshmi Nagar,Krishna,Maize,Pioneer-3396,14.2,29,Mini Truck,3,2,9,15:00-16:00,Friday,6,16,13,25.4,98.5,50.0,High,Clear,0,25,Cancelled,1
F1672,2025-10-07,Rural Market Yard,Rythu Colony,Krishna,Paddy,BPT-5204,8.7,18,Mini Truck,3,3,10,10:00-11:00,Tuesday,10,45,46,14.5,117.0,43.8,High,Clear,0,25,Cancelled,2
F1673,2025-04-14,Cooperative Collection Centre,Lakshmi Nagar,Krishna,Paddy,BPT-5204,6.41,13,Tractor,2,5,4,09:00-10:00,Monday,4,36,38,18.7,105.2,45.0,High,Cloudy,0,20,Completed,2
F1674,2025-05-18,Rural Market Yard,Kisanpur,Krishna,Cotton,Bt Cotton,9.14,19,Auto,1,3,7,14:00-15:00,Sunday,5,17,12,17.5,52.3,30.6,Medium,Rainy,0,25,Completed,0
F1675,2024-10-12,Cooperative Collection Centre,Lakshmi Nagar,Krishna,Maize,DHM-117,9.08,19,Auto,3,5,6,11:00-12:00,Saturday,10,38,40,20.0,109.7,47.4,High,Cloudy,0,25,Cancelled,2
F1676,2024-12-06,Cooperative Collection Centre,Lakshmi Nagar,Krishna,Cotton,Bt Cotton,12.5,25,Mini Truck,1,5,7,11:00-12:00,Friday,12,40,34,25.6,98.3,50.2,High,Clear,0,25,Completed,1
F1677,2024-10-24,Rural Market Yard,Rythu Colony,Krishna,Maize,DHM-117,6.79,14,Mini Truck,1,3,12,08:00-09:00,Thursday,10,54,54,15.9,138.6,50.5,High,Clear,0,20,Completed,2
F1678,2025-02-18,Cooperative Collection Centre,Rythu Colony,Krishna,Paddy,BPT-5204,17.11,35,Auto,2,3,5,08:00-09:00,Tuesday,2,32,26,28.5,109.1,55.8,High,Clear,1,20,Completed,1
F1679,2024-09-17,Rural Market Yard,Kisanpur,Krishna,Paddy,Sona Masuri,10.28,21,Tractor,3,4,8,08:00-09:00,Tuesday,9,38,39,20.3,120.0,50.3,High,Cloudy,0,20,Completed,2
F1680,2024-03-31,Cooperative Collection Centre,Kisanpur,Krishna,Cotton,Bt Cotton,13.03,27,Auto,1,3,7,08:00-09:00,Sunday,3,43,41,23.4,130.7,56.1,High,Clear,0,20,Cancelled,2
F1681,2024-10-25,Mandal Procurement Centre,Greenfield,Krishna,Maize,Pioneer-3396,6.67,14,Tractor,2,5,8,15:00-16:00,Friday,10,30,30,17.1,78.9,36.8,Medium,Rainy,1,25,Completed,0
F1682,2024-10-10,Mandal Procurement Centre,Greenfield,Krishna,Cotton,NCS-145,9.85,20,Mini Truck,1,2,12,08:00-09:00,Thursday,10,42,42,23.6,129.1,55.9,High,Cloudy,0,20,Completed,2
F1683,2024-06-16,Rural Market Yard,Lakshmi Nagar,Krishna,Maize,Pioneer-3396,7.54,16,Tractor,1,5,5,10:00-11:00,Sunday,6,40,41,22.4,108.9,49.6,High,Cloudy,0,25,Completed,2
F1684,2025-05-01,Cooperative Collection Centre,Lakshmi Nagar,Krishna,Cotton,Bt Cotton,14.75,30,Mini Truck,1,3,8,09:00-10:00,Thursday,5,34,31,26.7,108.6,53.8,High,Clear,0,20,Cancelled,1
F1685,2025-01-19,Rural Market Yard,Lakshmi Nagar,Krishna,Paddy,BPT-5204,9.2,19,Tractor,3,3,12,09:00-10:00,Sunday,1,43,48,18.1,145.8,54.6,High,Rainy,0,20,Completed,2
F1686,2025-10-15,Cooperative Collection Centre,Greenfield,Krishna,Paddy,Sona Masuri,9.17,19,Auto,1,3,4,15:00-16:00,Wednesday,10,30,27,19.6,88.7,41.8,Medium,Clear,0,25,Cancelled,1
F1687,2024-10-11,Cooperative Collection Centre,Kisanpur,Krishna,Maize,Pioneer-3396,2.0,4,Mini Truck,1,4,7,14:00-15:00,Friday,10,32,24,13.0,55.3,26.8,Medium,Clear,0,25,Completed,0
F1688,2024-06-08,Mandal Procurement Centre,Rythu Colony,Krishna,Maize,DHM-117,10.54,22,Auto,3,5,5,15:00-16:00,Saturday,6,19,17,20.1,71.6,38.0,Medium,Rainy,0,25,Cancelled,1
F1689,2024-01-11,Rural Market Yard,Kisanpur,Krishna,Cotton,Bt Cotton,15.98,32,Tractor,1,5,4,15:00-16:00,Thursday,1,29,33,25.8,113.7,54.2,High,Cloudy,0,25,Cancelled,1
F1690,2024-05-16,Mandal Procurement Centre,Lakshmi Nagar,Krishna,Paddy,BPT-5204,7.39,15,Mini Truck,2,3,7,08:00-09:00,Thursday,5,29,23,16.6,86.0,38.1,Medium,Clear,0,20,Completed,0
F1691,2025-12-09,Mandal Procurement Centre,Kisanpur,Krishna,Maize,DHM-117,6.54,14,Mini Truck,3,5,8,10:00-11:00,Tuesday,12,46,47,15.7,117.6,45.1,High,Clear,0,25,Completed,2
F1692,2024-02-11,Rural Market Yard,Kisanpur,Krishna,Cotton,NCS-145,9.06,19,Tractor,1,2,4,10:00-11:00,Sunday,2,39,36,18.7,108.3,45.8,High,Clear,0,25,Completed,2
F1693,2024-04-22,Cooperative Collection Centre,Kisanpur,Krishna,Maize,Pioneer-3396,15.85,32,Mini Truck,1,2,5,15:00-16:00,Monday,4,11,12,26.8,92.5,49.9,High,Rainy,0,25,Completed,1
F1694,2024-08-13,Mandal Procurement Centre,Greenfield,Krishna,Cotton,Bt Cotton,18.29,37,Mini Truck,1,3,5,08:00-09:00,Tuesday,8,21,22,29.4,127.9,61.4,High,Rainy,0,20,Cancelled,3
F1695,2025-03-01,Mandal Procurement Centre,Lakshmi Nagar,Krishna,Paddy,BPT-5204,18.94,38,Mini Truck,3,3,8,11:00-12:00,Saturday,3,23,24,31.8,129.6,64.2,High,Clear,0,25,Completed,3
F1696,2024-07-21,Cooperative Collection Centre,Greenfield,Krishna,Maize,Pioneer-3396,7.23,15,Tractor,1,3,9,10:00-11:00,Sunday,7,31,24,15.5,70.7,33.2,Medium,Clear,0,25,Completed,0
F1697,2025-05-12,Rural Market Yard,Greenfield,Krishna,Cotton,NCS-145,8.22,17,Tractor,2,3,12,09:00-10:00,Monday,5,26,25,16.9,84.4,38.0,Medium,Rainy,0,20,Completed,0
F1698,2025-07-19,Cooperative Collection Centre,Lakshmi Nagar,Krishna,Cotton,Bt Cotton,8.14,17,Mini Truck,1,3,12,08:00-09:00,Saturday,7,26,31,17.4,106.0,43.9,High,Rainy,0,20,Completed,2
F1699,2024-05-04,Mandal Procurement Centre,Greenfield,Krishna,Cotton,NCS-145,11.19,23,Mini Truck,3,4,9,08:00-09:00,Saturday,5,33,33,19.4,124.5,50.5,High,Clear,0,20,Completed,2
F1700,2025-04-29,Mandal Procurement Centre,Lakshmi Nagar,Krishna,Paddy,BPT-5204,6.19,13,Tractor,3,4,9,16:00-17:00,Tuesday,4,22,17,14.8,59.8,29.8,Medium,Clear,0,20,Cancelled,0
F1701,2024-09-19,Cooperative Collection Centre,Kisanpur,Krishna,Cotton,Bt Cotton,7.63,16,Auto,1,3,7,09:00-10:00,Thursday,9,26,24,16.1,73.7,34.5,Medium,Cloudy,0,20,Completed,0
F1702,2024-03-30,Rural Market Yard,Lakshmi Nagar,Krishna,Paddy,BPT-5204,18.5,37,Tractor,2,3,10,16:00-17:00,Saturday,3,27,20,28.9,111.0,56.6,High,Clear,0,20,Completed,1
F1703,2024-03-19,Cooperative Collection Centre,Kisanpur,Krishna,Maize,DHM-117,10.27,21,Auto,2,3,9,09:00-10:00,Tuesday,3,26,21,21.3,77.6,40.7,Medium,Rainy,0,20,Completed,1
F1704,2025-03-24,Rural Market Yard,Rythu Colony,Krishna,Paddy,BPT-5204,5.18,11,Auto,3,4,10,09:00-10:00,Monday,3,27,29,12.4,91.9,35.4,High,Rainy,0,20,Completed,0
F1705,2025-07-20,Rural Market Yard,Lakshmi Nagar,Krishna,Paddy,BPT-5204,7.01,15,Mini Truck,1,3,12,14:00-15:00,Sunday,7,26,22,16.4,75.2,35.2,Medium,Clear,0,25,Completed,0
F1706,2024-07-09,Cooperative Collection Centre,Lakshmi Nagar,Krishna,Maize,Pioneer-3396,3.93,8,Auto,1,4,8,11:00-12:00,Tuesday,7,25,23,13.3,59.0,28.1,Medium,Clear,0,25,Completed,0
F1707,2025-07-31,Cooperative Collection Centre,Kisanpur,Krishna,Maize,DHM-117,9.8,20,Tractor,3,2,8,08:00-09:00,Thursday,7,36,38,21.5,139.1,56.3,High,Rainy,0,20,Completed,2
F1708,2025-01-01,Mandal Procurement Centre,Rythu Colony,Krishna,Paddy,BPT-5204,12.56,26,Tractor,2,2,4,15:00-16:00,Wednesday,1,28,34,23.5,126.8,55.2,High,Clear,0,25,Completed,1
F1709,2025-09-27,Mandal Procurement Centre,Greenfield,Krishna,Maize,DHM-117,10.69,22,Tractor,3,2,11,08:00-09:00,Saturday,9,44,54,19.9,155.3,58.7,High,Clear,1,20,Completed,2
F1710,2024-03-20,Mandal Procurement Centre,Lakshmi Nagar,Krishna,Maize,Pioneer-3396,5.28,11,Tractor,3,2,9,08:00-09:00,Wednesday,3,41,40,15.3,137.8,49.8,High,Clear,0,20,Cancelled,2
F1711,2025-01-26,Mandal Procurement Centre,Greenfield,Krishna,Cotton,Bt Cotton,4.54,10,Mini Truck,2,2,7,15:00-16:00,Sunday,1,32,35,12.4,92.6,35.5,High,Clear,0,25,Completed,0
F1712,2025-11-20,Rural Market Yard,Lakshmi Nagar,Krishna,Cotton,Bt Cotton,3.14,7,Tractor,3,4,11,16:00-17:00,Thursday,11,31,35,14.6,92.3,37.7,High,Clear,0,20,Completed,0
F1713,2025-01-08,Cooperative Collection Centre,Rythu Colony,Krishna,Maize,Pioneer-3396,9.35,19,Mini Truck,3,5,9,10:00-11:00,Wednesday,1,55,56,20.2,137.5,54.6,High,Clear,0,25,Completed,2
F1714,2025-11-23,Mandal Procurement Centre,Kisanpur,Krishna,Maize,Pioneer-3396,3.15,7,Auto,3,4,12,15:00-16:00,Sunday,11,45,44,11.9,98.4,36.5,High,Clear,0,25,Completed,2
F1715,2025-03-30,Rural Market Yard,Kisanpur,Krishna,Maize,DHM-117,13.78,28,Mini Truck,3,2,10,12:00-13:00,Sunday,3,17,24,25.9,124.6,57.0,High,Cloudy,0,20,Completed,1
F1716,2025-01-18,Mandal Procurement Centre,Kisanpur,Krishna,Maize,Pioneer-3396,7.03,15,Tractor,3,4,10,09:00-10:00,Saturday,1,46,48,15.2,148.0,52.2,High,Clear,0,20,Completed,2
F1717,2025-01-30,Cooperative Collection Centre,Kisanpur,Krishna,Maize,Pioneer-3396,2.0,4,Mini Truck,3,4,8,10:00-11:00,Thursday,1,51,53,8.1,110.0,35.6,High,Clear,0,25,Completed,2
F1718,2024-09-13,Mandal Procurement Centre,Rythu Colony,Krishna,Cotton,NCS-145,6.28,13,Mini Truck,3,3,11,12:00-13:00,Friday,9,21,23,14.5,92.1,37.5,High,Clear,0,20,Completed,0
F1719,2024-09-13,Mandal Procurement Centre,Kisanpur,Krishna,Paddy,Sona Masuri,8.47,17,Tractor,2,5,6,11:00-12:00,Friday,9,19,19,17.4,69.9,34.9,Medium,Clear,1,25,Cancelled,0
F1720,2024-01-16,Cooperative Collection Centre,Greenfield,Krishna,Maize,DHM-117,12.22,25,Tractor,3,5,7,08:00-09:00,Tuesday,1,42,40,21.7,129.0,54.0,High,Clear,1,20,Cancelled,2
F1721,2025-09-18,Rural Market Yard,Rythu Colony,Krishna,Maize,Pioneer-3396,14.39,29,Mini Truck,3,3,4,15:00-16:00,Thursday,9,23,20,23.8,94.8,47.5,High,Clear,0,25,Completed,1
F1722,2025-12-20,Mandal Procurement Centre,Kisanpur,Krishna,Cotton,Bt Cotton,12.08,25,Tractor,3,4,6,11:00-12:00,Saturday,12,41,42,25.3,129.0,57.5,High,Clear,0,25,Completed,2
F1723,2025-11-03,Mandal Procurement Centre,Lakshmi Nagar,Krishna,Paddy,BPT-5204,9.37,19,Auto,1,2,9,09:00-10:00,Monday,11,53,52,19.3,159.1,59.1,High,Clear,1,20,Completed,2
F1724,2024-05-23,Mandal Procurement Centre,Rythu Colony,Krishna,Maize,Pioneer-3396,5.41,11,Mini Truck,2,4,9,12:00-13:00,Thursday,5,23,23,13.5,71.8,31.4,Medium,Clear,0,20,Completed,0
F1725,2024-04-25,Mandal Procurement Centre,Lakshmi Nagar,Krishna,Paddy,BPT-5204,12.94,26,Tractor,2,4,10,09:00-10:00,Thursday,4,33,36,25.3,115.7,54.2,High,Clear,0,20,Cancelled,1
F1726,2024-09-02,Rural Market Yard,Lakshmi Nagar,Krishna,Maize,Pioneer-3396,12.78,26,Mini Truck,2,4,8,11:00-12:00,Monday,9,20,22,23.1,84.1,44.1,Medium,Clear,0,25,Completed,1
F1727,2024-11-18,Cooperative Collection Centre,Lakshmi Nagar,Krishna,Cotton,NCS-145,13.9,28,Mini Truck,2,2,5,10:00-11:00,Monday,11,57,59,24.1,162.1,64.6,High,Clear,0,25,Cancelled,3
F1728,2025-05-12,Rural Market Yard,Greenfield,Krishna,Maize,DHM-117,14.11,29,Tractor,3,5,4,15:00-16:00,Monday,5,18,19,26.0,87.9,48.0,Medium,Clear,0,25,Completed,1
F1729,2024-12-09,Rural Market Yard,Greenfield,Krishna,Maize,Pioneer-3396,8.72,18,Mini Truck,3,4,10,10:00-11:00,Monday,12,40,35,16.5,95.5,40.4,High,Rainy,1,25,Completed,2
F1730,2025-05-13,Rural Market Yard,Rythu Colony,Krishna,Cotton,Bt Cotton,10.85,22,Auto,2,2,12,16:00-17:00,Tuesday,5,25,28,17.1,107.9,44.1,High,Clear,0,20,Cancelled,1
F1731,2024-11-27,Mandal Procurement Centre,Rythu Colony,Krishna,Cotton,NCS-145,2.49,5,Tractor,2,3,11,11:00-12:00,Wednesday,11,34,39,10.8,90.5,33.4,High,Cloudy,0,25,Completed,0
F1732,2025-03-26,Cooperative Collection Centre,Lakshmi Nagar,Krishna,Paddy,Sona Masuri,10.23,21,Tractor,2,5,7,09:00-10:00,Wednesday,3,32,27,21.2,105.3,47.5,High,Clear,0,20,Completed,1
F1733,2024-06-14,Rural Market Yard,Rythu Colony,Krishna,Maize,DHM-117,4.92,10,Auto,2,3,6,16:00-17:00,Friday,6,31,35,10.4,90.3,33.0,High,Clear,0,20,Cancelled,0
F1734,2024-10-24,Cooperative Collection Centre,Rythu Colony,Krishna,Maize,Pioneer-3396,3.14,7,Tractor,3,4,6,15:00-16:00,Thursday,10,37,38,14.7,100.5,39.8,High,Clear,0,25,Cancelled,2
F1735,2024-06-24,Cooperative Collection Centre,Greenfield,Krishna,Maize,Pioneer-3396,6.61,14,Mini Truck,2,2,8,11:00-12:00,Monday,6,22,27,18.2,86.0,39.7,Medium,Clear,0,25,Completed,0
F1736,2025-02-26,Rural Market Yard,Greenfield,Krishna,Maize,Pioneer-3396,4.27,9,Tractor,1,3,8,09:00-10:00,Wednesday,2,33,38,12.8,116.5,41.9,High,Clear,0,20,Completed,2
F1737,2025-03-18,Rural Market Yard,Rythu Colony,Krishna,Paddy,Sona Masuri,6.28,13,Auto,2,5,6,11:00-12:00,Tuesday,3,21,22,18.2,58.5,32.8,Medium,Clear,0,25,Completed,0
F1738,2024-06-09,Mandal Procurement Centre,Greenfield,Krishna,Paddy,Sona Masuri,9.04,19,Tractor,2,4,11,11:00-12:00,Sunday,6,24,17,17.0,61.9,32.5,Medium,Cloudy,0,25,Completed,0
F1739,2024-05-07,Mandal Procurement Centre,Rythu Colony,Krishna,Cotton,NCS-145,17.23,35,Tractor,3,3,12,09:00-10:00,Tuesday,5,33,31,26.9,141.2,62.2,High,Clear,0,20,Cancelled,3
F1740,2025-10-06,Rural Market Yard,Lakshmi Nagar,Krishna,Paddy,Sona Masuri,28.69,58,Tractor,2,2,7,09:00-10:00,Monday,10,38,32,43.7,191.5,91.6,High,Rainy,0,20,Completed,3
F1741,2025-07-05,Rural Market Yard,Rythu Colony,Krishna,Maize,Pioneer-3396,12.08,25,Auto,2,4,7,11:00-12:00,Saturday,7,29,32,22.1,107.7,49.0,High,Clear,1,25,Completed,1
F1742,2024-05-21,Mandal Procurement Centre,Greenfield,Krishna,Paddy,Sona Masuri,4.6,10,Tractor,2,3,6,09:00-10:00,Tuesday,5,28,31,12.2,104.2,38.2,High,Clear,0,20,Completed,0
F1743,2025-06-14,Cooperative Collection Centre,Rythu Colony,Krishna,Paddy,Sona Masuri,9.14,19,Mini Truck,2,2,9,09:00-10:00,Saturday,6,45,47,19.8,136.7,54.0,High,Cloudy,0,20,Completed,2
F1744,2025-03-28,Rural Market Yard,Kisanpur,Krishna,Cotton,Bt Cotton,12.39,25,Tractor,2,4,7,09:00-10:00,Friday,3,23,21,21.2,95.9,45.2,High,Clear,0,20,Cancelled,1
F1745,2024-06-17,Mandal Procurement Centre,Kisanpur,Krishna,Cotton,NCS-145,7.6,16,Mini Truck,3,4,5,15:00-16:00,Monday,6,18,18,16.1,71.3,33.9,Medium,Clear,0,25,Completed,0
F1746,2024-08-03,Mandal Procurement Centre,Rythu Colony,Krishna,Maize,Pioneer-3396,7.63,16,Tractor,1,3,5,09:00-10:00,Saturday,8,41,45,17.8,142.8,53.5,High,Clear,0,20,Completed,2
F1747,2025-08-23,Cooperative Collection Centre,Lakshmi Nagar,Krishna,Paddy,BPT-5204,15.86,32,Tractor,1,2,9,09:00-10:00,Saturday,8,48,47,28.5,164.3,69.6,High,Clear,0,20,Cancelled,3
F1748,2024-07-01,Mandal Procurement Centre,Kisanpur,Krishna,Cotton,Bt Cotton,8.83,18,Mini Truck,2,4,11,10:00-11:00,Monday,7,34,34,17.7,98.4,42.3,High,Clear,0,25,Completed,2
F1749,2024-06-22,Cooperative Collection Centre,Greenfield,Krishna,Maize,DHM-117,8.96,18,Tractor,1,3,11,12:00-13:00,Saturday,6,22,18,15.0,68.0,32.0,Medium,Clear,0,20,Completed,0
F1750,2024-07-30,Rural Market Yard,Greenfield,Krishna,Paddy,BPT-5204,11.61,24,Tractor,3,2,7,11:00-12:00,Tuesday,7,27,30,26.0,117.9,55.5,High,Clear,0,25,Completed,1
F1751,2025-04-23,Cooperative Collection Centre,Lakshmi Nagar,Krishna,Maize,DHM-117,10.41,21,Tractor,3,4,4,16:00-17:00,Wednesday,4,13,21,20.0,92.6,43.1,High,Rainy,0,20,Cancelled,1
F1752,2025-01-11,Rural Market Yard,Lakshmi Nagar,Krishna,Maize,Pioneer-3396,9.19,19,Mini Truck,1,3,12,15:00-16:00,Saturday,1,40,30,19.5,87.2,41.3,Medium,Clear,0,25,Completed,1
F1753,2025-07-28,Cooperative Collection Centre,Kisanpur,Krishna,Cotton,NCS-145,6.13,13,Mini Truck,2,2,10,09:00-10:00,Monday,7,33,23,13.8,85.4,35.2,Medium,Cloudy,0,20,Completed,0
F1754,2025-02-13,Rural Market Yard,Kisanpur,Krishna,Cotton,Bt Cotton,4.21,9,Tractor,1,3,4,15:00-16:00,Thursday,2,16,13,13.0,45.1,24.3,Medium,Cloudy,0,25,Completed,0
F1755,2025-03-05,Cooperative Collection Centre,Kisanpur,Krishna,Paddy,BPT-5204,18.91,38,Mini Truck,2,4,5,16:00-17:00,Wednesday,3,26,26,29.8,134.3,63.4,High,Clear,0,20,Completed,3
F1756,2025-01-25,Cooperative Collection Centre,Greenfield,Krishna,Cotton,Bt Cotton,2.44,5,Auto,2,5,4,11:00-12:00,Saturday,1,45,42,8.3,83.3,29.1,High,Clear,0,25,Cancelled,0
F1757,2024-09-28,Rural Market Yard,Kisanpur,Krishna,Cotton,NCS-145,8.03,17,Tractor,2,4,5,10:00-11:00,Saturday,9,43,38,19.8,115.4,48.7,High,Clear,0,25,Cancelled,2
F1758,2024-09-06,Mandal Procurement Centre,Greenfield,Krishna,Paddy,BPT-5204,15.64,32,Tractor,1,2,12,09:00-10:00,Friday,9,39,37,25.0,130.6,57.6,High,Cloudy,0,20,Cancelled,3
F1759,2025-02-27,Rural Market Yard,Lakshmi Nagar,Krishna,Paddy,BPT-5204,7.31,15,Auto,1,4,9,11:00-12:00,Thursday,2,17,19,15.4,59.4,30.2,Medium,Cloudy,0,25,Cancelled,0
F1760,2024-10-28,Cooperative Collection Centre,Kisanpur,Krishna,Maize,Pioneer-3396,6.3,13,Mini Truck,3,4,4,14:00-15:00,Monday,10,26,24,15.5,81.7,35.9,Medium,Rainy,0,25,Completed,0
F1761,2024-04-26,Rural Market Yard,Rythu Colony,Krishna,Paddy,BPT-5204,7.21,15,Mini Truck,3,4,5,09:00-10:00,Friday,4,41,48,18.6,149.8,56.1,High,Clear,0,20,Completed,2
F1762,2025-05-26,Cooperative Collection Centre,Rythu Colony,Krishna,Cotton,NCS-145,10.03,21,Tractor,3,3,9,11:00-12:00,Monday,5,15,11,18.7,78.6,38.3,Medium,Rainy,1,25,Completed,0
F1763,2025-03-18,Rural Market Yard,Greenfield,Krishna,Paddy,Sona Masuri,2.0,4,Tractor,3,5,5,11:00-12:00,Tuesday,3,16,16,10.0,47.4,21.9,Medium,Clear,0,25,Completed,0
F1764,2025-11-14,Cooperative Collection Centre,Kisanpur,Krishna,Cotton,NCS-145,16.55,34,Tractor,1,5,5,16:00-17:00,Friday,11,32,31,27.9,123.8,58.8,High,Cloudy,0,20,Cancelled,3
F1765,2025-02-10,Mandal Procurement Centre,Greenfield,Krishna,Paddy,BPT-5204,15.14,31,Tractor,1,4,9,10:00-11:00,Monday,2,35,33,25.6,118.9,55.3,High,Clear,0,25,Completed,1
F1766,2025-04-16,Mandal Procurement Centre,Lakshmi Nagar,Krishna,Paddy,Sona Masuri,3.37,7,Mini Truck,2,2,4,14:00-15:00,Wednesday,4,21,19,14.1,56.1,28.1,Medium,Cloudy,0,25,Completed,0
F1767,2024-10-08,Rural Market Yard,Kisanpur,Krishna,Maize,DHM-117,23.77,48,Mini Truck,3,4,11,14:00-15:00,Tuesday,10,41,38,37.7,154.4,76.3,High,Cloudy,0,25,Completed,3
F1768,2025-04-09,Cooperative Collection Centre,Lakshmi Nagar,Krishna,Paddy,Sona Masuri,9.22,19,Tractor,2,4,4,10:00-11:00,Wednesday,4,30,31,17.3,87.6,39.2,Medium,Rainy,0,25,Completed,0
F1769,2024-10-16,Rural Market Yard,Greenfield,Krishna,Paddy,Sona Masuri,7.27,15,Mini Truck,3,2,10,09:00-10:00,Wednesday,10,57,52,17.9,147.2,54.7,High,Clear,0,20,Completed,2
F1770,2024-01-15,Mandal Procurement Centre,Rythu Colony,Krishna,Cotton,NCS-145,5.97,12,Mini Truck,1,5,4,15:00-16:00,Monday,1,41,41,16.2,84.9,37.4,High,Cloudy,0,25,Cancelled,2
F1771,2025-05-26,Cooperative Collection Centre,Greenfield,Krishna,Maize,DHM-117,5.0,10,Tractor,3,5,10,08:00-09:00,Monday,5,36,33,15.4,91.9,38.4,High,Clear,0,20,Completed,0
F1772,2024-03-14,Rural Market Yard,Lakshmi Nagar,Krishna,Maize,DHM-117,5.84,12,Tractor,3,3,8,09:00-10:00,Thursday,3,40,43,16.5,144.8,52.7,High,Rainy,0,20,Completed,2
F1773,2024-11-02,Rural Market Yard,Kisanpur,Krishna,Paddy,BPT-5204,9.35,19,Auto,1,4,8,09:00-10:00,Saturday,11,42,42,17.7,112.8,45.9,High,Clear,0,20,Completed,2
F1774,2024-05-16,Cooperative Collection Centre,Kisanpur,Krishna,Cotton,Bt Cotton,18.72,38,Tractor,1,5,7,15:00-16:00,Thursday,5,19,18,31.1,90.3,53.7,High,Clear,0,25,Completed,1
F1775,2025-01-18,Mandal Procurement Centre,Kisanpur,Krishna,Maize,Pioneer-3396,4.72,10,Mini Truck,2,5,7,10:00-11:00,Saturday,1,42,44,15.6,89.3,37.9,High,Cloudy,0,25,Completed,2
F1776,2024-03-24,Mandal Procurement Centre,Rythu Colony,Krishna,Maize,Pioneer-3396,10.34,21,Auto,3,4,4,10:00-11:00,Sunday,3,39,40,18.5,123.5,49.4,High,Cloudy,0,25,Completed,2
F1777,2024-03-29,Rural Market Yard,Lakshmi Nagar,Krishna,Paddy,BPT-5204,2.8,6,Mini Truck,1,5,9,08:00-09:00,Friday,3,30,23,13.3,52.4,26.4,Medium,Clear,0,20,Cancelled,0
F1778,2024-04-05,Rural Market Yard,Greenfield,Krishna,Paddy,Sona Masuri,7.27,15,Mini Truck,3,2,11,16:00-17:00,Friday,4,29,35,16.6,113.1,44.9,High,Clear,0,20,Completed,2
F1779,2025-12-28,Rural Market Yard,Kisanpur,Krishna,Cotton,NCS-145,14.7,30,Tractor,3,2,10,09:00-10:00,Sunday,12,56,60,24.0,200.2,74.0,High,Clear,0,20,Completed,3
F1780,2024-01-11,Mandal Procurement Centre,Greenfield,Krishna,Paddy,BPT-5204,13.1,27,Tractor,2,4,7,08:00-09:00,Thursday,1,53,52,23.3,162.2,63.8,High,Cloudy,0,20,Cancelled,3
F1781,2025-12-17,Rural Market Yard,Kisanpur,Krishna,Maize,DHM-117,11.11,23,Mini Truck,2,4,10,10:00-11:00,Wednesday,12,54,52,25.5,135.4,59.4,High,Cloudy,0,25,Completed,2
F1782,2025-02-20,Cooperative Collection Centre,Greenfield,Krishna,Paddy,Sona Masuri,13.52,28,Tractor,2,5,8,14:00-15:00,Thursday,2,18,19,22.8,83.4,43.7,Medium,Rainy,0,25,Cancelled,1
F1783,2025-04-14,Mandal Procurement Centre,Kisanpur,Krishna,Cotton,Bt Cotton,13.2,27,Mini Truck,1,5,7,09:00-10:00,Monday,4,31,27,22.3,86.0,43.8,Medium,Clear,0,20,Cancelled,1
F1784,2024-07-15,Rural Market Yard,Rythu Colony,Krishna,Paddy,Sona Masuri,3.63,8,Auto,1,5,7,09:00-10:00,Monday,7,39,36,12.3,84.1,33.3,High,Clear,0,20,Cancelled,0
F1785,2025-05-25,Mandal Procurement Centre,Greenfield,Krishna,Cotton,NCS-145,4.91,10,Mini Truck,3,3,6,16:00-17:00,Sunday,5,23,21,16.2,94.3,39.8,High,Clear,1,20,Completed,0
F1786,2024-12-17,Cooperative Collection Centre,Lakshmi Nagar,Krishna,Paddy,Sona Masuri,10.9,22,Tractor,3,5,5,15:00-16:00,Tuesday,12,42,31,21.8,105.2,48.1,High,Cloudy,0,25,Completed,1
F1787,2024-09-06,Rural Market Yard,Rythu Colony,Krishna,Paddy,BPT-5204,11.23,23,Mini Truck,3,5,9,09:00-10:00,Friday,9,27,33,23.1,121.9,53.6,High,Rainy,1,20,Completed,1
F1788,2025-07-20,Mandal Procurement Centre,Rythu Colony,Krishna,Cotton,NCS-145,15.96,32,Tractor,3,3,7,10:00-11:00,Sunday,7,47,48,25.8,165.1,67.1,High,Clear,0,25,Completed,3
F1789,2025-09-10,Rural Market Yard,Rythu Colony,Krishna,Cotton,Bt Cotton,8.48,17,Tractor,1,2,10,15:00-16:00,Wednesday,9,20,14,19.2,66.8,35.9,Medium,Cloudy,0,25,Completed,0
F1790,2024-02-21,Mandal Procurement Centre,Rythu Colony,Krishna,Cotton,Bt Cotton,4.74,10,Mini Truck,2,3,4,08:00-09:00,Wednesday,2,36,28,13.5,99.1,38.3,High,Cloudy,0,20,Completed,0
F1791,2024-02-14,Mandal Procurement Centre,Lakshmi Nagar,Krishna,Cotton,NCS-145,2.48,5,Auto,1,2,9,16:00-17:00,Wednesday,2,15,14,8.5,46.4,20.1,Medium,Rainy,0,20,Completed,0
F1792,2025-12-28,Rural Market Yard,Lakshmi Nagar,Krishna,Paddy,BPT-5204,5.4,11,Tractor,2,5,7,09:00-10:00,Sunday,12,42,44,14.7,124.5,45.8,High,Rainy,0,20,Completed,2
F1793,2025-07-08,Mandal Procurement Centre,Greenfield,Krishna,Cotton,Bt Cotton,17.85,36,Tractor,1,5,5,14:00-15:00,Tuesday,7,21,21,27.0,91.0,49.8,High,Rainy,0,25,Completed,1
F1794,2024-05-05,Mandal Procurement Centre,Greenfield,Krishna,Paddy,BPT-5204,13.55,28,Tractor,2,2,12,15:00-16:00,Sunday,5,26,21,25.0,95.8,49.0,High,Cloudy,0,25,Completed,1
F1795,2024-09-01,Cooperative Collection Centre,Greenfield,Krishna,Paddy,Sona Masuri,7.31,15,Auto,1,4,4,16:00-17:00,Sunday,9,26,23,15.7,71.1,33.5,Medium,Clear,0,20,Completed,0
F1796,2024-05-08,Rural Market Yard,Greenfield,Krishna,Paddy,BPT-5204,4.25,9,Mini Truck,1,4,6,08:00-09:00,Wednesday,5,40,43,15.8,111.9,43.8,High,Cloudy,1,20,Completed,2
F1797,2024-02-20,Cooperative Collection Centre,Lakshmi Nagar,Krishna,Maize,Pioneer-3396,7.44,15,Tractor,3,2,5,16:00-17:00,Tuesday,2,10,14,17.1,93.5,40.5,High,Rainy,0,20,Completed,0
F1798,2024-01-22,Cooperative Collection Centre,Greenfield,Krishna,Cotton,NCS-145,15.5,31,Auto,2,3,6,14:00-15:00,Monday,1,43,41,24.9,142.4,60.5,High,Clear,0,25,Completed,3
F1799,2024-03-04,Cooperative Collection Centre,Lakshmi Nagar,Krishna,Paddy,Sona Masuri,6.14,13,Tractor,1,5,11,10:00-11:00,Monday,3,30,28,14.3,64.8,30.5,Medium,Clear,0,25,Completed,0
F1800,2024-01-01,Mandal Procurement Centre,Kisanpur,Krishna,Cotton,NCS-145,4.8,10,Tractor,2,2,10,12:00-13:00,Monday,1,18,19,10.6,76.4,29.7,Medium,Rainy,0,20,Cancelled,0
F1801,2025-08-25,Cooperative Collection Centre,Lakshmi Nagar,Krishna,Maize,Pioneer-3396,6.82,14,Tractor,1,4,5,09:00-10:00,Monday,8,40,43,14.7,116.5,43.8,High,Clear,1,20,Completed,2
F1802,2024-05-18,Mandal Procurement Centre,Greenfield,Krishna,Paddy,BPT-5204,10.65,22,Auto,1,2,4,08:00-09:00,Saturday,5,51,50,16.9,150.5,54.5,High,Cloudy,0,20,Completed,2
F1803,2025-11-01,Rural Market Yard,Lakshmi Nagar,Krishna,Cotton,NCS-145,10.32,21,Auto,1,4,6,11:00-12:00,Saturday,11,47,43,18.2,93.9,41.7,High,Cloudy,0,25,Completed,2
F1804,2025-07-01,Rural Market Yard,Kisanpur,Krishna,Paddy,BPT-5204,5.39,11,Mini Truck,3,3,7,09:00-10:00,Tuesday,7,26,27,14.9,92.0,37.9,High,Rainy,0,20,Completed,0
F1805,2025-01-07,Cooperative Collection Centre,Rythu Colony,Krishna,Maize,DHM-117,3.15,7,Tractor,3,4,10,14:00-15:00,Tuesday,1,40,41,11.6,96.7,35.8,High,Clear,0,25,Completed,2
F1806,2024-06-29,Cooperative Collection Centre,Kisanpur,Krishna,Maize,Pioneer-3396,18.81,38,Mini Truck,2,5,9,14:00-15:00,Saturday,6,27,26,30.2,113.4,58.5,High,Clear,0,25,Cancelled,3
F1807,2024-10-14,Rural Market Yard,Kisanpur,Krishna,Cotton,Bt Cotton,9.83,20,Tractor,3,2,8,08:00-09:00,Monday,10,44,41,18.4,139.4,53.2,High,Clear,0,20,Completed,2
F1808,2025-08-02,Cooperative Collection Centre,Lakshmi Nagar,Krishna,Cotton,NCS-145,12.47,25,Auto,1,2,9,12:00-13:00,Saturday,8,29,23,27.0,95.4,50.9,High,Cloudy,0,20,Completed,1
F1809,2024-12-14,Mandal Procurement Centre,Greenfield,Krishna,Maize,DHM-117,6.5,13,Mini Truck,3,3,9,14:00-15:00,Saturday,12,54,56,17.0,141.2,52.3,High,Cloudy,0,25,Completed,2
F1810,2025-10-09,Cooperative Collection Centre,Lakshmi Nagar,Krishna,Maize,Pioneer-3396,7.94,16,Mini Truck,3,3,5,15:00-16:00,Thursday,10,35,33,14.2,111.1,42.0,High,Clear,1,25,Completed,2
F1811,2024-08-21,Rural Market Yard,Lakshmi Nagar,Krishna,Cotton,Bt Cotton,14.62,30,Mini Truck,1,4,9,16:00-17:00,Wednesday,8,15,16,30.9,80.4,51.0,Medium,Clear,1,20,Completed,1
F1812,2024-09-29,Rural Market Yard,Kisanpur,Krishna,Maize,DHM-117,13.97,28,Auto,2,4,8,10:00-11:00,Sunday,9,35,33,20.8,97.8,45.2,High,Clear,0,25,Completed,1
F1813,2025-01-07,Rural Market Yard,Lakshmi Nagar,Krishna,Cotton,NCS-145,10.45,21,Tractor,1,2,11,09:00-10:00,Tuesday,1,50,51,20.4,152.8,58.6,High,Cloudy,0,20,Completed,2
F1814,2025-06-15,Mandal Procurement Centre,Greenfield,Krishna,Cotton,NCS-145,9.31,19,Auto,2,2,5,14:00-15:00,Sunday,6,25,27,19.9,106.4,46.5,High,Cloudy,0,25,Cancelled,1
F1815,2024-11-08,Mandal Procurement Centre,Lakshmi Nagar,Krishna,Cotton,NCS-145,11.61,24,Auto,2,5,11,10:00-11:00,Friday,11,41,39,22.7,98.6,47.3,High,Clear,0,25,Cancelled,1
F1816,2025-10-08,Cooperative Collection Centre,Kisanpur,Krishna,Cotton,NCS-145,11.65,24,Mini Truck,2,4,9,15:00-16:00,Wednesday,10,42,45,21.7,123.3,52.5,High,Clear,0,25,Cancelled,2
F1817,2025-08-15,Rural Market Yard,Lakshmi Nagar,Krishna,Maize,Pioneer-3396,5.11,11,Tractor,3,3,5,10:00-11:00,Friday,8,30,29,14.4,88.6,36.5,Medium,Cloudy,0,25,Completed,0
F1818,2025-11-14,Mandal Procurement Centre,Rythu Colony,Krishna,Cotton,NCS-145,11.45,23,Mini Truck,2,3,11,08:00-09:00,Friday,11,46,51,22.3,162.6,63.0,High,Clear,1,20,Cancelled,2
F1819,2024-09-12,Mandal Procurement Centre,Greenfield,Krishna,Cotton,Bt Cotton,17.22,35,Tractor,1,2,9,09:00-10:00,Thursday,9,29,32,31.8,140.1,66.8,High,Clear,0,20,Completed,3
F1820,2025-10-10,Mandal Procurement Centre,Rythu Colony,Krishna,Paddy,Sona Masuri,11.54,24,Tractor,1,3,4,15:00-16:00,Friday,10,33,37,23.5,117.8,53.0,High,Cloudy,0,25,Completed,2
F1821,2025-08-12,Mandal Procurement Centre,Lakshmi Nagar,Krishna,Cotton,Bt Cotton,9.85,20,Tractor,3,2,8,09:00-10:00,Tuesday,8,36,42,20.8,146.8,57.5,High,Clear,0,20,Cancelled,2
F1822,2025-09-16,Mandal Procurement Centre,Lakshmi Nagar,Krishna,Paddy,Sona Masuri,12.83,26,Tractor,2,5,7,08:00-09:00,Tuesday,9,24,20,27.1,114.6,55.8,High,Clear,0,20,Completed,1
F1823,2025-05-25,Cooperative Collection Centre,Rythu Colony,Krishna,Maize,DHM-117,4.94,10,Mini Truck,3,2,9,15:00-16:00,Sunday,5,13,8,11.1,48.3,23.2,Medium,Rainy,0,25,Cancelled,0
F1824,2024-10-09,Cooperative Collection Centre,Lakshmi Nagar,Krishna,Paddy,BPT-5204,3.48,7,Tractor,2,4,12,10:00-11:00,Wednesday,10,50,48,12.3,87.0,34.0,High,Clear,0,25,Completed,2
F1825,2024-01-24,Cooperative Collection Centre,Kisanpur,Krishna,Paddy,Sona Masuri,15.5,31,Auto,3,4,11,08:00-09:00,Wednesday,1,42,44,22.7,165.9,64.2,High,Clear,1,20,Completed,3
F1826,2025-05-27,Rural Market Yard,Kisanpur,Krishna,Paddy,BPT-5204,5.66,12,Tractor,1,3,10,14:00-15:00,Tuesday,5,33,29,15.7,82.4,36.3,Medium,Clear,0,25,Completed,0
F1827,2025-03-01,Mandal Procurement Centre,Lakshmi Nagar,Krishna,Paddy,BPT-5204,12.56,26,Mini Truck,3,5,11,12:00-13:00,Saturday,3,39,36,22.5,130.6,55.1,High,Clear,0,20,Completed,2
F1828,2024-11-20,Cooperative Collection Centre,Lakshmi Nagar,Krishna,Maize,DHM-117,6.56,14,Tractor,1,3,10,11:00-12:00,Wednesday,11,35,36,13.7,84.5,34.8,High,Cloudy,1,25,Completed,0
F1829,2025-04-06,Cooperative Collection Centre,Greenfield,Krishna,Paddy,BPT-5204,11.8,24,Tractor,1,2,7,10:00-11:00,Sunday,4,34,32,26.4,113.9,54.9,High,Clear,0,25,Completed,1
F1830,2024-02-22,Cooperative Collection Centre,Kisanpur,Krishna,Cotton,Bt Cotton,7.82,16,Tractor,2,5,12,15:00-16:00,Thursday,2,27,19,21.3,57.9,35.8,Medium,Clear,0,25,Cancelled,0
F1831,2024-06-01,Cooperative Collection Centre,Rythu Colony,Krishna,Paddy,Sona Masuri,3.46,7,Mini Truck,3,2,8,10:00-11:00,Saturday,6,34,37,15.2,96.2,39.2,High,Clear,0,25,Completed,2
F1832,2025-09-19,Cooperative Collection Centre,Rythu Colony,Krishna,Maize,Pioneer-3396,12.81,26,Tractor,2,3,12,08:00-09:00,Friday,9,39,35,23.3,137.6,57.7,High,Cloudy,0,20,Cancelled,2
F1833,2024-03-26,Mandal Procurement Centre,Kisanpur,Krishna,Paddy,Sona Masuri,17.66,36,Mini Truck,2,2,5,09:00-10:00,Tuesday,3,37,38,28.1,173.2,71.4,High,Clear,0,20,Completed,3
F1834,2025-10-23,Rural Market Yard,Lakshmi Nagar,Krishna,Cotton,NCS-145,17.98,36,Tractor,2,2,8,12:00-13:00,Thursday,10,22,22,34.8,130.7,67.5,High,Rainy,0,20,Completed,3
F1835,2025-10-21,Mandal Procurement Centre,Rythu Colony,Krishna,Paddy,BPT-5204,10.85,22,Mini Truck,2,4,9,10:00-11:00,Tuesday,10,52,49,22.3,128.0,54.3,High,Cloudy,0,25,Cancelled,2
F1836,2025-12-26,Mandal Procurement Centre,Lakshmi Nagar,Krishna,Maize,DHM-117,8.4,17,Tractor,2,4,5,11:00-12:00,Friday,12,38,43,18.4,126.8,50.1,High,Clear,0,25,Cancelled,2
F1837,2024-09-24,Rural Market Yard,Kisanpur,Krishna,Cotton,Bt Cotton,10.86,22,Mini Truck,2,3,9,09:00-10:00,Tuesday,9,22,31,20.6,120.9,50.8,High,Cloudy,0,20,Completed,1
F1838,2025-01-19,Mandal Procurement Centre,Rythu Colony,Krishna,Maize,DHM-117,5.93,12,Mini Truck,2,3,5,15:00-16:00,Sunday,1,43,47,16.5,124.4,47.6,High,Clear,0,25,Completed,2
F1839,2025-12-20,Rural Market Yard,Greenfield,Krishna,Cotton,NCS-145,4.98,10,Tractor,1,4,5,09:00-10:00,Saturday,12,52,53,13.3,136.6,47.5,High,Clear,0,20,Completed,2
F1840,2024-05-12,Mandal Procurement Centre,Greenfield,Krishna,Cotton,NCS-145,9.74,20,Tractor,3,2,5,09:00-10:00,Sunday,5,28,27,19.0,109.3,46.3,High,Clear,0,20,Completed,1
F1841,2024-08-10,Cooperative Collection Centre,Rythu Colony,Krishna,Maize,Pioneer-3396,10.91,22,Tractor,3,4,6,11:00-12:00,Saturday,8,26,25,19.1,100.5,44.2,High,Cloudy,0,25,Cancelled,1
F1842,2025-06-22,Cooperative Collection Centre,Kisanpur,Krishna,Cotton,Bt Cotton,8.14,17,Auto,3,4,8,10:00-11:00,Sunday,6,38,36,18.9,117.4,48.2,High,Clear,0,25,Completed,2
F1843,2025-12-24,Cooperative Collection Centre,Lakshmi Nagar,Krishna,Paddy,BPT-5204,12.36,25,Tractor,3,2,10,09:00-10:00,Wednesday,12,45,42,20.9,156.2,59.9,High,Clear,0,20,Completed,2
F1844,2024-07-22,Cooperative Collection Centre,Greenfield,Krishna,Paddy,BPT-5204,14.18,29,Mini Truck,3,5,6,14:00-15:00,Monday,7,23,24,25.4,109.0,52.6,High,Clear,0,25,Completed,1
F1845,2024-10-27,Rural Market Yard,Lakshmi Nagar,Krishna,Cotton,NCS-145,4.6,10,Tractor,2,2,7,14:00-15:00,Sunday,10,46,52,14.7,121.2,45.0,High,Cloudy,1,25,Completed,2
F1846,2025-05-05,Cooperative Collection Centre,Lakshmi Nagar,Krishna,Paddy,Sona Masuri,6.95,14,Tractor,3,3,6,09:00-10:00,Monday,5,36,36,16.4,118.1,45.9,High,Clear,0,20,Completed,2
F1847,2024-05-14,Cooperative Collection Centre,Rythu Colony,Krishna,Maize,DHM-117,19.82,40,Tractor,2,4,10,14:00-15:00,Tuesday,5,6,7,31.2,84.1,52.2,Medium,Rainy,0,25,Completed,1
F1848,2024-07-20,Cooperative Collection Centre,Rythu Colony,Krishna,Cotton,NCS-145,11.92,24,Mini Truck,3,4,10,11:00-12:00,Saturday,7,26,21,19.8,83.7,40.7,Medium,Clear,0,25,Completed,1
F1849,2024-09-12,Cooperative Collection Centre,Greenfield,Krishna,Paddy,BPT-5204,11.59,24,Mini Truck,2,4,7,10:00-11:00,Thursday,9,15,16,24.4,93.6,47.8,High,Rainy,0,25,Cancelled,1
F1850,2025-03-23,Mandal Procurement Centre,Kisanpur,Krishna,Paddy,Sona Masuri,11.81,24,Tractor,1,2,11,08:00-09:00,Sunday,3,35,31,19.9,108.5,47.0,High,Cloudy,0,20,Completed,1
F1851,2025-08-16,Rural Market Yard,Kisanpur,Krishna,Paddy,BPT-5204,7.15,15,Tractor,1,5,7,14:00-15:00,Saturday,8,28,26,17.2,51.3,30.0,Medium,Clear,0,25,Completed,0
F1852,2024-03-27,Rural Market Yard,Rythu Colony,Krishna,Maize,DHM-117,4.95,10,Mini Truck,2,5,4,10:00-11:00,Wednesday,3,32,31,13.6,76.8,32.8,Medium,Cloudy,0,25,Completed,0
F1853,2025-04-28,Mandal Procurement Centre,Greenfield,Krishna,Paddy,Sona Masuri,10.97,22,Auto,3,5,4,15:00-16:00,Monday,4,18,12,19.0,76.9,38.2,Medium,Clear,0,25,Completed,1
F1854,2024-09-18,Cooperative Collection Centre,Kisanpur,Krishna,Cotton,NCS-145,6.5,13,Mini Truck,1,5,7,11:00-12:00,Wednesday,9,21,15,17.5,43.2,28.3,Low,Clear,0,25,Completed,0
F1855,2024-09-12,Rural Market Yard,Lakshmi Nagar,Krishna,Paddy,Sona Masuri,10.28,21,Auto,3,5,10,10:00-11:00,Thursday,9,26,22,19.4,80.0,39.4,Medium,Clear,0,25,Completed,1
F1856,2024-12-19,Mandal Procurement Centre,Rythu Colony,Krishna,Paddy,BPT-5204,7.95,16,Mini Truck,2,5,9,08:00-09:00,Thursday,12,53,45,14.9,131.3,47.7,High,Clear,0,20,Completed,2
F1857,2024-07-20,Mandal Procurement Centre,Lakshmi Nagar,Krishna,Cotton,Bt Cotton,7.53,16,Tractor,3,4,5,15:00-16:00,Saturday,7,32,31,17.2,94.8,40.9,High,Cloudy,0,25,Completed,0
F1858,2024-02-08,Mandal Procurement Centre,Lakshmi Nagar,Krishna,Cotton,NCS-145,15.56,32,Tractor,2,4,8,11:00-12:00,Thursday,2,22,14,26.2,72.1,44.2,Medium,Clear,0,25,Completed,1
F1859,2025-01-02,Cooperative Collection Centre,Lakshmi Nagar,Krishna,Maize,Pioneer-3396,4.69,10,Tractor,1,2,11,08:00-09:00,Thursday,1,51,46,14.6,124.0,45.6,High,Cloudy,0,20,Completed,2
F1860,2025-01-04,Mandal Procurement Centre,Kisanpur,Krishna,Cotton,NCS-145,4.53,10,Tractor,1,5,5,09:00-10:00,Saturday,1,35,33,11.8,87.9,33.8,High,Rainy,0,20,Completed,0
F1861,2025-09-29,Cooperative Collection Centre,Rythu Colony,Krishna,Maize,DHM-117,10.56,22,Tractor,3,5,10,15:00-16:00,Monday,9,25,25,19.5,91.5,42.4,High,Clear,0,25,Completed,1
F1862,2024-07-11,Cooperative Collection Centre,Greenfield,Krishna,Cotton,NCS-145,2.0,4,Mini Truck,1,2,11,14:00-15:00,Thursday,7,17,29,11.5,67.2,28.3,Medium,Clear,0,25,Completed,0
F1863,2025-02-16,Rural Market Yard,Kisanpur,Krishna,Cotton,Bt Cotton,6.67,14,Mini Truck,3,2,7,11:00-12:00,Sunday,2,28,31,12.2,93.2,35.5,High,Clear,0,25,Completed,0
F1864,2024-02-20,Mandal Procurement Centre,Kisanpur,Krishna,Cotton,NCS-145,3.77,8,Mini Truck,1,4,10,09:00-10:00,Tuesday,2,29,27,12.7,66.6,29.3,Medium,Clear,1,20,Cancelled,0
F1865,2025-01-20,Rural Market Yard,Rythu Colony,Krishna,Paddy,BPT-5204,6.78,14,Tractor,1,3,5,10:00-11:00,Monday,1,51,56,17.6,141.8,53.1,High,Cloudy,0,25,Completed,2
F1866,2025-11-01,Cooperative Collection Centre,Greenfield,Krishna,Cotton,Bt Cotton,6.73,14,Auto,3,3,5,14:00-15:00,Saturday,11,40,38,12.3,103.2,38.1,High,Clear,1,25,Completed,2
F1867,2025-02-08,Rural Market Yard,Kisanpur,Krishna,Cotton,Bt Cotton,6.11,13,Mini Truck,1,3,7,15:00-16:00,Saturday,2,33,32,13.7,95.8,37.6,High,Cloudy,0,25,Cancelled,0
F1868,2025-04-12,Cooperative Collection Centre,Lakshmi Nagar,Krishna,Maize,Pioneer-3396,9.93,20,Mini Truck,2,2,11,08:00-09:00,Saturday,4,19,13,17.5,67.1,34.3,Medium,Rainy,0,20,Completed,0
F1869,2025-12-09,Cooperative Collection Centre,Lakshmi Nagar,Krishna,Cotton,Bt Cotton,20.81,42,Auto,2,5,10,09:00-10:00,Tuesday,12,45,38,33.5,150.9,71.2,High,Clear,0,20,Completed,3
F1870,2024-08-01,Mandal Procurement Centre,Rythu Colony,Krishna,Cotton,NCS-145,13.21,27,Auto,3,4,11,11:00-12:00,Thursday,8,22,20,26.6,87.6,48.5,Medium,Cloudy,0,25,Completed,1
F1871,2024-10-27,Rural Market Yard,Greenfield,Krishna,Maize,DHM-117,8.56,18,Auto,2,4,8,08:00-09:00,Sunday,10,54,62,19.2,172.9,62.4,High,Clear,0,20,Completed,2
F1872,2024-07-12,Mandal Procurement Centre,Kisanpur,Krishna,Maize,Pioneer-3396,9.44,19,Mini Truck,1,5,9,12:00-13:00,Friday,7,33,34,22.0,107.9,49.0,High,Cloudy,0,20,Completed,2
F1873,2024-08-20,Cooperative Collection Centre,Rythu Colony,Krishna,Paddy,BPT-5204,14.78,30,Mini Truck,3,5,5,09:00-10:00,Tuesday,8,31,32,25.4,121.2,55.7,High,Cloudy,0,20,Cancelled,1
F1874,2024-01-05,Rural Market Yard,Rythu Colony,Krishna,Paddy,Sona Masuri,4.91,10,Mini Truck,3,5,12,16:00-17:00,Friday,1,30,28,12.4,77.4,31.8,High,Clear,0,20,Completed,0
F1875,2025-10-05,Cooperative Collection Centre,Kisanpur,Krishna,Maize,DHM-117,18.8,38,Mini Truck,2,2,7,11:00-12:00,Sunday,10,27,26,31.7,127.9,63.7,High,Rainy,0,25,Completed,3
F1876,2024-05-08,Cooperative Collection Centre,Rythu Colony,Krishna,Paddy,Sona Masuri,9.67,20,Mini Truck,3,3,5,10:00-11:00,Wednesday,5,25,21,16.5,92.7,39.7,High,Clear,0,25,Completed,0
F1877,2024-08-21,Mandal Procurement Centre,Greenfield,Krishna,Maize,Pioneer-3396,18.12,37,Mini Truck,3,5,11,15:00-16:00,Wednesday,8,33,27,29.2,114.2,57.8,High,Clear,0,25,Completed,3
F1878,2024-07-03,Mandal Procurement Centre,Kisanpur,Krishna,Maize,DHM-117,13.54,28,Auto,1,4,7,08:00-09:00,Wednesday,7,41,43,22.9,144.5,59.0,High,Clear,1,20,Cancelled,3
F1879,2024-04-30,Mandal Procurement Centre,Kisanpur,Krishna,Paddy,BPT-5204,6.46,13,Mini Truck,2,5,8,09:00-10:00,Tuesday,4,22,19,14.0,58.1,28.5,Medium,Rainy,0,20,Completed,0
F1880,2024-08-01,Rural Market Yard,Greenfield,Krishna,Paddy,Sona Masuri,4.43,9,Tractor,1,4,7,14:00-15:00,Thursday,8,12,6,10.0,30.9,17.7,Low,Clear,0,25,Completed,0
F1881,2025-08-23,Mandal Procurement Centre,Kisanpur,Krishna,Maize,DHM-117,11.95,24,Tractor,2,4,10,15:00-16:00,Saturday,8,24,20,20.9,67.7,37.8,Medium,Clear,0,25,Completed,1
F1882,2024-05-22,Mandal Procurement Centre,Rythu Colony,Krishna,Cotton,NCS-145,19.24,39,Tractor,2,4,11,09:00-10:00,Wednesday,5,29,27,31.3,136.1,65.3,High,Clear,0,20,Completed,3
F1883,2025-03-22,Cooperative Collection Centre,Greenfield,Krishna,Maize,DHM-117,8.74,18,Auto,1,2,6,08:00-09:00,Saturday,3,40,34,21.0,131.9,54.0,High,Rainy,0,20,Completed,2
F1884,2024-04-26,Cooperative Collection Centre,Greenfield,Krishna,Cotton,Bt Cotton,21.22,43,Mini Truck,1,5,7,08:00-09:00,Friday,4,36,32,34.8,142.7,70.5,High,Clear,0,20,Completed,3
F1885,2024-08-14,Mandal Procurement Centre,Rythu Colony,Krishna,Cotton,NCS-145,3.99,8,Tractor,1,3,4,08:00-09:00,Wednesday,8,37,33,14.9,100.9,40.1,High,Clear,0,20,Completed,0
F1886,2024-08-02,Cooperative Collection Centre,Lakshmi Nagar,Krishna,Paddy,Sona Masuri,5.24,11,Auto,3,3,6,10:00-11:00,Friday,8,45,51,14.1,131.7,47.0,High,Clear,0,25,Completed,2
F1887,2024-01-26,Rural Market Yard,Greenfield,Krishna,Maize,Pioneer-3396,6.99,14,Auto,2,3,10,09:00-10:00,Friday,1,48,45,19.9,149.8,57.4,High,Clear,0,20,Completed,2
F1888,2024-07-19,Cooperative Collection Centre,Greenfield,Krishna,Cotton,Bt Cotton,4.25,9,Mini Truck,1,2,5,14:00-15:00,Friday,7,22,29,15.5,82.0,36.0,Medium,Clear,0,25,Completed,0
F1889,2024-03-26,Rural Market Yard,Greenfield,Krishna,Maize,Pioneer-3396,9.77,20,Tractor,3,5,12,10:00-11:00,Tuesday,3,40,42,19.4,118.7,49.1,High,Clear,0,25,Cancelled,2
F1890,2025-01-10,Mandal Procurement Centre,Lakshmi Nagar,Krishna,Maize,Pioneer-3396,11.35,23,Tractor,1,5,10,08:00-09:00,Friday,1,51,49,20.7,137.7,55.1,High,Cloudy,0,20,Completed,2
F1891,2024-11-05,Rural Market Yard,Lakshmi Nagar,Krishna,Maize,DHM-117,5.53,12,Tractor,1,5,10,15:00-16:00,Tuesday,11,22,25,17.1,66.4,33.7,Medium,Rainy,0,25,Cancelled,0
F1892,2024-12-04,Rural Market Yard,Greenfield,Krishna,Paddy,Sona Masuri,7.91,16,Mini Truck,2,3,9,11:00-12:00,Wednesday,12,23,27,16.0,89.0,38.2,Medium,Rainy,0,25,Completed,0
F1893,2024-08-09,Cooperative Collection Centre,Lakshmi Nagar,Krishna,Cotton,NCS-145,14.29,29,Mini Truck,3,4,5,09:00-10:00,Friday,8,42,41,23.3,145.2,59.6,High,Clear,0,20,Cancelled,3
F1894,2024-10-02,Mandal Procurement Centre,Rythu Colony,Krishna,Maize,DHM-117,20.77,42,Auto,1,4,11,12:00-13:00,Wednesday,10,43,48,32.4,154.5,71.0,High,Clear,0,20,Completed,3
F1895,2025-08-31,Cooperative Collection Centre,Greenfield,Krishna,Paddy,Sona Masuri,9.09,19,Auto,3,4,7,15:00-16:00,Sunday,8,33,27,17.8,89.5,40.2,Medium,Clear,0,25,Completed,0
F1896,2025-03-24,Mandal Procurement Centre,Greenfield,Krishna,Paddy,BPT-5204,16.23,33,Tractor,3,2,7,10:00-11:00,Monday,3,35,40,26.7,135.1,60.5,High,Clear,0,25,Completed,3
F1897,2025-03-18,Rural Market Yard,Kisanpur,Krishna,Maize,Pioneer-3396,22.68,46,Tractor,1,4,9,09:00-10:00,Tuesday,3,35,33,35.0,167.5,76.9,High,Cloudy,0,20,Cancelled,3
F1898,2025-01-29,Rural Market Yard,Lakshmi Nagar,Krishna,Paddy,Sona Masuri,8.1,17,Auto,3,5,4,09:00-10:00,Wednesday,1,41,38,15.7,112.2,43.8,High,Rainy,0,20,Completed,2
F1899,2025-01-11,Rural Market Yard,Kisanpur,Krishna,Paddy,BPT-5204,11.86,24,Tractor,3,5,11,16:00-17:00,Saturday,1,39,40,20.8,131.8,53.8,High,Clear,0,20,Cancelled,2
F1000,2025-03-31,Cooperative Collection Centre,Greenfield,Krishna,Paddy,Sona Masuri,4.24,9,Tractor,2,2,7,09:00-10:00,Monday,3,29,33,14.5,115.7,43.4,High,Clear,0,20,Completed,2
F1001,2024-12-15,Rural Market Yard,Rythu Colony,Krishna,Paddy,BPT-5204,12.0,24,Tractor,2,3,11,09:00-10:00,Sunday,12,59,51,22.5,151.6,60.4,High,Cloudy,0,20,Cancelled,2
F1002,2024-07-29,Cooperative Collection Centre,Greenfield,Krishna,Maize,Pioneer-3396,13.54,28,Auto,3,4,11,12:00-13:00,Monday,7,30,36,23.0,133.1,56.3,High,Cloudy,0,20,Completed,3
F1003,2025-09-08,Mandal Procurement Centre,Greenfield,Krishna,Paddy,BPT-5204,10.03,21,Mini Truck,3,4,7,16:00-17:00,Monday,9,22,21,20.0,93.8,43.5,High,Cloudy,0,20,Cancelled,1
F1004,2025-09-03,Cooperative Collection Centre,Rythu Colony,Krishna,Maize,Pioneer-3396,8.58,18,Tractor,3,5,7,11:00-12:00,Wednesday,9,18,20,18.8,72.1,36.8,Medium,Cloudy,0,25,Cancelled,0
F1005,2024-03-24,Mandal Procurement Centre,Greenfield,Krishna,Paddy,Sona Masuri,13.83,28,Auto,2,4,12,16:00-17:00,Sunday,3,21,21,24.6,92.8,47.8,High,Clear,0,20,Cancelled,1
F1006,2024-11-10,Rural Market Yard,Rythu Colony,Krishna,Maize,Pioneer-3396,7.55,16,Mini Truck,2,5,4,08:00-09:00,Sunday,11,57,62,20.7,164.3,61.8,High,Cloudy,0,20,Completed,2
F1007,2025-09-22,Mandal Procurement Centre,Kisanpur,Krishna,Cotton,NCS-145,13.43,27,Auto,1,5,5,11:00-12:00,Monday,9,18,22,23.6,79.0,43.4,Medium,Clear,1,25,Completed,1
F1008,2025-08-22,Rural Market Yard,Rythu Colony,Krishna,Maize,Pioneer-3396,3.28,7,Mini Truck,1,5,6,15:00-16:00,Friday,8,21,22,10.6,46.8,22.3,Medium,Cloudy,0,25,Completed,0
F1009,2025-07-07,Cooperative Collection Centre,Lakshmi Nagar,Krishna,Maize,DHM-117,8.13,17,Tractor,3,3,5,15:00-16:00,Monday,7,19,8,16.6,63.9,32.6,Medium,Clear,0,25,Completed,0
F1010,2024-12-10,Rural Market Yard,Lakshmi Nagar,Krishna,Cotton,NCS-145,12.68,26,Mini Truck,1,3,9,16:00-17:00,Tuesday,12,31,17,23.6,82.5,44.2,Medium,Cloudy,0,20,Cancelled,1
F1011,2024-10-22,Rural Market Yard,Greenfield,Krishna,Cotton,Bt Cotton,8.22,17,Mini Truck,3,5,10,11:00-12:00,Tuesday,10,24,22,21.0,64.8,37.2,Medium,Cloudy,0,25,Completed,0
F1012,2025-12-22,Mandal Procurement Centre,Kisanpur,Krishna,Cotton,NCS-145,6.51,14,Tractor,3,5,11,14:00-15:00,Monday,12,28,29,11.7,73.5,30.1,Medium,Clear,0,25,Completed,0
F1013,2025-10-24,Mandal Procurement Centre,Greenfield,Krishna,Paddy,BPT-5204,11.78,24,Mini Truck,2,4,4,12:00-13:00,Friday,10,46,46,24.3,160.0,64.3,High,Clear,0,20,Cancelled,3
F1014,2025-11-21,Cooperative Collection Centre,Kisanpur,Krishna,Maize,DHM-117,12.74,26,Mini Truck,2,3,10,16:00-17:00,Friday,11,32,27,22.8,96.6,47.0,High,Clear,0,20,Cancelled,1
F1015,2024-06-18,Rural Market Yard,Kisanpur,Krishna,Paddy,Sona Masuri,11.99,24,Mini Truck,2,5,9,08:00-09:00,Tuesday,6,27,28,20.8,104.9,47.0,High,Clear,0,20,Completed,1
F1016,2025-03-25,Cooperative Collection Centre,Kisanpur,Krishna,Cotton,NCS-145,12.81,26,Mini Truck,3,2,5,11:00-12:00,Tuesday,3,23,26,23.0,112.9,51.2,High,Clear,1,25,Cancelled,1
F1017,2024-12-15,Rural Market Yard,Lakshmi Nagar,Krishna,Paddy,BPT-5204,7.86,16,Mini Truck,1,4,7,10:00-11:00,Sunday,12,51,52,18.5,116.0,47.5,High,Clear,0,25,Completed,2
F1018,2025-01-10,Cooperative Collection Centre,Rythu Colony,Krishna,Paddy,Sona Masuri,6.53,14,Auto,3,5,12,09:00-10:00,Friday,1,45,42,13.6,114.0,42.1,High,Cloudy,0,20,Completed,2
F1019,2025-08-22,Rural Market Yard,Greenfield,Krishna,Maize,DHM-117,11.98,24,Auto,3,2,9,09:00-10:00,Friday,8,26,26,20.0,129.0,52.2,High,Clear,0,20,Cancelled,1
F1020,2025-09-06,Cooperative Collection Centre,Lakshmi Nagar,Krishna,Maize,DHM-117,2.62,6,Tractor,1,2,5,10:00-11:00,Saturday,9,36,42,10.5,96.7,34.7,High,Cloudy,0,25,Completed,2
F1021,2025-12-27,Cooperative Collection Centre,Greenfield,Krishna,Maize,Pioneer-3396,13.78,28,Tractor,1,5,11,09:00-10:00,Saturday,12,60,57,25.3,162.3,65.9,High,Clear,0,20,Completed,3
F1022,2024-02-25,Mandal Procurement Centre,Greenfield,Krishna,Cotton,NCS-145,12.68,26,Auto,1,5,6,08:00-09:00,Sunday,2,38,38,24.4,124.3,55.5,High,Clear,0,20,Completed,1
F1023,2024-07-25,Mandal Procurement Centre,Rythu Colony,Krishna,Maize,Pioneer-3396,14.85,30,Auto,2,3,8,14:00-15:00,Thursday,7,23,18,25.9,93.5,49.3,High,Clear,0,25,Completed,1
F1024,2024-03-05,Cooperative Collection Centre,Greenfield,Krishna,Paddy,Sona Masuri,10.87,22,Mini Truck,2,5,10,11:00-12:00,Tuesday,3,15,12,21.7,57.6,36.1,Medium,Clear,0,25,Completed,1
F1025,2024-05-23,Rural Market Yard,Greenfield,Krishna,Maize,DHM-117,8.66,18,Tractor,3,4,10,14:00-15:00,Thursday,5,28,30,16.7,89.2,39.0,Medium,Cloudy,0,25,Completed,0
F1026,2025-03-15,Cooperative Collection Centre,Kisanpur,Krishna,Maize,Pioneer-3396,14.16,29,Auto,3,4,10,11:00-12:00,Saturday,3,29,32,23.2,104.7,49.4,High,Clear,0,25,Completed,1
F1027,2024-02-10,Cooperative Collection Centre,Rythu Colony,Krishna,Maize,Pioneer-3396,10.34,21,Tractor,1,5,4,11:00-12:00,Saturday,2,28,24,20.5,70.4,38.1,Medium,Clear,0,25,Completed,1
F1028,2025-09-29,Rural Market Yard,Greenfield,Krishna,Paddy,Sona Masuri,10.85,22,Mini Truck,1,4,11,15:00-16:00,Monday,9,20,13,22.4,51.1,35.2,Medium,Clear,0,25,Completed,1
F1029,2024-07-13,Cooperative Collection Centre,Greenfield,Krishna,Maize,Pioneer-3396,18.32,37,Tractor,1,4,5,15:00-16:00,Saturday,7,24,20,30.8,108.4,57.9,High,Clear,0,25,Completed,1
F1030,2025-10-16,Rural Market Yard,Kisanpur,Krishna,Cotton,NCS-145,5.7,12,Tractor,1,2,11,10:00-11:00,Thursday,10,42,38,15.0,90.4,37.6,High,Cloudy,1,25,Cancelled,2
F1031,2024-02-01,Cooperative Collection Centre,Kisanpur,Krishna,Paddy,Sona Masuri,13.82,28,Mini Truck,2,5,4,08:00-09:00,Thursday,2,25,25,22.9,95.9,46.9,High,Rainy,0,20,Completed,1
F1032,2025-04-25,Rural Market Yard,Rythu Colony,Krishna,Paddy,Sona Masuri,5.84,12,Tractor,2,5,6,08:00-09:00,Friday,4,28,38,12.6,106.5,39.2,High,Rainy,0,20,Cancelled,2
F1033,2025-08-13,Mandal Procurement Centre,Greenfield,Krishna,Maize,DHM-117,10.8,22,Tractor,1,2,11,16:00-17:00,Wednesday,8,19,17,23.3,99.4,48.2,High,Cloudy,0,20,Completed,1
F1034,2024-03-23,Rural Market Yard,Greenfield,Krishna,Maize,Pioneer-3396,16.72,34,Tractor,3,4,7,14:00-15:00,Saturday,3,19,15,26.6,107.6,53.5,High,Rainy,0,25,Completed,1
F1035,2024-06-24,Mandal Procurement Centre,Kisanpur,Krishna,Maize,DHM-117,8.49,17,Mini Truck,3,2,11,09:00-10:00,Monday,6,29,34,22.5,117.3,51.8,High,Rainy,0,20,Completed,2
F1036,2025-01-15,Mandal Procurement Centre,Rythu Colony,Krishna,Maize,DHM-117,5.05,11,Auto,2,2,5,11:00-12:00,Wednesday,1,35,39,13.7,113.5,42.1,High,Clear,0,25,Completed,2
F1037,2024-10-01,Cooperative Collection Centre,Rythu Colony,Krishna,Paddy,BPT-5204,6.93,14,Tractor,2,3,5,14:00-15:00,Tuesday,10,31,31,16.8,94.3,40.4,High,Cloudy,0,25,Cancelled,0
F1038,2024-08-07,Rural Market Yard,Lakshmi Nagar,Krishna,Maize,DHM-117,5.39,11,Auto,3,4,11,08:00-09:00,Wednesday,8,46,44,12.4,121.1,42.7,High,Clear,1,20,Completed,2
F1039,2024-11-19,Cooperative Collection Centre,Lakshmi Nagar,Krishna,Paddy,BPT-5204,6.51,14,Auto,1,2,7,09:00-10:00,Tuesday,11,54,57,17.5,169.1,59.8,High,Cloudy,0,20,Cancelled,2
F1040,2024-07-24,Cooperative Collection Centre,Greenfield,Krishna,Maize,DHM-117,6.13,13,Tractor,3,2,9,14:00-15:00,Wednesday,7,17,21,16.5,76.1,35.5,Medium,Rainy,0,25,Completed,0
F1041,2025-07-09,Cooperative Collection Centre,Rythu Colony,Krishna,Cotton,Bt Cotton,9.74,20,Auto,1,3,8,15:00-16:00,Wednesday,7,27,23,20.2,74.1,38.7,Medium,Cloudy,0,25,Completed,1
F1042,2024-05-18,Mandal Procurement Centre,Kisanpur,Krishna,Cotton,NCS-145,6.82,14,Auto,3,3,5,11:00-12:00,Saturday,5,31,32,14.7,90.4,37.3,High,Clear,0,25,Completed,0
F1043,2025-05-04,Mandal Procurement Centre,Lakshmi Nagar,Krishna,Cotton,Bt Cotton,11.19,23,Mini Truck,1,4,9,09:00-10:00,Sunday,5,40,45,22.6,133.0,55.9,High,Rainy,0,20,Completed,2
F1044,2024-09-15,Cooperative Collection Centre,Kisanpur,Krishna,Cotton,NCS-145,5.28,11,Tractor,3,3,9,11:00-12:00,Sunday,9,25,33,15.5,90.1,38.0,High,Clear,0,25,Completed,0
F1045,2024-10-18,Mandal Procurement Centre,Kisanpur,Krishna,Cotton,NCS-145,15.1,31,Auto,1,2,5,09:00-10:00,Friday,10,38,41,27.7,157.3,67.0,High,Clear,0,20,Completed,3
F1046,2024-11-01,Cooperative Collection Centre,Greenfield,Krishna,Cotton,NCS-145,4.14,9,Mini Truck,2,3,12,15:00-16:00,Friday,11,37,37,15.2,85.2,36.5,High,Cloudy,0,25,Completed,0
F1047,2024-12-27,Cooperative Collection Centre,Greenfield,Krishna,Maize,Pioneer-3396,5.5,11,Mini Truck,2,5,8,11:00-12:00,Friday,12,28,23,19.1,79.1,38.9,Medium,Clear,0,25,Completed,0
F1048,2024-04-03,Mandal Procurement Centre,Greenfield,Krishna,Cotton,NCS-145,18.98,38,Mini Truck,3,4,4,09:00-10:00,Wednesday,4,31,33,29.7,147.1,66.5,High,Cloudy,0,20,Cancelled,3
F1049,2024-10-05,Cooperative Collection Centre,Lakshmi Nagar,Krishna,Cotton,Bt Cotton,11.1,23,Mini Truck,3,5,11,16:00-17:00,Saturday,10,33,31,21.9,116.8,51.1,High,Clear,0,20,Cancelled,1
F1050,2024-10-06,Mandal Procurement Centre,Greenfield,Krishna,Cotton,NCS-145,4.92,10,Mini Truck,3,4,12,09:00-10:00,Sunday,10,46,43,13.3,105.6,39.7,High,Clear,0,20,Completed,2
F1051,2025-12-12,Rural Market Yard,Lakshmi Nagar,Krishna,Maize,DHM-117,2.96,6,Mini Truck,1,3,6,09:00-10:00,Friday,12,31,28,13.1,62.8,28.8,High,Rainy,0,20,Completed,0
F1052,2024-12-01,Mandal Procurement Centre,Rythu Colony,Krishna,Paddy,Sona Masuri,13.3,27,Tractor,1,3,6,15:00-16:00,Sunday,12,39,36,26.2,107.9,53.2,High,Clear,0,25,Completed,1
F1053,2025-06-11,Rural Market Yard,Kisanpur,Krishna,Maize,Pioneer-3396,17.99,36,Tractor,3,3,11,14:00-15:00,Wednesday,6,33,40,29.5,154.1,68.0,High,Clear,0,25,Cancelled,3
F1054,2024-04-20,Cooperative Collection Centre,Rythu Colony,Krishna,Paddy,Sona Masuri,14.51,30,Tractor,2,3,7,08:00-09:00,Saturday,4,42,40,27.7,166.7,69.4,High,Clear,0,20,Completed,3
F1055,2025-08-10,Mandal Procurement Centre,Kisanpur,Krishna,Cotton,NCS-145,23.15,47,Tractor,1,3,9,10:00-11:00,Sunday,8,30,33,35.0,144.5,71.1,High,Clear,0,25,Completed,3
F1056,2024-10-26,Rural Market Yard,Kisanpur,Krishna,Maize,Pioneer-3396,9.17,19,Tractor,2,3,4,15:00-16:00,Saturday,10,46,40,20.5,116.1,49.5,High,Cloudy,0,25,Completed,2
F1057,2024-01-06,Cooperative Collection Centre,Kisanpur,Krishna,Maize,DHM-117,6.45,13,Tractor,2,4,11,12:00-13:00,Saturday,1,21,25,14.3,71.0,32.0,Medium,Rainy,0,20,Completed,0
F1058,2025-04-18,Cooperative Collection Centre,Lakshmi Nagar,Krishna,Cotton,Bt Cotton,7.35,15,Mini Truck,3,2,6,10:00-11:00,Friday,4,29,29,15.5,105.0,41.8,High,Cloudy,0,25,Completed,0
F1059,2024-11-28,Rural Market Yard,Kisanpur,Krishna,Cotton,Bt Cotton,3.06,7,Mini Truck,3,3,7,09:00-10:00,Thursday,11,39,35,13.3,106.6,40.0,High,Clear,0,20,Completed,2
F1060,2024-06-26,Rural Market Yard,Greenfield,Krishna,Paddy,BPT-5204,8.36,17,Mini Truck,3,3,8,08:00-09:00,Wednesday,6,30,28,19.9,124.5,51.0,High,Clear,0,20,Completed,2
F1061,2024-08-10,Rural Market Yard,Rythu Colony,Krishna,Maize,Pioneer-3396,16.15,33,Auto,1,2,9,11:00-12:00,Saturday,8,29,25,25.3,108.6,52.5,High,Clear,0,25,Completed,1
F1062,2025-07-07,Mandal Procurement Centre,Lakshmi Nagar,Krishna,Paddy,BPT-5204,10.12,21,Tractor,3,5,8,14:00-15:00,Monday,7,27,23,25.8,90.0,48.3,Medium,Clear,0,25,Completed,1
F1063,2025-11-07,Mandal Procurement Centre,Lakshmi Nagar,Krishna,Paddy,Sona Masuri,17.53,36,Tractor,1,3,7,08:00-09:00,Friday,11,50,43,27.7,152.0,65.7,High,Clear,0,20,Completed,3
F1064,2025-09-18,Mandal Procurement Centre,Lakshmi Nagar,Krishna,Paddy,Sona Masuri,13.94,28,Mini Truck,1,5,7,09:00-10:00,Thursday,9,35,31,25.9,107.5,52.8,High,Clear,0,20,Cancelled,1
F1065,2024-02-26,Cooperative Collection Centre,Lakshmi Nagar,Krishna,Maize,DHM-117,12.86,26,Tractor,2,5,10,10:00-11:00,Monday,2,30,34,23.3,108.9,50.5,High,Clear,0,25,Completed,1
F1066,2024-09-19,Rural Market Yard,Kisanpur,Krishna,Cotton,NCS-145,5.05,11,Mini Truck,2,5,11,16:00-17:00,Thursday,9,20,20,17.1,56.4,31.2,Medium,Rainy,0,20,Cancelled,0
F1067,2024-04-24,Cooperative Collection Centre,Kisanpur,Krishna,Maize,Pioneer-3396,6.49,13,Mini Truck,2,4,7,11:00-12:00,Wednesday,4,16,14,16.7,49.3,29.0,Medium,Cloudy,0,25,Completed,0
F1068,2024-10-07,Rural Market Yard,Lakshmi Nagar,Krishna,Cotton,Bt Cotton,5.98,12,Mini Truck,3,5,12,10:00-11:00,Monday,10,46,47,14.4,108.2,41.5,High,Rainy,0,25,Completed,2
F1069,2025-01-01,Rural Market Yard,Rythu Colony,Krishna,Cotton,Bt Cotton,13.6,28,Auto,2,5,4,14:00-15:00,Wednesday,1,42,38,22.7,101.1,48.0,High,Clear,0,25,Completed,1
F1070,2024-09-30,Cooperative Collection Centre,Greenfield,Krishna,Maize,Pioneer-3396,12.81,26,Auto,1,3,11,08:00-09:00,Monday,9,23,19,28.2,93.9,51.7,High,Cloudy,0,20,Completed,1
F1071,2025-09-01,Mandal Procurement Centre,Rythu Colony,Krishna,Cotton,NCS-145,10.43,21,Mini Truck,3,5,5,08:00-09:00,Monday,9,31,29,19.0,106.5,45.6,High,Clear,0,20,Completed,1
F1072,2025-06-28,Mandal Procurement Centre,Rythu Colony,Krishna,Cotton,Bt Cotton,11.73,24,Auto,2,4,4,10:00-11:00,Saturday,6,47,41,23.2,128.5,55.3,High,Clear,0,25,Completed,2
F1073,2024-10-06,Cooperative Collection Centre,Greenfield,Krishna,Cotton,Bt Cotton,2.98,6,Tractor,2,5,4,16:00-17:00,Sunday,10,38,34,13.2,89.1,35.5,High,Clear,0,20,Completed,0
F1074,2024-03-27,Rural Market Yard,Greenfield,Krishna,Cotton,NCS-145,10.49,21,Mini Truck,2,2,5,14:00-15:00,Wednesday,3,17,17,20.1,104.7,46.3,High,Clear,0,25,Completed,1
F1075,2024-04-26,Mandal Procurement Centre,Rythu Colony,Krishna,Maize,DHM-117,12.64,26,Tractor,3,2,9,16:00-17:00,Friday,4,16,19,24.0,104.8,50.2,High,Rainy,0,20,Cancelled,1
F1076,2024-07-07,Rural Market Yard,Lakshmi Nagar,Krishna,Cotton,Bt Cotton,8.57,18,Mini Truck,3,4,4,12:00-13:00,Sunday,7,37,36,16.9,121.4,47.2,High,Clear,0,20,Completed,2
F1077,2024-04-16,Mandal Procurement Centre,Rythu Colony,Krishna,Paddy,BPT-5204,6.62,14,Mini Truck,1,4,11,10:00-11:00,Tuesday,4,28,35,16.1,76.9,35.3,High,Clear,0,25,Completed,0
F1078,2025-05-23,Cooperative Collection Centre,Kisanpur,Krishna,Paddy,BPT-5204,13.89,28,Tractor,2,5,5,16:00-17:00,Friday,5,22,26,22.5,121.4,52.9,High,Cloudy,0,20,Completed,1
F1079,2024-11-29,Mandal Procurement Centre,Greenfield,Krishna,Paddy,BPT-5204,8.84,18,Tractor,2,4,10,14:00-15:00,Friday,11,28,26,17.7,83.3,38.5,Medium,Rainy,0,25,Completed,0
F1080,2025-10-06,Rural Market Yard,Lakshmi Nagar,Krishna,Maize,Pioneer-3396,5.91,12,Mini Truck,1,5,10,16:00-17:00,Monday,10,21,21,18.0,57.4,32.4,Medium,Rainy,0,20,Completed,0
F1081,2024-01-10,Rural Market Yard,Kisanpur,Krishna,Maize,DHM-117,11.4,23,Auto,3,2,9,14:00-15:00,Wednesday,1,37,36,22.0,128.3,54.1,High,Cloudy,0,25,Completed,2
F1082,2024-10-24,Rural Market Yard,Rythu Colony,Krishna,Maize,Pioneer-3396,9.93,20,Tractor,3,2,6,09:00-10:00,Thursday,10,47,47,23.1,169.7,65.5,High,Clear,0,20,Cancelled,2
F1083,2024-07-23,Cooperative Collection Centre,Greenfield,Krishna,Maize,Pioneer-3396,8.21,17,Mini Truck,1,4,12,09:00-10:00,Tuesday,7,34,34,16.5,97.6,40.9,High,Cloudy,0,20,Completed,2
F1084,2024-02-03,Cooperative Collection Centre,Rythu Colony,Krishna,Cotton,Bt Cotton,20.39,41,Mini Truck,3,2,5,10:00-11:00,Saturday,2,32,37,32.1,164.0,73.1,High,Clear,0,25,Cancelled,3
F1085,2024-06-07,Rural Market Yard,Kisanpur,Krishna,Maize,DHM-117,11.57,24,Tractor,2,4,6,14:00-15:00,Friday,6,18,18,26.3,79.5,46.2,Medium,Clear,0,25,Completed,1
F1086,2025-01-28,Mandal Procurement Centre,Rythu Colony,Krishna,Cotton,NCS-145,12.16,25,Tractor,2,2,5,08:00-09:00,Tuesday,1,40,40,20.8,153.4,59.2,High,Clear,0,20,Completed,2
F1087,2024-01-30,Rural Market Yard,Greenfield,Krishna,Cotton,Bt Cotton,4.93,10,Mini Truck,3,3,9,10:00-11:00,Tuesday,1,50,46,18.2,123.1,49.0,High,Clear,0,25,Completed,2
F1088,2025-07-04,Rural Market Yard,Kisanpur,Krishna,Cotton,NCS-145,12.9,26,Mini Truck,3,2,11,09:00-10:00,Friday,7,14,13,21.8,83.0,42.5,Medium,Rainy,0,20,Completed,1
F1089,2025-01-13,Mandal Procurement Centre,Kisanpur,Krishna,Cotton,NCS-145,12.68,26,Tractor,2,4,7,16:00-17:00,Monday,1,36,34,24.7,131.4,57.5,High,Clear,0,20,Cancelled,1
F1090,2024-03-14,Cooperative Collection Centre,Kisanpur,Krishna,Cotton,Bt Cotton,18.87,38,Tractor,2,4,7,10:00-11:00,Thursday,3,33,30,34.4,130.2,66.9,High,Clear,0,25,Completed,3
F1091,2025-09-05,Cooperative Collection Centre,Rythu Colony,Krishna,Paddy,BPT-5204,20.78,42,Tractor,3,3,8,16:00-17:00,Friday,9,22,17,34.0,112.5,62.1,High,Clear,1,20,Completed,3
F1092,2025-07-01,Cooperative Collection Centre,Rythu Colony,Krishna,Cotton,Bt Cotton,10.07,21,Tractor,2,5,11,09:00-10:00,Tuesday,7,22,23,20.9,71.7,38.8,Medium,Rainy,0,20,Cancelled,1
F1093,2025-01-15,Cooperative Collection Centre,Kisanpur,Krishna,Maize,Pioneer-3396,17.88,36,Mini Truck,1,4,5,14:00-15:00,Wednesday,1,36,39,28.1,120.3,58.2,High,Clear,0,25,Completed,3
F1094,2024-05-16,Mandal Procurement Centre,Lakshmi Nagar,Krishna,Cotton,Bt Cotton,4.19,9,Tractor,1,2,11,11:00-12:00,Thursday,5,19,15,10.9,59.3,25.7,Medium,Clear,0,25,Cancelled,0
F1095,2025-10-27,Rural Market Yard,Rythu Colony,Krishna,Cotton,Bt Cotton,3.03,7,Tractor,1,4,9,14:00-15:00,Monday,10,41,42,13.2,74.8,31.9,High,Clear,0,25,Completed,0
F1096,2024-09-16,Cooperative Collection Centre,Rythu Colony,Krishna,Paddy,Sona Masuri,17.34,35,Tractor,1,2,6,14:00-15:00,Monday,9,15,9,28.0,98.3,52.6,High,Clear,0,25,Completed,1
F1097,2025-03-03,Cooperative Collection Centre,Rythu Colony,Krishna,Maize,DHM-117,3.75,8,Mini Truck,3,2,8,08:00-09:00,Monday,3,44,42,14.0,140.6,49.1,High,Clear,1,20,Completed,2
F1098,2025-02-07,Rural Market Yard,Greenfield,Krishna,Paddy,BPT-5204,12.07,25,Auto,1,4,12,12:00-13:00,Friday,2,23,25,23.0,100.2,48.0,High,Clear,0,20,Completed,1
F1099,2025-09-01,Rural Market Yard,Kisanpur,Krishna,Cotton,Bt Cotton,5.26,11,Mini Truck,2,4,6,08:00-09:00,Monday,9,35,28,16.6,96.5,40.7,High,Cloudy,0,20,Completed,0
F1100,2024-12-28,Rural Market Yard,Lakshmi Nagar,Krishna,Paddy,Sona Masuri,9.46,19,Auto,2,2,7,11:00-12:00,Saturday,12,37,36,20.5,97.2,44.8,High,Clear,0,25,Completed,2
F1101,2024-02-24,Rural Market Yard,Kisanpur,Krishna,Maize,Pioneer-3396,8.08,17,Tractor,2,3,12,09:00-10:00,Saturday,2,39,33,18.6,102.7,44.3,High,Clear,0,20,Completed,2
F1102,2025-10-17,Cooperative Collection Centre,Greenfield,Krishna,Cotton,NCS-145,9.19,19,Tractor,1,3,12,14:00-15:00,Friday,10,33,38,18.4,81.9,38.9,High,Clear,0,25,Completed,2
F1103,2025-05-07,Cooperative Collection Centre,Greenfield,Krishna,Maize,Pioneer-3396,4.46,9,Auto,2,4,6,11:00-12:00,Wednesday,5,24,24,16.3,76.5,35.4,Medium,Clear,1,25,Cancelled,0
F1104,2024-02-05,Rural Market Yard,Lakshmi Nagar,Krishna,Maize,DHM-117,9.99,20,Tractor,1,3,12,08:00-09:00,Monday,2,43,48,18.4,140.4,53.5,High,Cloudy,0,20,Completed,2
F1105,2024-04-23,Cooperative Collection Centre,Kisanpur,Krishna,Maize,Pioneer-3396,5.26,11,Tractor,2,4,7,14:00-15:00,Tuesday,4,20,18,15.8,60.2,30.9,Medium,Clear,0,25,Completed,0
F1106,2024-09-24,Rural Market Yard,Lakshmi Nagar,Krishna,Maize,DHM-117,5.38,11,Mini Truck,3,2,12,09:00-10:00,Tuesday,9,39,42,14.1,132.1,47.1,High,Cloudy,0,20,Completed,2
F1107,2025-09-08,Cooperative Collection Centre,Greenfield,Krishna,Cotton,Bt Cotton,10.01,21,Tractor,3,4,4,14:00-15:00,Monday,9,19,12,18.3,73.3,36.6,Medium,Cloudy,0,25,Completed,0
F1108,2024-06-25,Mandal Procurement Centre,Greenfield,Krishna,Paddy,BPT-5204,14.9,30,Auto,1,5,6,10:00-11:00,Tuesday,6,38,34,24.3,88.9,46.5,High,Clear,0,25,Completed,1
F1109,2024-09-01,Rural Market Yard,Kisanpur,Krishna,Paddy,Sona Masuri,5.63,12,Mini Truck,2,2,10,09:00-10:00,Sunday,9,34,27,13.7,99.5,38.6,High,Clear,0,20,Completed,0
F1110,2024-07-26,Mandal Procurement Centre,Kisanpur,Krishna,Paddy,BPT-5204,5.11,11,Tractor,3,2,4,09:00-10:00,Friday,7,39,39,17.2,131.2,50.0,High,Clear,0,20,Completed,2
F1111,2024-05-10,Cooperative Collection Centre,Kisanpur,Krishna,Cotton,Bt Cotton,12.62,26,Mini Truck,3,5,5,12:00-13:00,Friday,5,24,19,24.5,104.9,50.7,High,Clear,0,20,Cancelled,1
F1112,2025-03-25,Cooperative Collection Centre,Greenfield,Krishna,Cotton,Bt Cotton,7.91,16,Tractor,3,2,12,12:00-13:00,Tuesday,3,29,28,17.2,103.0,43.0,High,Cloudy,0,20,Completed,0
F1113,2024-07-06,Mandal Procurement Centre,Kisanpur,Krishna,Maize,Pioneer-3396,7.49,15,Auto,2,5,8,12:00-13:00,Saturday,7,34,32,18.0,116.2,47.0,High,Cloudy,0,20,Completed,2
F1114,2024-09-08,Mandal Procurement Centre,Kisanpur,Krishna,Cotton,Bt Cotton,8.83,18,Mini Truck,1,3,5,11:00-12:00,Sunday,9,25,22,18.6,87.2,40.4,Medium,Clear,1,25,Completed,0
F1115,2025-09-27,Cooperative Collection Centre,Rythu Colony,Krishna,Cotton,NCS-145,3.48,7,Mini Truck,3,2,12,10:00-11:00,Saturday,9,48,46,13.8,110.4,41.4,High,Cloudy,0,25,Completed,2
F1116,2024-04-28,Cooperative Collection Centre,Lakshmi Nagar,Krishna,Paddy,BPT-5204,10.59,22,Mini Truck,3,4,4,12:00-13:00,Sunday,4,17,14,21.7,73.0,40.0,Medium,Rainy,1,20,Completed,1
F1117,2025-05-16,Rural Market Yard,Rythu Colony,Krishna,Cotton,Bt Cotton,8.65,18,Mini Truck,3,3,7,09:00-10:00,Friday,5,37,38,18.5,122.9,49.2,High,Cloudy,1,20,Completed,2
F1118,2024-08-24,Cooperative Collection Centre,Greenfield,Krishna,Paddy,Sona Masuri,4.74,10,Tractor,2,5,9,11:00-12:00,Saturday,8,35,30,14.9,78.3,34.5,Medium,Clear,0,25,Completed,0
F1119,2024-12-10,Mandal Procurement Centre,Rythu Colony,Krishna,Cotton,NCS-145,3.92,8,Mini Truck,2,3,7,10:00-11:00,Tuesday,12,39,37,14.4,102.0,39.9,High,Cloudy,0,25,Completed,2
F1120,2025-04-22,Rural Market Yard,Greenfield,Krishna,Cotton,Bt Cotton,14.46,29,Tractor,1,5,5,09:00-10:00,Tuesday,4,28,30,26.0,115.6,54.9,High,Clear,1,20,Cancelled,1
F1121,2024-02-18,Rural Market Yard,Kisanpur,Krishna,Paddy,Sona Masuri,11.66,24,Mini Truck,2,2,11,14:00-15:00,Sunday,2,43,47,22.3,136.6,56.5,High,Cloudy,0,25,Completed,2
F1122,2025-12-04,Rural Market Yard,Greenfield,Krishna,Maize,Pioneer-3396,4.13,9,Mini Truck,2,5,6,15:00-16:00,Thursday,12,26,25,14.4,58.3,29.0,Medium,Rainy,0,25,Completed,0
F1123,2025-02-11,Cooperative Collection Centre,Lakshmi Nagar,Krishna,Paddy,BPT-5204,12.89,26,Tractor,1,4,5,09:00-10:00,Tuesday,2,30,26,25.8,100.7,51.0,High,Clear,0,20,Completed,1
F1124,2025-11-18,Rural Market Yard,Greenfield,Krishna,Cotton,Bt Cotton,13.48,27,Tractor,1,4,7,16:00-17:00,Tuesday,11,26,30,29.1,113.6,57.5,High,Cloudy,0,20,Cancelled,1
F1125,2025-05-17,Mandal Procurement Centre,Rythu Colony,Krishna,Cotton,NCS-145,6.08,13,Auto,1,2,9,12:00-13:00,Saturday,5,19,16,16.1,72.4,34.2,Medium,Rainy,0,20,Cancelled,0
F1126,2025-09-17,Rural Market Yard,Greenfield,Krishna,Maize,DHM-117,6.24,13,Tractor,2,4,8,12:00-13:00,Wednesday,9,23,23,17.5,77.5,36.9,Medium,Clear,0,20,Cancelled,0
F1127,2024-11-01,Rural Market Yard,Greenfield,Krishna,Cotton,Bt Cotton,7.37,15,Mini Truck,2,5,7,15:00-16:00,Friday,11,29,31,21.1,87.8,43.0,Medium,Rainy,0,25,Completed,0
F1128,2024-03-23,Mandal Procurement Centre,Lakshmi Nagar,Krishna,Maize,DHM-117,6.69,14,Auto,3,5,7,09:00-10:00,Saturday,3,23,24,15.2,92.1,38.2,High,Cloudy,0,20,Cancelled,0
F1129,2025-09-04,Rural Market Yard,Rythu Colony,Krishna,Maize,Pioneer-3396,2.6,6,Auto,2,5,5,09:00-10:00,Thursday,9,29,27,11.0,55.8,24.9,Medium,Rainy,0,20,Completed,0
F1130,2025-08-18,Mandal Procurement Centre,Lakshmi Nagar,Krishna,Paddy,Sona Masuri,7.45,15,Tractor,2,5,5,09:00-10:00,Monday,8,30,23,18.8,94.0,42.3,High,Cloudy,0,20,Completed,0
F1131,2025-06-29,Mandal Procurement Centre,Greenfield,Krishna,Paddy,Sona Masuri,9.51,20,Auto,1,4,4,08:00-09:00,Sunday,6,42,47,21.5,133.1,54.8,High,Clear,1,20,Completed,2
F1132,2024-03-24,Rural Market Yard,Kisanpur,Krishna,Cotton,Bt Cotton,12.21,25,Tractor,3,5,10,16:00-17:00,Sunday,3,11,13,21.8,67.7,38.7,Medium,Clear,1,20,Completed,1
F1133,2025-05-01,Cooperative Collection Centre,Kisanpur,Krishna,Maize,Pioneer-3396,4.05,9,Auto,1,3,5,11:00-12:00,Thursday,5,7,7,16.0,42.8,26.7,Low,Rainy,0,25,Completed,0
F1134,2025-03-16,Rural Market Yard,Greenfield,Krishna,Maize,DHM-117,9.34,19,Mini Truck,3,3,4,08:00-09:00,Sunday,3,26,25,18.1,103.6,44.0,High,Rainy,0,20,Completed,1
F1135,2024-08-01,Cooperative Collection Centre,Rythu Colony,Krishna,Cotton,Bt Cotton,7.44,15,Mini Truck,1,5,7,08:00-09:00,Thursday,8,30,31,17.9,84.7,39.1,High,Cloudy,0,20,Completed,0
F1136,2025-02-11,Mandal Procurement Centre,Kisanpur,Krishna,Maize,DHM-117,12.18,25,Tractor,3,3,4,14:00-15:00,Tuesday,2,18,17,22.0,101.7,47.4,High,Clear,0,25,Cancelled,1
F1137,2024-12-06,Mandal Procurement Centre,Lakshmi Nagar,Krishna,Paddy,Sona Masuri,11.37,23,Auto,3,3,7,10:00-11:00,Friday,12,53,53,20.3,152.2,58.3,High,Cloudy,0,25,Completed,2
F1138,2024-09-26,Rural Market Yard,Greenfield,Krishna,Maize,DHM-117,13.53,28,Tractor,3,2,9,14:00-15:00,Thursday,9,15,12,22.1,84.7,43.3,Medium,Rainy,0,25,Completed,1
F1139,2024-10-23,Rural Market Yard,Greenfield,Krishna,Paddy,Sona Masuri,21.58,44,Mini Truck,3,5,8,11:00-12:00,Wednesday,10,33,38,33.3,149.7,70.7,High,Cloudy,0,25,Completed,3
F1140,2024-04-29,Rural Market Yard,Greenfield,Krishna,Cotton,NCS-145,11.41,23,Auto,3,4,10,11:00-12:00,Monday,4,20,17,21.3,77.8,40.8,Medium,Clear,0,25,Completed,1
F1141,2025-12-17,Cooperative Collection Centre,Rythu Colony,Krishna,Paddy,Sona Masuri,12.4,25,Tractor,1,4,9,14:00-15:00,Wednesday,12,33,34,25.2,97.7,49.6,High,Clear,0,25,Completed,1
F1142,2024-07-24,Cooperative Collection Centre,Rythu Colony,Krishna,Maize,Pioneer-3396,16.14,33,Auto,3,2,9,10:00-11:00,Wednesday,7,36,30,24.7,135.0,58.5,High,Clear,0,25,Completed,3
F1143,2024-03-22,Mandal Procurement Centre,Kisanpur,Krishna,Paddy,Sona Masuri,7.57,16,Tractor,1,3,7,16:00-17:00,Friday,3,24,26,17.8,96.9,42.0,High,Cloudy,0,20,Completed,0
F1144,2024-07-25,Mandal Procurement Centre,Kisanpur,Krishna,Paddy,BPT-5204,12.92,26,Tractor,3,4,8,09:00-10:00,Thursday,7,27,24,24.2,110.4,51.8,High,Clear,0,20,Completed,1
F1145,2024-10-25,Mandal Procurement Centre,Rythu Colony,Krishna,Maize,DHM-117,9.11,19,Tractor,2,3,10,14:00-15:00,Friday,10,37,30,17.7,114.6,46.3,High,Clear,0,25,Completed,2
F1146,2025-03-17,Rural Market Yard,Greenfield,Krishna,Cotton,NCS-145,15.84,32,Tractor,1,4,11,11:00-12:00,Monday,3,27,29,31.2,108.5,58.3,High,Clear,0,25,Completed,1
F1147,2024-08-08,Rural Market Yard,Lakshmi Nagar,Krishna,Paddy,BPT-5204,4.99,10,Tractor,1,5,11,12:00-13:00,Thursday,8,22,22,17.2,48.5,29.3,Medium,Clear,0,20,Completed,0
F1148,2024-08-04,Mandal Procurement Centre,Greenfield,Krishna,Maize,DHM-117,10.89,22,Mini Truck,3,2,12,11:00-12:00,Sunday,8,19,21,21.9,87.0,43.6,Medium,Clear,0,25,Completed,1
F1149,2024-03-04,Rural Market Yard,Greenfield,Krishna,Paddy,BPT-5204,5.68,12,Tractor,2,3,4,11:00-12:00,Monday,3,22,27,13.2,91.4,36.0,High,Clear,0,25,Completed,0
F1150,2024-06-01,Mandal Procurement Centre,Rythu Colony,Krishna,Paddy,Sona Masuri,5.34,11,Tractor,2,4,12,16:00-17:00,Saturday,6,24,19,14.2,62.7,29.9,Medium,Rainy,0,20,Completed,0
F1151,2024-08-09,Rural Market Yard,Rythu Colony,Krishna,Maize,Pioneer-3396,9.65,20,Auto,2,3,6,12:00-13:00,Friday,8,21,18,18.6,82.4,39.2,Medium,Rainy,0,20,Completed,0
F1152,2024-11-19,Rural Market Yard,Lakshmi Nagar,Krishna,Maize,DHM-117,11.68,24,Tractor,3,2,8,08:00-09:00,Tuesday,11,52,45,21.4,154.8,60.1,High,Clear,0,20,Completed,2
F1153,2025-06-19,Cooperative Collection Centre,Greenfield,Krishna,Cotton,NCS-145,9.31,19,Mini Truck,3,4,11,10:00-11:00,Thursday,6,28,26,18.2,86.9,39.9,Medium,Clear,0,25,Completed,0
F1154,2024-04-19,Rural Market Yard,Greenfield,Krishna,Maize,Pioneer-3396,2.0,4,Tractor,1,2,10,08:00-09:00,Friday,4,34,33,12.4,84.0,33.4,High,Cloudy,0,20,Completed,0
F1155,2024-08-12,Cooperative Collection Centre,Lakshmi Nagar,Krishna,Cotton,Bt Cotton,5.04,11,Auto,2,5,4,16:00-17:00,Monday,8,11,12,12.5,45.1,23.8,Medium,Clear,1,20,Completed,0
F1156,2025-07-29,Mandal Procurement Centre,Lakshmi Nagar,Krishna,Paddy,Sona Masuri,11.15,23,Tractor,3,4,12,12:00-13:00,Tuesday,7,21,27,21.4,112.9,49.6,High,Clear,0,20,Completed,1
F1157,2025-08-07,Rural Market Yard,Rythu Colony,Krishna,Paddy,Sona Masuri,6.13,13,Auto,3,2,12,16:00-17:00,Thursday,8,19,16,16.2,77.6,35.6,Medium,Clear,0,20,Completed,0
F1158,2024-03-15,Rural Market Yard,Lakshmi Nagar,Krishna,Maize,DHM-117,6.47,13,Tractor,2,3,9,16:00-17:00,Friday,3,15,17,14.8,82.1,35.3,Medium,Cloudy,0,20,Cancelled,0
F1159,2024-10-26,Cooperative Collection Centre,Lakshmi Nagar,Krishna,Cotton,NCS-145,4.22,9,Tractor,3,5,12,10:00-11:00,Saturday,10,58,60,18.3,119.6,48.2,High,Clear,0,25,Completed,2
F1160,2024-02-20,Cooperative Collection Centre,Kisanpur,Krishna,Maize,DHM-117,3.7,8,Tractor,3,3,12,15:00-16:00,Tuesday,2,26,23,12.4,59.3,27.2,Medium,Clear,0,25,Completed,0
F1161,2024-05-24,Mandal Procurement Centre,Kisanpur,Krishna,Maize,DHM-117,6.74,14,Mini Truck,2,3,9,14:00-15:00,Friday,5,20,17,16.3,63.3,32.1,Medium,Cloudy,0,25,Completed,0
F1162,2025-05-10,Mandal Procurement Centre,Kisanpur,Krishna,Paddy,BPT-5204,2.9,6,Mini Truck,1,5,12,09:00-10:00,Saturday,5,42,38,9.7,82.8,30.4,High,Cloudy,0,20,Cancelled,0
F1163,2025-02-18,Mandal Procurement Centre,Lakshmi Nagar,Krishna,Cotton,NCS-145,12.02,25,Tractor,3,3,10,08:00-09:00,Tuesday,2,34,33,19.8,133.5,53.2,High,Clear,0,20,Completed,2
F1164,2024-10-16,Rural Market Yard,Greenfield,Krishna,Cotton,NCS-145,4.13,9,Tractor,3,3,7,08:00-09:00,Wednesday,10,37,32,11.3,103.9,37.3,High,Rainy,0,20,Completed,0
F1165,2025-03-20,Mandal Procurement Centre,Greenfield,Krishna,Paddy,Sona Masuri,15.79,32,Auto,1,4,12,11:00-12:00,Thursday,3,17,15,27.5,72.7,45.7,Medium,Cloudy,0,25,Cancelled,1
F1166,2025-09-06,Rural Market Yard,Kisanpur,Krishna,Maize,DHM-117,8.17,17,Tractor,2,5,6,10:00-11:00,Saturday,9,41,41,14.6,96.8,38.8,High,Clear,0,25,Completed,2
F1167,2025-01-02,Cooperative Collection Centre,Rythu Colony,Krishna,Paddy,BPT-5204,3.83,8,Tractor,2,2,8,10:00-11:00,Thursday,1,53,56,11.1,112.1,39.1,High,Cloudy,0,25,Completed,2
F1168,2024-09-15,Mandal Procurement Centre,Greenfield,Krishna,Paddy,Sona Masuri,6.97,14,Mini Truck,2,5,5,15:00-16:00,Sunday,9,30,30,13.8,83.1,34.6,Medium,Clear,0,25,Completed,0
F1169,2024-07-24,Rural Market Yard,Rythu Colony,Krishna,Cotton,Bt Cotton,15.33,31,Tractor,3,5,12,12:00-13:00,Wednesday,7,15,18,24.7,101.1,50.0,High,Rainy,0,20,Cancelled,1
F1170,2025-10-20,Mandal Procurement Centre,Lakshmi Nagar,Krishna,Paddy,Sona Masuri,17.81,36,Tractor,1,5,8,15:00-16:00,Monday,10,47,47,25.6,119.6,55.5,High,Clear,0,25,Completed,3
F1171,2025-11-23,Cooperative Collection Centre,Kisanpur,Krishna,Cotton,Bt Cotton,12.76,26,Mini Truck,2,3,5,15:00-16:00,Sunday,11,40,43,20.8,139.4,55.7,High,Clear,0,25,Completed,2
F1172,2024-10-22,Rural Market Yard,Greenfield,Krishna,Maize,DHM-117,4.61,10,Mini Truck,2,4,11,16:00-17:00,Tuesday,10,19,18,10.9,67.9,27.9,Medium,Rainy,0,20,Cancelled,0
F1173,2025-03-10,Rural Market Yard,Kisanpur,Krishna,Cotton,Bt Cotton,4.53,10,Mini Truck,2,5,7,10:00-11:00,Monday,3,26,22,14.9,73.4,33.2,Medium,Cloudy,0,25,Completed,0
F1174,2025-06-05,Cooperative Collection Centre,Kisanpur,Krishna,Maize,DHM-117,8.92,18,Mini Truck,1,4,10,08:00-09:00,Thursday,6,37,43,16.5,113.7,44.9,High,Clear,0,20,Cancelled,2
F1175,2025-08-06,Cooperative Collection Centre,Greenfield,Krishna,Cotton,Bt Cotton,10.19,21,Mini Truck,1,4,12,09:00-10:00,Wednesday,8,37,34,19.2,99.0,44.0,High,Clear,1,20,Cancelled,2
F1176,2024-08-06,Mandal Procurement Centre,Rythu Colony,Krishna,Paddy,Sona Masuri,24.91,50,Mini Truck,1,4,8,10:00-11:00,Tuesday,8,26,29,38.4,134.7,72.1,High,Clear,0,25,Completed,3
F1177,2025-10-29,Rural Market Yard,Lakshmi Nagar,Krishna,Maize,Pioneer-3396,7.78,16,Auto,2,2,9,11:00-12:00,Wednesday,10,38,39,13.7,101.0,39.0,High,Cloudy,0,25,Completed,2
F1178,2024-05-13,Mandal Procurement Centre,Kisanpur,Krishna,Cotton,Bt Cotton,9.75,20,Mini Truck,3,3,8,12:00-13:00,Monday,5,31,31,18.7,119.4,48.5,High,Clear,0,20,Completed,2
F1179,2025-08-14,Mandal Procurement Centre,Lakshmi Nagar,Krishna,Maize,DHM-117,9.71,20,Tractor,1,5,10,14:00-15:00,Thursday,8,22,19,21.1,43.4,32.0,Low,Clear,0,25,Completed,0
F1180,2025-12-17,Cooperative Collection Centre,Lakshmi Nagar,Krishna,Maize,DHM-117,5.27,11,Mini Truck,1,4,4,14:00-15:00,Wednesday,12,44,45,18.6,106.8,45.3,High,Clear,0,25,Cancelled,2
F1181,2024-03-29,Cooperative Collection Centre,Rythu Colony,Krishna,Paddy,BPT-5204,4.77,10,Mini Truck,1,2,6,11:00-12:00,Friday,3,18,24,14.7,73.0,33.0,Medium,Rainy,0,25,Cancelled,0
F1182,2024-08-10,Mandal Procurement Centre,Lakshmi Nagar,Krishna,Maize,Pioneer-3396,7.97,16,Mini Truck,1,4,12,14:00-15:00,Saturday,8,31,27,18.6,79.7,38.5,Medium,Clear,0,25,Completed,0
F1183,2025-03-07,Cooperative Collection Centre,Greenfield,Krishna,Maize,Pioneer-3396,28.77,58,Tractor,3,3,6,08:00-09:00,Friday,3,26,32,43.7,202.7,94.4,High,Rainy,0,20,Cancelled,3
F1184,2024-01-24,Cooperative Collection Centre,Greenfield,Krishna,Paddy,BPT-5204,13.68,28,Tractor,1,4,7,10:00-11:00,Wednesday,1,30,30,23.2,101.5,48.6,High,Rainy,0,25,Completed,1
F1185,2024-01-17,Rural Market Yard,Greenfield,Krishna,Cotton,Bt Cotton,7.84,16,Tractor,1,5,12,16:00-17:00,Wednesday,1,32,34,19.5,101.6,44.9,High,Clear,0,20,Completed,2
F1186,2024-10-10,Mandal Procurement Centre,Kisanpur,Krishna,Cotton,NCS-145,20.48,41,Mini Truck,2,4,9,16:00-17:00,Thursday,10,29,28,32.5,121.1,62.8,High,Clear,0,20,Cancelled,3
F1187,2024-12-25,Cooperative Collection Centre,Lakshmi Nagar,Krishna,Paddy,BPT-5204,8.11,17,Tractor,3,5,10,08:00-09:00,Wednesday,12,55,53,17.3,150.7,55.0,High,Clear,0,20,Cancelled,2
F1188,2024-05-16,Cooperative Collection Centre,Rythu Colony,Krishna,Paddy,BPT-5204,4.83,10,Tractor,3,3,12,10:00-11:00,Thursday,5,14,13,11.4,56.6,25.6,Medium,Rainy,0,25,Completed,0
F1189,2025-12-11,Rural Market Yard,Greenfield,Krishna,Paddy,Sona Masuri,11.07,23,Mini Truck,3,5,11,10:00-11:00,Thursday,12,46,47,21.0,111.6,48.9,High,Clear,0,25,Completed,2
F1190,2024-12-27,Rural Market Yard,Lakshmi Nagar,Krishna,Cotton,Bt Cotton,6.04,13,Auto,2,4,6,15:00-16:00,Friday,12,35,31,15.1,73.1,33.4,Medium,Clear,0,25,Cancelled,0
F1191,2025-09-18,Rural Market Yard,Greenfield,Krishna,Cotton,NCS-145,18.05,37,Mini Truck,3,3,12,12:00-13:00,Thursday,9,24,25,26.4,140.1,61.4,High,Cloudy,0,20,Completed,3
F1192,2024-10-20,Mandal Procurement Centre,Rythu Colony,Krishna,Paddy,Sona Masuri,3.46,7,Auto,2,2,4,16:00-17:00,Sunday,10,28,24,9.4,86.0,30.9,Medium,Rainy,0,20,Completed,0
F1193,2025-02-18,Rural Market Yard,Lakshmi Nagar,Krishna,Maize,Pioneer-3396,8.55,18,Mini Truck,2,3,6,08:00-09:00,Tuesday,2,31,26,17.2,81.2,37.5,Medium,Clear,0,20,Completed,0
F1194,2024-03-21,Cooperative Collection Centre,Rythu Colony,Krishna,Paddy,BPT-5204,7.09,15,Mini Truck,1,5,10,10:00-11:00,Thursday,3,29,30,16.5,78.3,36.1,Medium,Clear,0,25,Completed,0
F1195,2025-08-02,Cooperative Collection Centre,Kisanpur,Krishna,Paddy,BPT-5204,13.52,28,Tractor,3,5,5,10:00-11:00,Saturday,8,43,44,24.2,142.1,59.7,High,Cloudy,0,25,Completed,3
F1196,2025-11-11,Cooperative Collection Centre,Kisanpur,Krishna,Paddy,Sona Masuri,10.03,21,Mini Truck,3,2,9,15:00-16:00,Tuesday,11,29,26,17.8,118.0,47.3,High,Rainy,0,25,Cancelled,1
F1197,2025-03-14,Mandal Procurement Centre,Lakshmi Nagar,Krishna,Maize,Pioneer-3396,7.48,15,Auto,2,4,12,12:00-13:00,Friday,3,17,19,13.6,83.4,34.5,Medium,Clear,0,20,Completed,0
F1198,2025-10-13,Mandal Procurement Centre,Greenfield,Krishna,Paddy,BPT-5204,5.32,11,Tractor,1,5,9,14:00-15:00,Monday,10,31,33,15.6,56.1,29.6,Medium,Clear,0,25,Completed,0
F1199,2025-07-29,Cooperative Collection Centre,Rythu Colony,Krishna,Maize,DHM-117,3.87,8,Tractor,3,4,12,15:00-16:00,Tuesday,7,15,25,11.2,57.8,25.6,Medium,Clear,0,25,Completed,0
F1200,2025-04-12,Cooperative Collection Centre,Kisanpur,Krishna,Maize,DHM-117,2.97,6,Mini Truck,1,5,9,09:00-10:00,Saturday,4,41,46,10.3,107.8,37.2,High,Clear,0,20,Cancelled,2
F1201,2024-12-07,Rural Market Yard,Kisanpur,Krishna,Maize,DHM-117,7.1,15,Tractor,3,5,12,08:00-09:00,Saturday,12,55,58,15.9,150.8,53.6,High,Clear,0,20,Completed,2
F1202,2024-07-20,Cooperative Collection Centre,Greenfield,Krishna,Cotton,Bt Cotton,9.74,20,Auto,1,5,6,12:00-13:00,Saturday,7,29,27,21.8,98.0,46.3,High,Clear,0,20,Completed,1
F1203,2024-06-05,Cooperative Collection Centre,Kisanpur,Krishna,Cotton,Bt Cotton,12.7,26,Mini Truck,1,5,4,15:00-16:00,Wednesday,6,18,13,21.7,73.6,40.1,Medium,Clear,0,25,Completed,1
F1204,2025-07-05,Mandal Procurement Centre,Lakshmi Nagar,Krishna,Maize,DHM-117,7.48,15,Tractor,2,2,7,14:00-15:00,Saturday,7,25,34,18.0,98.6,42.6,High,Clear,0,25,Completed,2
F1205,2024-08-08,Rural Market Yard,Kisanpur,Krishna,Cotton,NCS-145,10.95,22,Tractor,2,3,10,09:00-10:00,Thursday,8,33,32,22.3,115.4,51.2,High,Clear,0,20,Completed,1
F1206,2024-10-30,Rural Market Yard,Rythu Colony,Krishna,Cotton,Bt Cotton,15.28,31,Mini Truck,3,3,8,14:00-15:00,Wednesday,10,22,20,27.0,106.4,53.6,High,Clear,0,25,Completed,1
F1207,2025-02-17,Mandal Procurement Centre,Lakshmi Nagar,Krishna,Maize,DHM-117,5.32,11,Auto,2,3,6,16:00-17:00,Monday,2,14,8,14.3,50.0,26.8,Medium,Cloudy,0,20,Completed,0
F1208,2025-04-27,Mandal Procurement Centre,Rythu Colony,Krishna,Cotton,NCS-145,7.3,15,Auto,2,2,5,11:00-12:00,Sunday,4,14,21,17.1,75.3,35.9,Medium,Rainy,0,25,Cancelled,0
F1209,2025-08-30,Cooperative Collection Centre,Rythu Colony,Krishna,Cotton,Bt Cotton,8.45,17,Tractor,3,3,4,11:00-12:00,Saturday,8,29,27,19.9,100.8,45.1,High,Cloudy,1,25,Completed,1
F1210,2025-02-28,Rural Market Yard,Lakshmi Nagar,Krishna,Maize,Pioneer-3396,16.34,33,Auto,3,4,5,14:00-15:00,Friday,2,8,7,26.9,78.1,46.4,Medium,Rainy,1,25,Cancelled,1
F1211,2024-11-29,Mandal Procurement Centre,Kisanpur,Krishna,Cotton,Bt Cotton,6.91,14,Auto,1,5,12,12:00-13:00,Friday,11,36,29,17.0,70.0,34.5,High,Clear,0,20,Cancelled,0
F1212,2025-08-02,Cooperative Collection Centre,Greenfield,Krishna,Cotton,Bt Cotton,10.64,22,Mini Truck,2,2,5,12:00-13:00,Saturday,8,27,27,17.6,117.6,47.0,High,Clear,0,20,Completed,1
F1213,2024-10-23,Rural Market Yard,Lakshmi Nagar,Krishna,Paddy,Sona Masuri,4.41,9,Mini Truck,2,4,11,12:00-13:00,Wednesday,10,26,22,8.8,67.6,25.7,Medium,Cloudy,0,20,Completed,0
F1214,2025-03-17,Mandal Procurement Centre,Greenfield,Krishna,Paddy,Sona Masuri,8.65,18,Auto,2,2,7,16:00-17:00,Monday,3,28,24,21.3,106.5,47.9,High,Cloudy,0,20,Completed,1
F1215,2025-05-08,Rural Market Yard,Greenfield,Krishna,Maize,DHM-117,8.13,17,Mini Truck,2,2,5,09:00-10:00,Thursday,5,38,40,18.8,135.8,52.8,High,Clear,0,20,Completed,2
F1216,2024-08-07,Mandal Procurement Centre,Kisanpur,Krishna,Maize,Pioneer-3396,13.74,28,Auto,2,4,4,09:00-10:00,Wednesday,8,42,39,23.0,135.9,57.0,High,Clear,0,20,Completed,3
F1217,2024-08-22,Rural Market Yard,Lakshmi Nagar,Krishna,Paddy,BPT-5204,16.19,33,Tractor,2,4,9,11:00-12:00,Thursday,8,15,18,28.6,99.4,53.5,High,Rainy,0,25,Completed,1
F1218,2024-05-24,Rural Market Yard,Lakshmi Nagar,Krishna,Paddy,Sona Masuri,2.45,5,Tractor,1,2,9,09:00-10:00,Friday,5,28,29,13.5,83.3,34.3,High,Cloudy,0,20,Completed,0
F1219,2024-04-02,Cooperative Collection Centre,Lakshmi Nagar,Krishna,Paddy,BPT-5204,11.42,23,Mini Truck,2,5,6,11:00-12:00,Tuesday,4,26,24,24.3,85.6,45.7,Medium,Clear,0,25,Cancelled,1
F1220,2024-08-28,Cooperative Collection Centre,Rythu Colony,Krishna,Cotton,NCS-145,3.51,8,Tractor,2,5,12,15:00-16:00,Wednesday,8,28,25,11.2,54.7,24.9,Medium,Cloudy,0,25,Completed,0
F1221,2025-03-25,Cooperative Collection Centre,Rythu Colony,Krishna,Cotton,NCS-145,4.31,9,Mini Truck,3,5,5,16:00-17:00,Tuesday,3,13,15,9.1,66.7,25.8,Medium,Rainy,0,20,Completed,0
F1222,2024-08-09,Cooperative Collection Centre,Lakshmi Nagar,Krishna,Cotton,NCS-145,7.14,15,Tractor,2,4,7,16:00-17:00,Friday,8,17,15,15.3,64.8,31.5,Medium,Clear,0,20,Cancelled,0
F1223,2024-07-03,Cooperative Collection Centre,Rythu Colony,Krishna,Cotton,Bt Cotton,13.3,27,Tractor,1,3,8,09:00-10:00,Wednesday,7,36,36,21.9,125.8,53.3,High,Clear,0,20,Completed,2
F1224,2025-01-04,Rural Market Yard,Kisanpur,Krishna,Paddy,BPT-5204,10.28,21,Tractor,2,3,10,14:00-15:00,Saturday,1,31,36,19.6,101.3,44.9,High,Clear,0,25,Completed,2
F1225,2024-07-06,Mandal Procurement Centre,Rythu Colony,Krishna,Maize,Pioneer-3396,16.04,33,Tractor,1,3,9,09:00-10:00,Saturday,7,39,34,26.7,131.4,59.5,High,Clear,0,20,Cancelled,3
F1226,2024-07-30,Mandal Procurement Centre,Greenfield,Krishna,Cotton,NCS-145,9.91,20,Mini Truck,1,3,4,12:00-13:00,Tuesday,7,15,11,23.8,71.2,41.6,Medium,Cloudy,0,20,Completed,1
F1227,2025-05-08,Mandal Procurement Centre,Lakshmi Nagar,Krishna,Paddy,Sona Masuri,8.93,18,Mini Truck,2,4,11,16:00-17:00,Thursday,5,22,22,16.1,82.5,36.7,Medium,Cloudy,0,20,Completed,0
F1228,2025-06-04,Mandal Procurement Centre,Greenfield,Krishna,Paddy,Sona Masuri,7.42,15,Tractor,3,3,6,10:00-11:00,Wednesday,6,38,40,17.0,111.7,44.9,High,Clear,0,25,Completed,2
F1229,2025-08-06,Cooperative Collection Centre,Rythu Colony,Krishna,Maize,Pioneer-3396,6.0,12,Auto,3,2,11,11:00-12:00,Wednesday,8,8,3,18.6,54.3,32.2,Medium,Rainy,0,25,Completed,0
F1230,2024-06-27,Cooperative Collection Centre,Greenfield,Krishna,Cotton,Bt Cotton,10.33,21,Mini Truck,1,4,10,11:00-12:00,Thursday,6,21,22,22.6,71.1,40.4,Medium,Cloudy,0,25,Completed,1
F1231,2024-03-28,Mandal Procurement Centre,Greenfield,Krishna,Cotton,NCS-145,10.44,21,Mini Truck,1,4,6,11:00-12:00,Thursday,3,21,15,20.3,65.6,36.7,Medium,Clear,0,25,Completed,1
F1232,2025-08-02,Mandal Procurement Centre,Kisanpur,Krishna,Maize,DHM-117,5.63,12,Mini Truck,3,5,12,16:00-17:00,Saturday,8,21,20,15.9,78.5,35.5,Medium,Clear,0,20,Completed,0
F1233,2024-07-06,Rural Market Yard,Lakshmi Nagar,Krishna,Cotton,Bt Cotton,4.34,9,Auto,3,5,7,08:00-09:00,Saturday,7,36,39,14.6,109.6,42.0,High,Rainy,1,20,Completed,2
F1234,2025-11-13,Cooperative Collection Centre,Kisanpur,Krishna,Paddy,BPT-5204,11.8,24,Mini Truck,3,4,4,09:00-10:00,Thursday,11,55,53,20.3,163.0,61.0,High,Cloudy,0,20,Completed,2
F1235,2025-08-17,Mandal Procurement Centre,Greenfield,Krishna,Maize,DHM-117,15.17,31,Mini Truck,2,4,9,14:00-15:00,Sunday,8,27,30,22.8,113.4,51.2,High,Clear,0,25,Completed,1
F1236,2024-12-10,Cooperative Collection Centre,Lakshmi Nagar,Krishna,Maize,Pioneer-3396,2.06,5,Mini Truck,1,5,6,09:00-10:00,Tuesday,12,51,52,10.9,120.3,41.0,High,Clear,0,20,Completed,2
F1237,2024-04-14,Rural Market Yard,Rythu Colony,Krishna,Paddy,BPT-5204,16.1,33,Auto,2,5,8,15:00-16:00,Sunday,4,29,33,27.6,123.0,58.4,High,Clear,0,25,Completed,3
F1238,2025-08-18,Mandal Procurement Centre,Rythu Colony,Krishna,Paddy,Sona Masuri,11.18,23,Auto,3,2,11,16:00-17:00,Monday,8,24,25,20.8,113.0,49.0,High,Clear,0,20,Completed,1
F1239,2024-10-19,Rural Market Yard,Rythu Colony,Krishna,Maize,DHM-117,8.01,17,Mini Truck,3,3,12,14:00-15:00,Saturday,10,40,41,16.4,118.7,46.1,High,Clear,1,25,Completed,2
F1240,2024-04-03,Cooperative Collection Centre,Lakshmi Nagar,Krishna,Paddy,Sona Masuri,5.04,11,Mini Truck,2,2,4,08:00-09:00,Wednesday,4,30,28,18.8,104.3,44.9,High,Cloudy,0,20,Cancelled,0
F1241,2024-06-21,Mandal Procurement Centre,Greenfield,Krishna,Maize,Pioneer-3396,11.95,24,Auto,1,4,5,15:00-16:00,Friday,6,20,27,22.7,77.9,42.2,Medium,Clear,0,25,Cancelled,1
F1242,2024-05-13,Rural Market Yard,Greenfield,Krishna,Cotton,Bt Cotton,7.67,16,Mini Truck,3,4,10,16:00-17:00,Monday,5,22,24,15.1,91.6,38.0,High,Cloudy,0,20,Cancelled,0
F1243,2024-01-13,Rural Market Yard,Lakshmi Nagar,Krishna,Cotton,NCS-145,26.47,53,Tractor,3,2,5,15:00-16:00,Saturday,1,43,39,39.4,174.9,83.1,High,Clear,0,25,Completed,3
F1244,2024-07-13,Cooperative Collection Centre,Greenfield,Krishna,Paddy,Sona Masuri,7.59,16,Mini Truck,3,2,8,14:00-15:00,Saturday,7,30,25,15.2,92.2,38.2,High,Cloudy,0,25,Completed,0
F1245,2024-03-13,Rural Market Yard,Lakshmi Nagar,Krishna,Paddy,Sona Masuri,8.51,18,Auto,3,4,7,12:00-13:00,Wednesday,3,19,22,17.3,97.7,41.7,High,Cloudy,0,20,Completed,0
F1246,2024-04-22,Cooperative Collection Centre,Rythu Colony,Krishna,Maize,DHM-117,16.63,34,Tractor,1,4,4,08:00-09:00,Monday,4,36,35,28.1,141.6,63.5,High,Clear,0,20,Cancelled,3
F1247,2024-10-11,Mandal Procurement Centre,Lakshmi Nagar,Krishna,Maize,Pioneer-3396,13.44,27,Tractor,3,3,8,14:00-15:00,Friday,10,35,36,21.1,113.3,49.4,High,Cloudy,0,25,Completed,1
F1248,2025-11-28,Cooperative Collection Centre,Greenfield,Krishna,Paddy,BPT-5204,7.27,15,Tractor,2,3,12,10:00-11:00,Friday,11,44,44,19.6,116.9,48.8,High,Clear,0,25,Completed,2
F1249,2025-11-21,Mandal Procurement Centre,Kisanpur,Krishna,Maize,Pioneer-3396,5.46,11,Auto,1,4,5,14:00-15:00,Friday,11,32,24,15.2,69.1,32.5,Medium,Cloudy,0,25,Completed,0
F1250,2025-03-23,Rural Market Yard,Kisanpur,Krishna,Cotton,Bt Cotton,14.77,30,Auto,2,4,8,10:00-11:00,Sunday,3,40,33,26.6,123.9,57.6,High,Rainy,0,25,Completed,3
F1251,2024-03-24,Rural Market Yard,Lakshmi Nagar,Krishna,Cotton,NCS-145,3.48,7,Tractor,2,4,12,16:00-17:00,Sunday,3,13,10,11.1,18.6,15.8,Low,Cloudy,0,20,Completed,0
F1252,2025-11-19,Mandal Procurement Centre,Rythu Colony,Krishna,Cotton,NCS-145,15.61,32,Mini Truck,2,5,12,14:00-15:00,Wednesday,11,31,36,22.0,113.5,50.4,High,Cloudy,1,25,Completed,1
F1253,2025-07-16,Cooperative Collection Centre,Lakshmi Nagar,Krishna,Maize,DHM-117,7.13,15,Auto,3,3,7,14:00-15:00,Wednesday,7,23,25,15.7,83.7,36.6,Medium,Rainy,0,25,Completed,0
F1254,2024-03-29,Mandal Procurement Centre,Kisanpur,Krishna,Paddy,Sona Masuri,6.09,13,Mini Truck,2,2,10,10:00-11:00,Friday,3,36,27,16.0,90.0,38.5,Medium,Clear,1,25,Completed,0
F1255,2024-08-10,Cooperative Collection Centre,Greenfield,Krishna,Maize,DHM-117,11.66,24,Tractor,2,2,4,08:00-09:00,Saturday,8,36,40,19.4,140.8,54.6,High,Cloudy,0,20,Completed,2
F1256,2024-08-08,Cooperative Collection Centre,Greenfield,Krishna,Cotton,NCS-145,5.64,12,Tractor,1,4,12,11:00-12:00,Thursday,8,22,22,12.5,63.9,28.5,Medium,Cloudy,0,25,Completed,0
F1257,2025-03-07,Mandal Procurement Centre,Lakshmi Nagar,Krishna,Paddy,Sona Masuri,8.41,17,Auto,3,2,9,11:00-12:00,Friday,3,24,27,16.0,104.8,42.2,High,Clear,0,25,Completed,0
F1258,2025-01-09,Rural Market Yard,Lakshmi Nagar,Krishna,Maize,DHM-117,5.95,12,Auto,1,3,9,14:00-15:00,Thursday,1,37,40,17.5,93.1,40.8,High,Cloudy,0,25,Completed,2
F1259,2024-12-20,Rural Market Yard,Lakshmi Nagar,Krishna,Maize,DHM-117,7.07,15,Tractor,1,5,8,16:00-17:00,Friday,12,30,31,17.2,108.8,44.4,High,Rainy,0,20,Completed,2
F1260,2024-06-30,Mandal Procurement Centre,Rythu Colony,Krishna,Paddy,Sona Masuri,14.76,30,Tractor,2,4,6,11:00-12:00,Sunday,6,13,12,26.5,90.5,49.1,High,Rainy,0,25,Completed,1
F1261,2025-10-20,Cooperative Collection Centre,Rythu Colony,Krishna,Paddy,Sona Masuri,10.32,21,Tractor,1,3,11,12:00-13:00,Monday,10,40,35,21.5,125.9,53.0,High,Clear,0,20,Completed,2
F1262,2025-08-11,Cooperative Collection Centre,Rythu Colony,Krishna,Paddy,BPT-5204,11.48,23,Tractor,3,2,5,10:00-11:00,Monday,8,37,44,23.8,140.9,59.0,High,Cloudy,0,25,Completed,2
F1263,2025-08-07,Cooperative Collection Centre,Kisanpur,Krishna,Maize,DHM-117,4.49,9,Mini Truck,3,5,6,10:00-11:00,Thursday,8,30,32,15.3,77.0,34.5,Medium,Clear,0,25,Completed,0
F1264,2025-09-15,Cooperative Collection Centre,Rythu Colony,Krishna,Maize,DHM-117,5.55,12,Auto,1,5,9,11:00-12:00,Monday,9,27,23,12.2,49.2,24.5,Medium,Clear,0,25,Cancelled,0
F1265,2025-02-16,Rural Market Yard,Rythu Colony,Krishna,Cotton,NCS-145,5.89,12,Tractor,1,4,10,08:00-09:00,Sunday,2,22,27,15.6,76.0,34.6,Medium,Rainy,0,20,Cancelled,0
F1266,2025-05-05,Cooperative Collection Centre,Kisanpur,Krishna,Maize,Pioneer-3396,8.38,17,Mini Truck,2,5,4,11:00-12:00,Monday,5,24,20,15.3,44.9,26.5,Low,Clear,0,25,Cancelled,0
F1267,2024-12-05,Mandal Procurement Centre,Greenfield,Krishna,Maize,Pioneer-3396,3.69,8,Tractor,2,5,10,10:00-11:00,Thursday,12,58,60,8.9,117.9,38.4,High,Clear,0,25,Completed,2
F1268,2025-09-03,Mandal Procurement Centre,Greenfield,Krishna,Maize,Pioneer-3396,10.38,21,Tractor,3,2,4,11:00-12:00,Wednesday,9,19,16,19.3,70.5,36.9,Medium,Clear,0,25,Completed,0
F1269,2024-01-12,Cooperative Collection Centre,Kisanpur,Krishna,Paddy,Sona Masuri,10.75,22,Mini Truck,3,4,8,09:00-10:00,Friday,1,52,46,19.1,140.9,54.3,High,Cloudy,0,20,Completed,2
F1270,2025-11-29,Mandal Procurement Centre,Lakshmi Nagar,Krishna,Maize,DHM-117,8.35,17,Auto,1,5,9,08:00-09:00,Saturday,11,44,37,17.4,97.8,41.8,High,Rainy,0,20,Completed,2
F1271,2025-06-19,Mandal Procurement Centre,Lakshmi Nagar,Krishna,Maize,DHM-117,5.27,11,Mini Truck,2,5,12,11:00-12:00,Thursday,6,23,22,15.1,61.8,30.5,Medium,Clear,1,25,Completed,0
F1272,2024-04-28,Mandal Procurement Centre,Lakshmi Nagar,Krishna,Maize,Pioneer-3396,7.76,16,Auto,3,2,7,16:00-17:00,Sunday,4,15,13,18.4,74.4,37.0,Medium,Rainy,0,20,Completed,0
F1273,2024-10-18,Mandal Procurement Centre,Greenfield,Krishna,Paddy,BPT-5204,13.01,27,Tractor,1,2,9,10:00-11:00,Friday,10,49,56,27.7,149.2,65.0,High,Clear,0,25,Completed,3
F1274,2025-08-04,Rural Market Yard,Rythu Colony,Krishna,Cotton,Bt Cotton,9.17,19,Mini Truck,1,5,4,14:00-15:00,Monday,8,13,13,19.7,57.8,34.1,Medium,Clear,0,25,Cancelled,0
F1275,2025-10-21,Cooperative Collection Centre,Lakshmi Nagar,Krishna,Paddy,Sona Masuri,14.47,29,Mini Truck,3,5,4,08:00-09:00,Tuesday,10,48,49,25.7,183.0,71.5,High,Clear,0,20,Completed,3
F1276,2025-05-10,Cooperative Collection Centre,Rythu Colony,Krishna,Paddy,Sona Masuri,7.37,15,Tractor,1,5,6,16:00-17:00,Saturday,5,32,28,17.3,97.2,41.6,High,Clear,0,20,Completed,0
F1277,2024-02-11,Rural Market Yard,Lakshmi Nagar,Krishna,Paddy,BPT-5204,4.82,10,Mini Truck,2,4,4,15:00-16:00,Sunday,2,29,25,14.3,71.3,32.1,Medium,Clear,0,25,Completed,0
F1278,2024-11-06,Rural Market Yard,Kisanpur,Krishna,Cotton,Bt Cotton,7.75,16,Tractor,2,2,7,14:00-15:00,Wednesday,11,30,34,18.9,105.0,45.1,High,Clear,1,25,Completed,2
F1279,2024-11-09,Rural Market Yard,Rythu Colony,Krishna,Maize,Pioneer-3396,3.89,8,Mini Truck,3,3,12,16:00-17:00,Saturday,11,36,34,16.3,111.7,44.2,High,Cloudy,0,20,Completed,2
F1280,2024-08-13,Mandal Procurement Centre,Kisanpur,Krishna,Paddy,BPT-5204,9.95,20,Tractor,3,3,5,09:00-10:00,Tuesday,8,36,35,19.8,137.8,54.2,High,Cloudy,0,20,Completed,2
F1281,2024-12-27,Rural Market Yard,Greenfield,Krishna,Cotton,NCS-145,6.03,13,Mini Truck,1,4,9,11:00-12:00,Friday,12,36,30,14.1,62.7,29.8,Medium,Rainy,0,25,Completed,0
F1282,2024-05-07,Rural Market Yard,Greenfield,Krishna,Cotton,NCS-145,6.6,14,Auto,3,5,12,09:00-10:00,Tuesday,5,30,26,16.0,75.5,34.9,Medium,Clear,0,20,Completed,0
F1283,2025-12-25,Mandal Procurement Centre,Lakshmi Nagar,Krishna,Maize,DHM-117,10.38,21,Tractor,3,3,8,10:00-11:00,Thursday,12,45,37,20.5,125.8,52.0,High,Clear,0,25,Completed,2
F1284,2024-05-23,Cooperative Collection Centre,Rythu Colony,Krishna,Cotton,NCS-145,5.55,12,Mini Truck,2,5,11,12:00-13:00,Thursday,5,20,20,16.1,63.0,31.9,Medium,Clear,0,20,Cancelled,0
F1285,2025-12-16,Cooperative Collection Centre,Lakshmi Nagar,Krishna,Cotton,NCS-145,4.08,9,Auto,3,4,8,08:00-09:00,Tuesday,12,34,31,14.8,96.5,38.9,High,Cloudy,0,20,Completed,0
F1286,2025-07-14,Rural Market Yard,Greenfield,Krishna,Maize,Pioneer-3396,7.9,16,Tractor,1,4,11,10:00-11:00,Monday,7,38,38,16.8,94.5,40.4,High,Cloudy,0,25,Completed,2
F1287,2025-09-11,Rural Market Yard,Rythu Colony,Krishna,Paddy,Sona Masuri,7.66,16,Mini Truck,2,2,12,11:00-12:00,Thursday,9,18,7,15.0,52.4,28.1,Medium,Clear,0,25,Cancelled,0
F1288,2024-03-25,Mandal Procurement Centre,Kisanpur,Krishna,Paddy,Sona Masuri,2.0,4,Tractor,3,4,6,15:00-16:00,Monday,3,25,21,7.4,53.8,20.9,Medium,Cloudy,0,25,Cancelled,0
F1289,2025-03-29,Cooperative Collection Centre,Lakshmi Nagar,Krishna,Cotton,NCS-145,7.18,15,Tractor,2,2,11,16:00-17:00,Saturday,3,20,19,14.9,94.7,38.6,High,Clear,0,20,Completed,0
F1290,2024-03-04,Cooperative Collection Centre,Kisanpur,Krishna,Cotton,Bt Cotton,14.73,30,Mini Truck,1,2,8,16:00-17:00,Monday,3,18,16,24.2,95.1,48.0,High,Clear,0,20,Cancelled,1
F1291,2025-11-02,Rural Market Yard,Rythu Colony,Krishna,Paddy,Sona Masuri,14.64,30,Tractor,1,3,11,10:00-11:00,Sunday,11,64,66,22.6,147.6,59.5,High,Clear,0,25,Completed,2
F1292,2025-05-26,Rural Market Yard,Greenfield,Krishna,Maize,Pioneer-3396,5.59,12,Auto,3,5,7,10:00-11:00,Monday,5,25,20,15.0,56.6,29.1,Medium,Cloudy,0,25,Cancelled,0
F1293,2024-02-05,Rural Market Yard,Greenfield,Krishna,Maize,Pioneer-3396,5.79,12,Auto,2,5,5,16:00-17:00,Monday,2,28,28,11.5,91.0,34.2,High,Clear,0,20,Completed,0
F1294,2025-12-16,Mandal Procurement Centre,Greenfield,Krishna,Cotton,NCS-145,8.37,17,Auto,1,2,10,08:00-09:00,Tuesday,12,47,56,20.7,150.9,58.4,High,Clear,1,20,Cancelled,2
F1295,2024-06-11,Rural Market Yard,Kisanpur,Krishna,Maize,DHM-117,8.58,18,Tractor,1,2,9,14:00-15:00,Tuesday,6,18,13,17.8,58.2,32.4,Medium,Clear,0,25,Completed,0
F1296,2025-10-04,Mandal Procurement Centre,Rythu Colony,Krishna,Paddy,BPT-5204,9.56,20,Mini Truck,1,4,6,14:00-15:00,Saturday,10,49,52,21.5,132.2,54.5,High,Clear,0,25,Completed,2
F1297,2025-01-24,Mandal Procurement Centre,Kisanpur,Krishna,Paddy,BPT-5204,7.03,15,Tractor,1,2,9,11:00-12:00,Friday,1,33,31,20.4,102.7,46.1,High,Clear,0,25,Completed,2
F1298,2024-05-03,Rural Market Yard,Kisanpur,Krishna,Paddy,BPT-5204,14.27,29,Tractor,1,5,10,12:00-13:00,Friday,5,20,25,28.7,102.3,54.3,High,Cloudy,0,20,Cancelled,1
F1299,2024-10-12,Mandal Procurement Centre,Lakshmi Nagar,Krishna,Paddy,BPT-5204,14.12,29,Tractor,1,3,12,10:00-11:00,Saturday,10,53,46,20.7,130.9,53.4,High,Clear,0,25,Cancelled,2
F1300,2025-05-31,Rural Market Yard,Lakshmi Nagar,Krishna,Paddy,BPT-5204,6.28,13,Tractor,1,4,8,10:00-11:00,Saturday,5,48,51,15.3,109.3,42.6,High,Clear,0,25,Cancelled,2
F1301,2025-02-28,Rural Market Yard,Lakshmi Nagar,Krishna,Paddy,BPT-5204,23.43,47,Tractor,3,2,10,15:00-16:00,Friday,2,22,20,33.6,143.7,69.5,High,Cloudy,0,25,Cancelled,3
F1302,2024-10-11,Rural Market Yard,Kisanpur,Krishna,Cotton,NCS-145,10.21,21,Tractor,3,2,8,09:00-10:00,Friday,10,50,47,22.0,162.2,62.5,High,Cloudy,0,20,Completed,2
F1303,2025-09-18,Cooperative Collection Centre,Rythu Colony,Krishna,Maize,Pioneer-3396,8.43,17,Mini Truck,3,4,5,15:00-16:00,Thursday,9,8,8,19.6,56.6,33.8,Medium,Rainy,0,25,Cancelled,0
F1304,2025-10-05,Rural Market Yard,Rythu Colony,Krishna,Paddy,Sona Masuri,6.33,13,Auto,1,2,11,10:00-11:00,Sunday,10,50,45,15.6,125.8,47.0,High,Clear,0,25,Completed,2
F1305,2025-07-03,Mandal Procurement Centre,Lakshmi Nagar,Krishna,Paddy,Sona Masuri,4.62,10,Mini Truck,3,3,5,09:00-10:00,Thursday,7,30,36,9.4,102.9,35.1,High,Rainy,0,20,Cancelled,2
F1306,2025-06-10,Cooperative Collection Centre,Lakshmi Nagar,Krishna,Paddy,BPT-5204,14.93,30,Auto,1,2,12,11:00-12:00,Tuesday,6,24,28,26.1,104.3,52.2,High,Cloudy,0,25,Completed,1
F1307,2024-02-16,Mandal Procurement Centre,Kisanpur,Krishna,Maize,Pioneer-3396,9.16,19,Mini Truck,1,2,8,08:00-09:00,Friday,2,38,43,18.4,137.1,52.7,High,Cloudy,0,20,Completed,2
F1308,2024-04-23,Cooperative Collection Centre,Rythu Colony,Krishna,Paddy,Sona Masuri,4.92,10,Tractor,3,4,5,11:00-12:00,Tuesday,4,21,27,17.3,87.9,39.3,Medium,Clear,0,25,Cancelled,0
F1309,2025-05-27,Cooperative Collection Centre,Rythu Colony,Krishna,Maize,DHM-117,2.45,5,Auto,1,5,11,12:00-13:00,Tuesday,5,26,29,12.4,58.8,27.1,High,Clear,0,20,Completed,0
F1310,2025-04-28,Cooperative Collection Centre,Lakshmi Nagar,Krishna,Cotton,NCS-145,6.96,14,Auto,3,2,6,14:00-15:00,Monday,4,23,22,15.0,94.3,38.6,High,Clear,0,25,Cancelled,0
F1311,2025-08-01,Mandal Procurement Centre,Rythu Colony,Krishna,Maize,DHM-117,7.91,16,Tractor,3,2,7,11:00-12:00,Friday,8,19,26,19.2,110.4,46.8,High,Clear,0,25,Completed,1
F1312,2025-03-21,Rural Market Yard,Greenfield,Krishna,Cotton,Bt Cotton,12.87,26,Tractor,1,4,11,16:00-17:00,Friday,3,14,14,25.7,90.7,48.4,High,Clear,1,20,Completed,1
F1313,2025-04-21,Rural Market Yard,Greenfield,Krishna,Maize,Pioneer-3396,5.59,12,Mini Truck,2,5,10,12:00-13:00,Monday,4,21,21,17.3,61.7,32.7,Medium,Cloudy,0,20,Completed,0
F1314,2024-09-30,Rural Market Yard,Rythu Colony,Krishna,Paddy,BPT-5204,7.63,16,Tractor,3,2,10,15:00-16:00,Monday,9,30,30,16.5,108.2,43.5,High,Clear,0,25,Cancelled,2
F1315,2025-04-11,Cooperative Collection Centre,Greenfield,Krishna,Maize,Pioneer-3396,16.64,34,Tractor,3,5,11,12:00-13:00,Friday,4,26,25,30.5,118.1,60.0,High,Cloudy,0,20,Completed,3
F1316,2025-07-11,Rural Market Yard,Kisanpur,Krishna,Paddy,Sona Masuri,15.13,31,Tractor,2,5,4,11:00-12:00,Friday,7,27,27,28.1,114.7,56.8,High,Clear,1,25,Cancelled,1
F1317,2024-06-04,Cooperative Collection Centre,Kisanpur,Krishna,Paddy,BPT-5204,3.39,7,Mini Truck,3,3,7,10:00-11:00,Tuesday,6,29,23,13.2,71.0,30.9,Medium,Clear,0,25,Completed,0
F1318,2025-04-16,Mandal Procurement Centre,Greenfield,Krishna,Cotton,NCS-145,4.8,10,Tractor,2,3,9,14:00-15:00,Wednesday,4,17,17,13.2,77.6,32.6,Medium,Rainy,0,25,Cancelled,0
F1319,2025-02-24,Mandal Procurement Centre,Rythu Colony,Krishna,Cotton,Bt Cotton,32.23,65,Tractor,3,5,7,12:00-13:00,Monday,2,26,25,47.8,173.3,91.1,High,Cloudy,0,20,Completed,3
F1320,2024-01-26,Mandal Procurement Centre,Lakshmi Nagar,Krishna,Paddy,Sona Masuri,9.52,20,Mini Truck,3,4,12,09:00-10:00,Friday,1,39,40,18.9,152.0,56.9,High,Clear,1,20,Cancelled,2
F1321,2024-01-26,Rural Market Yard,Kisanpur,Krishna,Cotton,NCS-145,7.77,16,Tractor,3,5,6,12:00-13:00,Friday,1,49,46,15.5,142.0,51.0,High,Clear,0,20,Completed,2
F1322,2025-04-19,Rural Market Yard,Greenfield,Krishna,Paddy,Sona Masuri,11.71,24,Mini Truck,1,3,7,15:00-16:00,Saturday,4,22,30,23.8,101.6,49.2,High,Rainy,0,25,Completed,1
F1323,2024-09-13,Cooperative Collection Centre,Kisanpur,Krishna,Maize,Pioneer-3396,6.19,13,Auto,2,4,10,14:00-15:00,Friday,9,21,22,14.5,75.5,33.4,Medium,Cloudy,0,25,Cancelled,0
F1324,2025-01-01,Cooperative Collection Centre,Kisanpur,Krishna,Cotton,Bt Cotton,11.94,24,Tractor,2,2,5,09:00-10:00,Wednesday,1,41,32,20.4,124.6,51.5,High,Rainy,0,20,Completed,1
F1325,2024-02-16,Rural Market Yard,Rythu Colony,Krishna,Paddy,BPT-5204,8.98,18,Tractor,2,2,10,15:00-16:00,Friday,2,15,16,22.2,60.7,37.4,Medium,Rainy,0,25,Completed,0
F1326,2025-03-20,Cooperative Collection Centre,Kisanpur,Krishna,Maize,DHM-117,18.69,38,Auto,3,4,8,11:00-12:00,Thursday,3,18,12,31.2,103.7,57.1,High,Clear,0,25,Cancelled,1
F1327,2024-06-03,Rural Market Yard,Lakshmi Nagar,Krishna,Cotton,Bt Cotton,11.07,23,Tractor,1,2,5,11:00-12:00,Monday,6,9,10,20.5,73.8,39.0,Medium,Clear,0,25,Completed,1
F1328,2025-01-06,Cooperative Collection Centre,Rythu Colony,Krishna,Paddy,Sona Masuri,12.13,25,Tractor,2,4,7,10:00-11:00,Monday,1,52,54,20.9,141.6,56.3,High,Clear,0,25,Completed,2
F1329,2024-05-14,Rural Market Yard,Lakshmi Nagar,Krishna,Paddy,BPT-5204,10.6,22,Mini Truck,2,4,9,15:00-16:00,Tuesday,5,21,21,23.2,98.1,47.7,High,Cloudy,1,25,Completed,1
F1330,2025-06-19,Rural Market Yard,Rythu Colony,Krishna,Cotton,Bt Cotton,21.2,43,Mini Truck,3,5,9,16:00-17:00,Thursday,6,18,15,32.0,101.4,57.4,High,Cloudy,0,20,Cancelled,1
F1331,2025-03-20,Rural Market Yard,Lakshmi Nagar,Krishna,Cotton,NCS-145,9.3,19,Auto,1,3,4,10:00-11:00,Thursday,3,43,41,21.4,115.1,50.2,High,Clear,0,25,Completed,2
F1332,2025-06-26,Rural Market Yard,Lakshmi Nagar,Krishna,Maize,DHM-117,15.58,32,Tractor,1,4,12,15:00-16:00,Thursday,6,22,21,20.8,80.8,41.0,Medium,Cloudy,0,25,Completed,1
F1333,2024-11-26,Cooperative Collection Centre,Greenfield,Krishna,Maize,Pioneer-3396,5.86,12,Tractor,2,2,10,09:00-10:00,Tuesday,11,47,42,17.3,134.8,51.0,High,Clear,0,20,Completed,2
F1334,2024-01-01,Rural Market Yard,Kisanpur,Krishna,Cotton,Bt Cotton,4.32,9,Mini Truck,1,4,9,09:00-10:00,Monday,1,51,44,18.1,111.6,46.0,High,Clear,0,20,Completed,2
F1335,2025-08-19,Cooperative Collection Centre,Greenfield,Krishna,Paddy,Sona Masuri,18.27,37,Tractor,1,4,8,09:00-10:00,Tuesday,8,37,29,35.3,128.1,67.3,High,Cloudy,0,20,Cancelled,3
F1336,2024-09-10,Cooperative Collection Centre,Lakshmi Nagar,Krishna,Maize,Pioneer-3396,2.82,6,Mini Truck,2,3,11,11:00-12:00,Tuesday,9,17,17,11.1,48.0,23.1,Medium,Clear,0,25,Completed,0
F1337,2024-08-19,Rural Market Yard,Lakshmi Nagar,Krishna,Paddy,BPT-5204,20.16,41,Mini Truck,2,4,10,15:00-16:00,Monday,8,14,16,31.9,96.7,56.1,High,Clear,0,25,Completed,1
F1338,2024-05-20,Mandal Procurement Centre,Kisanpur,Krishna,Paddy,Sona Masuri,11.94,24,Auto,3,4,10,09:00-10:00,Monday,5,34,37,24.7,135.0,58.5,High,Clear,0,20,Completed,2
F1339,2024-09-18,Mandal Procurement Centre,Greenfield,Krishna,Cotton,NCS-145,8.49,17,Mini Truck,3,4,6,11:00-12:00,Wednesday,9,26,29,18.7,82.9,39.4,Medium,Clear,0,25,Cancelled,0
F1340,2024-06-08,Rural Market Yard,Greenfield,Krishna,Cotton,NCS-145,6.57,14,Tractor,1,3,4,14:00-15:00,Saturday,6,22,24,14.0,68.2,31.1,Medium,Clear,0,25,Completed,0
F1341,2024-06-25,Mandal Procurement Centre,Greenfield,Krishna,Paddy,BPT-5204,12.59,26,Tractor,1,2,4,08:00-09:00,Tuesday,6,36,30,21.0,109.5,48.4,High,Cloudy,0,20,Completed,1
F1342,2025-05-05,Mandal Procurement Centre,Lakshmi Nagar,Krishna,Paddy,BPT-5204,4.42,9,Mini Truck,2,3,6,08:00-09:00,Monday,5,35,32,14.8,106.3,41.4,High,Clear,0,20,Completed,2
F1343,2025-04-16,Cooperative Collection Centre,Lakshmi Nagar,Krishna,Cotton,Bt Cotton,6.68,14,Mini Truck,3,2,11,09:00-10:00,Wednesday,4,27,24,14.1,89.0,36.4,Medium,Rainy,0,20,Completed,0
F1344,2025-07-05,Mandal Procurement Centre,Lakshmi Nagar,Krishna,Cotton,NCS-145,6.18,13,Tractor,1,2,9,10:00-11:00,Saturday,7,38,38,12.7,96.2,36.8,High,Cloudy,0,25,Completed,2
F1345,2024-12-02,Mandal Procurement Centre,Kisanpur,Krishna,Maize,Pioneer-3396,11.55,24,Auto,1,5,4,09:00-10:00,Monday,12,35,38,23.9,112.1,51.9,High,Clear,0,20,Completed,1
F1346,2024-10-31,Cooperative Collection Centre,Rythu Colony,Krishna,Maize,Pioneer-3396,7.26,15,Tractor,1,4,5,12:00-13:00,Thursday,10,40,40,19.1,128.9,51.3,High,Clear,0,20,Cancelled,2
F1347,2025-02-20,Rural Market Yard,Lakshmi Nagar,Krishna,Maize,Pioneer-3396,3.65,8,Tractor,2,2,10,16:00-17:00,Thursday,2,30,26,14.9,78.0,34.4,Medium,Clear,0,20,Completed,0
F1348,2024-10-09,Cooperative Collection Centre,Kisanpur,Krishna,Maize,DHM-117,4.49,9,Mini Truck,1,4,10,09:00-10:00,Wednesday,10,48,47,14.8,131.8,47.8,High,Clear,0,20,Completed,2
F1349,2024-10-05,Cooperative Collection Centre,Lakshmi Nagar,Krishna,Maize,Pioneer-3396,4.96,10,Tractor,3,4,6,08:00-09:00,Saturday,10,56,57,15.0,149.7,52.4,High,Clear,0,20,Cancelled,2
F1350,2024-11-13,Cooperative Collection Centre,Greenfield,Krishna,Paddy,BPT-5204,13.72,28,Mini Truck,2,5,7,09:00-10:00,Wednesday,11,50,56,23.7,179.5,68.6,High,Cloudy,0,20,Completed,3
F1351,2025-11-18,Mandal Procurement Centre,Rythu Colony,Krishna,Cotton,NCS-145,13.13,27,Mini Truck,1,5,4,12:00-13:00,Tuesday,11,29,34,27.5,117.7,56.9,High,Rainy,0,20,Completed,1
F1352,2024-11-13,Mandal Procurement Centre,Kisanpur,Krishna,Paddy,BPT-5204,8.36,17,Mini Truck,2,5,9,14:00-15:00,Wednesday,11,38,40,20.8,111.7,48.7,High,Clear,0,25,Completed,2
F1353,2025-01-19,Mandal Procurement Centre,Kisanpur,Krishna,Paddy,Sona Masuri,6.11,13,Tractor,3,4,8,11:00-12:00,Sunday,1,38,35,17.4,111.8,45.3,High,Clear,0,25,Completed,2
F1354,2025-03-15,Rural Market Yard,Greenfield,Krishna,Cotton,Bt Cotton,23.97,48,Tractor,1,4,9,08:00-09:00,Saturday,3,49,49,34.8,188.5,81.9,High,Clear,0,20,Completed,3
F1355,2024-11-08,Mandal Procurement Centre,Lakshmi Nagar,Krishna,Cotton,Bt Cotton,8.2,17,Auto,3,3,4,08:00-09:00,Friday,11,49,47,15.3,145.7,51.7,High,Cloudy,0,20,Completed,2
F1356,2024-10-19,Mandal Procurement Centre,Kisanpur,Krishna,Maize,DHM-117,10.1,21,Auto,1,3,8,10:00-11:00,Saturday,10,58,62,19.2,144.5,55.3,High,Cloudy,0,25,Completed,2
F1357,2025-06-02,Rural Market Yard,Greenfield,Krishna,Cotton,Bt Cotton,14.74,30,Auto,1,5,10,08:00-09:00,Monday,6,37,36,23.0,111.2,50.8,High,Clear,1,20,Completed,1
F1358,2024-06-28,Mandal Procurement Centre,Greenfield,Krishna,Paddy,BPT-5204,3.69,8,Tractor,1,2,12,08:00-09:00,Friday,6,34,37,9.2,94.8,32.9,High,Rainy,0,20,Cancelled,0
F1359,2025-03-10,Mandal Procurement Centre,Kisanpur,Krishna,Paddy,BPT-5204,15.69,32,Mini Truck,1,2,10,08:00-09:00,Monday,3,40,41,24.4,152.4,62.5,High,Clear,0,20,Completed,3
F1360,2025-03-12,Cooperative Collection Centre,Kisanpur,Krishna,Paddy,BPT-5204,5.04,11,Mini Truck,3,2,4,08:00-09:00,Wednesday,3,38,42,17.2,149.2,54.5,High,Clear,0,20,Completed,2
F1361,2024-09-06,Rural Market Yard,Greenfield,Krishna,Paddy,BPT-5204,2.67,6,Mini Truck,1,2,4,11:00-12:00,Friday,9,13,13,12.4,32.6,20.6,Low,Rainy,0,25,Cancelled,0
F1362,2024-09-13,Mandal Procurement Centre,Greenfield,Krishna,Cotton,NCS-145,11.91,24,Tractor,3,4,11,09:00-10:00,Friday,9,24,27,19.7,106.7,46.4,High,Rainy,0,20,Completed,1
F1363,2024-09-29,Cooperative Collection Centre,Kisanpur,Krishna,Maize,Pioneer-3396,4.57,10,Mini Truck,1,3,9,09:00-10:00,Sunday,9,39,38,12.3,109.5,39.7,High,Clear,0,20,Completed,2
F1364,2024-11-04,Cooperative Collection Centre,Rythu Colony,Krishna,Paddy,BPT-5204,3.54,8,Auto,3,2,12,10:00-11:00,Monday,11,41,44,14.1,120.6,44.2,High,Rainy,0,25,Completed,2
F1365,2025-01-29,Cooperative Collection Centre,Greenfield,Krishna,Cotton,NCS-145,14.03,29,Mini Truck,2,5,10,09:00-10:00,Wednesday,1,55,53,23.2,164.7,64.4,High,Clear,0,20,Completed,3
F1366,2024-07-24,Rural Market Yard,Kisanpur,Krishna,Maize,Pioneer-3396,17.93,36,Tractor,2,2,4,08:00-09:00,Wednesday,7,26,32,32.2,148.3,69.3,High,Clear,0,20,Completed,3
F1367,2024-11-01,Mandal Procurement Centre,Kisanpur,Krishna,Paddy,BPT-5204,10.07,21,Mini Truck,2,3,4,16:00-17:00,Friday,11,34,31,21.8,120.4,51.9,High,Clear,0,20,Completed,1
F1368,2025-12-24,Cooperative Collection Centre,Kisanpur,Krishna,Maize,Pioneer-3396,9.2,19,Tractor,1,2,10,10:00-11:00,Wednesday,12,34,28,19.8,86.7,41.5,Medium,Rainy,0,25,Cancelled,1
F1369,2025-10-31,Rural Market Yard,Greenfield,Krishna,Cotton,Bt Cotton,5.5,11,Auto,3,2,4,09:00-10:00,Friday,10,42,45,12.7,151.1,50.5,High,Cloudy,0,20,Cancelled,2
F1370,2024-06-27,Mandal Procurement Centre,Greenfield,Krishna,Maize,Pioneer-3396,7.43,15,Mini Truck,1,3,8,11:00-12:00,Thursday,6,18,15,16.6,66.8,33.3,Medium,Clear,0,25,Completed,0
F1371,2025-09-06,Mandal Procurement Centre,Greenfield,Krishna,Cotton,NCS-145,4.88,10,Tractor,2,5,12,15:00-16:00,Saturday,9,19,20,14.6,45.6,26.0,Medium,Clear,0,25,Completed,0
F1372,2024-09-14,Rural Market Yard,Lakshmi Nagar,Krishna,Cotton,NCS-145,9.36,19,Mini Truck,1,4,6,15:00-16:00,Saturday,9,29,24,18.4,70.0,35.9,Medium,Clear,0,25,Cancelled,0
F1373,2025-12-26,Mandal Procurement Centre,Lakshmi Nagar,Krishna,Paddy,BPT-5204,7.16,15,Tractor,3,4,12,09:00-10:00,Friday,12,52,49,17.1,141.1,52.4,High,Cloudy,0,20,Completed,2
F1374,2025-07-20,Rural Market Yard,Lakshmi Nagar,Krishna,Maize,DHM-117,9.47,19,Auto,3,5,8,10:00-11:00,Sunday,7,44,47,20.1,126.0,51.6,High,Clear,1,25,Completed,2
F1375,2024-11-20,Rural Market Yard,Lakshmi Nagar,Krishna,Maize,DHM-117,12.71,26,Mini Truck,3,5,7,09:00-10:00,Wednesday,11,51,48,22.9,150.6,60.5,High,Clear,0,20,Completed,2
F1376,2024-10-22,Rural Market Yard,Lakshmi Nagar,Krishna,Cotton,Bt Cotton,3.11,7,Tractor,1,2,8,08:00-09:00,Tuesday,10,52,50,11.0,138.9,45.7,High,Clear,0,20,Completed,2
F1377,2025-06-09,Mandal Procurement Centre,Kisanpur,Krishna,Maize,Pioneer-3396,11.37,23,Mini Truck,3,4,8,12:00-13:00,Monday,6,26,26,19.9,105.8,46.3,High,Clear,0,20,Completed,1
F1378,2025-03-04,Rural Market Yard,Lakshmi Nagar,Krishna,Maize,DHM-117,7.29,15,Tractor,2,3,7,09:00-10:00,Tuesday,3,22,21,19.3,86.3,40.9,Medium,Rainy,0,20,Completed,0
F1379,2024-10-31,Mandal Procurement Centre,Greenfield,Krishna,Maize,Pioneer-3396,15.92,32,Tractor,1,5,12,10:00-11:00,Thursday,10,44,41,27.4,106.1,53.9,High,Clear,0,25,Completed,3
F1380,2025-05-06,Rural Market Yard,Rythu Colony,Krishna,Maize,DHM-117,22.91,46,Mini Truck,1,3,11,14:00-15:00,Tuesday,5,19,14,34.0,89.5,56.4,Medium,Cloudy,0,25,Completed,1
F1381,2024-07-05,Cooperative Collection Centre,Rythu Colony,Krishna,Paddy,BPT-5204,8.73,18,Auto,2,4,4,11:00-12:00,Friday,7,23,20,16.3,83.6,37.2,Medium,Clear,0,25,Cancelled,0
F1382,2024-12-20,Cooperative Collection Centre,Lakshmi Nagar,Krishna,Paddy,BPT-5204,9.71,20,Tractor,1,3,9,14:00-15:00,Friday,12,26,29,20.8,79.8,40.8,Medium,Clear,0,25,Completed,1
F1383,2025-12-22,Cooperative Collection Centre,Kisanpur,Krishna,Paddy,BPT-5204,21.67,44,Tractor,3,2,4,08:00-09:00,Monday,12,50,51,34.9,206.9,86.6,High,Clear,0,20,Completed,3
F1384,2025-01-28,Mandal Procurement Centre,Kisanpur,Krishna,Cotton,NCS-145,7.36,15,Mini Truck,3,3,8,14:00-15:00,Tuesday,1,31,41,17.4,131.9,50.4,High,Cloudy,0,25,Cancelled,2
F1385,2024-08-15,Cooperative Collection Centre,Greenfield,Krishna,Paddy,Sona Masuri,12.57,26,Tractor,2,2,12,09:00-10:00,Thursday,8,34,33,24.5,135.5,58.4,High,Clear,0,20,Completed,1
F1386,2024-08-15,Rural Market Yard,Lakshmi Nagar,Krishna,Maize,DHM-117,4.19,9,Tractor,3,2,11,09:00-10:00,Thursday,8,26,17,12.2,67.3,29.0,Medium,Rainy,0,20,Completed,0
F1387,2025-08-10,Rural Market Yard,Greenfield,Krishna,Maize,Pioneer-3396,7.38,15,Tractor,2,3,9,09:00-10:00,Sunday,8,26,27,18.6,105.8,45.0,High,Rainy,0,20,Completed,0
F1388,2024-08-29,Cooperative Collection Centre,Lakshmi Nagar,Krishna,Paddy,Sona Masuri,21.85,44,Auto,3,3,10,11:00-12:00,Thursday,8,14,12,33.3,125.6,64.7,High,Clear,0,25,Completed,3
F1389,2025-08-28,Mandal Procurement Centre,Greenfield,Krishna,Paddy,BPT-5204,13.53,28,Mini Truck,3,2,10,11:00-12:00,Thursday,8,18,15,24.7,89.5,47.1,Medium,Clear,0,25,Completed,1
F1390,2025-11-28,Mandal Procurement Centre,Lakshmi Nagar,Krishna,Maize,Pioneer-3396,11.26,23,Auto,1,5,9,11:00-12:00,Friday,11,28,32,19.3,87.8,41.2,Medium,Clear,0,25,Completed,1
F1391,2024-04-01,Mandal Procurement Centre,Greenfield,Krishna,Paddy,Sona Masuri,9.16,19,Mini Truck,1,3,11,11:00-12:00,Monday,4,19,14,18.4,54.1,31.9,Medium,Cloudy,1,25,Completed,0
F1392,2025-06-16,Mandal Procurement Centre,Rythu Colony,Krishna,Cotton,Bt Cotton,9.94,20,Tractor,3,4,6,08:00-09:00,Monday,6,31,28,19.9,100.3,45.0,High,Rainy,0,20,Cancelled,1
F1393,2025-01-25,Rural Market Yard,Lakshmi Nagar,Krishna,Paddy,BPT-5204,10.51,22,Mini Truck,3,5,12,14:00-15:00,Saturday,1,42,42,18.2,113.4,46.5,High,Cloudy,0,25,Cancelled,2
F1394,2025-09-14,Rural Market Yard,Rythu Colony,Krishna,Cotton,Bt Cotton,3.46,7,Tractor,1,5,12,15:00-16:00,Sunday,9,31,33,5.8,56.9,20.0,Medium,Cloudy,0,25,Completed,0
F1395,2024-08-11,Mandal Procurement Centre,Kisanpur,Krishna,Cotton,Bt Cotton,3.89,8,Tractor,2,2,11,08:00-09:00,Sunday,8,30,31,12.5,86.0,34.0,High,Clear,0,20,Cancelled,0
F1396,2025-03-05,Rural Market Yard,Greenfield,Krishna,Cotton,NCS-145,19.61,40,Tractor,3,2,10,09:00-10:00,Wednesday,3,30,35,29.4,152.7,67.6,High,Clear,0,20,Completed,3
F1397,2024-10-16,Rural Market Yard,Rythu Colony,Krishna,Maize,Pioneer-3396,9.01,19,Tractor,1,4,8,11:00-12:00,Wednesday,10,34,37,22.0,97.5,46.4,High,Clear,0,25,Completed,2
F1398,2025-12-30,Mandal Procurement Centre,Greenfield,Krishna,Cotton,NCS-145,11.14,23,Auto,1,3,10,10:00-11:00,Tuesday,12,43,37,21.0,106.6,47.6,High,Clear,0,25,Completed,2
F1399,2024-03-30,Cooperative Collection Centre,Lakshmi Nagar,Krishna,Paddy,BPT-5204,15.32,31,Mini Truck,2,2,12,15:00-16:00,Saturday,3,29,32,24.5,115.0,53.2,High,Cloudy,0,25,Completed,1
F1400,2024-09-29,Mandal Procurement Centre,Rythu Colony,Krishna,Cotton,Bt Cotton,6.64,14,Auto,3,5,10,15:00-16:00,Sunday,9,21,16,18.7,62.9,34.4,Medium,Clear,0,25,Completed,0
F1401,2024-04-27,Cooperative Collection Centre,Kisanpur,Krishna,Paddy,Sona Masuri,7.42,15,Tractor,1,5,4,08:00-09:00,Saturday,4,37,36,16.4,113.2,44.7,High,Cloudy,0,20,Cancelled,2
F1402,2024-03-29,Cooperative Collection Centre,Kisanpur,Krishna,Paddy,Sona Masuri,13.67,28,Tractor,2,5,4,08:00-09:00,Friday,3,35,32,24.8,128.4,56.9,High,Clear,0,20,Completed,1
F1403,2025-04-07,Mandal Procurement Centre,Greenfield,Krishna,Cotton,Bt Cotton,9.28,19,Tractor,3,2,7,14:00-15:00,Monday,4,25,25,20.4,107.8,47.3,High,Clear,0,25,Completed,1
F1404,2024-07-26,Cooperative Collection Centre,Rythu Colony,Krishna,Paddy,BPT-5204,6.83,14,Mini Truck,1,2,8,08:00-09:00,Friday,7,29,25,19.3,101.3,44.6,High,Rainy,0,20,Completed,0
F1405,2024-12-14,Cooperative Collection Centre,Lakshmi Nagar,Krishna,Maize,Pioneer-3396,10.73,22,Mini Truck,1,3,10,10:00-11:00,Saturday,12,56,52,24.1,121.5,54.5,High,Clear,0,25,Completed,2
F1406,2025-01-12,Cooperative Collection Centre,Rythu Colony,Krishna,Paddy,Sona Masuri,8.76,18,Mini Truck,2,4,9,11:00-12:00,Sunday,1,38,34,16.0,82.5,36.6,High,Clear,1,25,Completed,0
F1407,2025-09-28,Rural Market Yard,Lakshmi Nagar,Krishna,Maize,Pioneer-3396,11.85,24,Auto,1,4,8,08:00-09:00,Sunday,9,48,47,22.3,125.9,53.8,High,Clear,0,20,Completed,2
F1408,2024-11-23,Cooperative Collection Centre,Kisanpur,Krishna,Paddy,Sona Masuri,13.58,28,Tractor,2,4,11,09:00-10:00,Saturday,11,55,51,28.8,167.2,70.6,High,Cloudy,0,20,Cancelled,3
F1409,2025-01-08,Rural Market Yard,Rythu Colony,Krishna,Paddy,Sona Masuri,11.99,24,Tractor,2,2,12,08:00-09:00,Wednesday,1,34,32,24.0,116.6,53.1,High,Rainy,1,20,Cancelled,1
F1410,2024-06-05,Rural Market Yard,Lakshmi Nagar,Krishna,Cotton,Bt Cotton,9.63,20,Auto,3,3,12,09:00-10:00,Wednesday,6,35,29,18.3,96.1,42.3,High,Clear,0,20,Cancelled,1
F1411,2024-01-16,Rural Market Yard,Greenfield,Krishna,Paddy,BPT-5204,11.43,23,Tractor,1,3,5,09:00-10:00,Tuesday,1,54,54,22.8,159.7,62.7,High,Clear,0,20,Completed,2
F1412,2024-01-19,Rural Market Yard,Lakshmi Nagar,Krishna,Cotton,NCS-145,8.87,18,Tractor,1,2,11,09:00-10:00,Friday,1,44,47,18.0,131.7,50.9,High,Clear,0,20,Completed,2
F1413,2025-10-16,Rural Market Yard,Rythu Colony,Krishna,Cotton,NCS-145,3.97,8,Mini Truck,2,3,4,09:00-10:00,Thursday,10,37,30,11.7,89.1,34.0,High,Clear,0,20,Completed,0
F1414,2024-12-26,Cooperative Collection Centre,Greenfield,Krishna,Maize,DHM-117,7.13,15,Tractor,2,3,7,16:00-17:00,Thursday,12,33,38,13.4,116.2,42.5,High,Cloudy,0,20,Completed,2
F1415,2024-05-10,Rural Market Yard,Kisanpur,Krishna,Paddy,BPT-5204,9.61,20,Mini Truck,1,5,7,09:00-10:00,Friday,5,24,19,21.2,68.1,38.2,Medium,Cloudy,1,20,Cancelled,1
F1416,2025-07-04,Cooperative Collection Centre,Lakshmi Nagar,Krishna,Paddy,Sona Masuri,6.72,14,Mini Truck,1,5,7,09:00-10:00,Friday,7,35,38,16.0,101.5,41.4,High,Clear,0,20,Completed,2
F1417,2024-12-13,Rural Market Yard,Lakshmi Nagar,Krishna,Maize,Pioneer-3396,9.88,20,Auto,2,4,5,14:00-15:00,Friday,12,32,28,21.5,88.0,43.5,Medium,Clear,0,25,Completed,1
F1418,2025-09-10,Mandal Procurement Centre,Kisanpur,Krishna,Paddy,BPT-5204,8.0,16,Mini Truck,1,5,7,16:00-17:00,Wednesday,9,13,13,17.6,47.7,29.5,Medium,Cloudy,0,20,Completed,0
F1419,2025-05-06,Cooperative Collection Centre,Lakshmi Nagar,Krishna,Maize,DHM-117,10.76,22,Auto,2,5,7,14:00-15:00,Tuesday,5,13,16,23.3,71.0,41.0,Medium,Clear,0,25,Cancelled,1
F1420,2024-10-16,Mandal Procurement Centre,Lakshmi Nagar,Krishna,Cotton,Bt Cotton,4.99,10,Auto,3,4,6,16:00-17:00,Wednesday,10,18,13,13.0,44.0,24.0,Low,Rainy,0,20,Completed,0
F1421,2024-07-15,Rural Market Yard,Lakshmi Nagar,Krishna,Paddy,BPT-5204,6.2,13,Tractor,2,5,10,10:00-11:00,Monday,7,36,42,15.1,98.4,39.7,High,Rainy,0,25,Completed,2
F1422,2024-06-12,Cooperative Collection Centre,Lakshmi Nagar,Krishna,Paddy,BPT-5204,6.16,13,Tractor,2,3,10,11:00-12:00,Wednesday,6,10,12,13.5,48.7,25.7,Medium,Clear,0,25,Completed,0
F1423,2025-04-10,Cooperative Collection Centre,Rythu Colony,Krishna,Maize,DHM-117,7.8,16,Tractor,2,5,5,12:00-13:00,Thursday,4,21,20,15.5,73.2,33.8,Medium,Clear,0,20,Completed,0
F1424,2025-04-09,Rural Market Yard,Kisanpur,Krishna,Maize,DHM-117,11.63,24,Tractor,3,5,9,11:00-12:00,Wednesday,4,6,12,21.1,75.0,39.9,Medium,Clear,1,25,Completed,1
F1425,2025-10-03,Mandal Procurement Centre,Lakshmi Nagar,Krishna,Maize,Pioneer-3396,8.56,18,Mini Truck,2,2,11,16:00-17:00,Friday,10,37,36,15.8,116.6,45.0,High,Cloudy,0,20,Completed,2
F1426,2024-03-30,Rural Market Yard,Kisanpur,Krishna,Paddy,Sona Masuri,10.35,21,Mini Truck,2,2,11,08:00-09:00,Saturday,3,40,38,20.9,135.1,54.7,High,Clear,0,20,Completed,2
F1427,2024-07-01,Mandal Procurement Centre,Greenfield,Krishna,Maize,DHM-117,5.15,11,Tractor,2,3,6,14:00-15:00,Monday,7,16,12,15.5,62.4,31.1,Medium,Rainy,1,25,Completed,0
F1428,2025-01-25,Mandal Procurement Centre,Rythu Colony,Krishna,Maize,Pioneer-3396,6.98,14,Auto,2,3,12,10:00-11:00,Saturday,1,50,53,12.7,134.5,46.3,High,Cloudy,0,25,Completed,2
F1429,2025-08-10,Cooperative Collection Centre,Rythu Colony,Krishna,Cotton,NCS-145,11.25,23,Tractor,3,3,12,11:00-12:00,Sunday,8,27,13,21.1,76.6,40.2,Medium,Cloudy,1,25,Completed,1
F1430,2025-12-20,Rural Market Yard,Lakshmi Nagar,Krishna,Cotton,NCS-145,13.81,28,Mini Truck,1,5,9,08:00-09:00,Saturday,12,52,51,25.6,137.9,60.1,High,Rainy,0,20,Completed,3
F1431,2025-02-24,Mandal Procurement Centre,Greenfield,Krishna,Cotton,Bt Cotton,24.58,50,Mini Truck,1,2,10,11:00-12:00,Monday,2,14,10,39.5,106.2,66.0,High,Rainy,0,25,Completed,3
F1432,2025-05-11,Cooperative Collection Centre,Greenfield,Krishna,Paddy,BPT-5204,15.04,31,Auto,1,3,6,09:00-10:00,Sunday,5,44,38,28.1,142.0,63.6,High,Clear,0,20,Completed,3
F1433,2025-06-26,Rural Market Yard,Greenfield,Krishna,Paddy,Sona Masuri,9.57,20,Mini Truck,3,2,5,12:00-13:00,Thursday,6,11,11,19.3,81.9,39.8,Medium,Rainy,0,20,Completed,0
F1434,2024-05-30,Mandal Procurement Centre,Greenfield,Krishna,Cotton,Bt Cotton,13.59,28,Auto,3,2,10,11:00-12:00,Thursday,5,23,20,20.0,105.2,46.3,High,Cloudy,0,25,Completed,1
F1435,2025-10-03,Rural Market Yard,Rythu Colony,Krishna,Paddy,BPT-5204,9.76,20,Mini Truck,1,5,5,11:00-12:00,Friday,10,38,32,16.5,78.6,36.1,Medium,Clear,0,25,Cancelled,0
F1436,2024-04-05,Cooperative Collection Centre,Lakshmi Nagar,Krishna,Maize,Pioneer-3396,10.04,21,Tractor,2,2,4,08:00-09:00,Friday,4,31,40,21.6,133.7,55.0,High,Clear,0,20,Completed,2
F1437,2024-11-15,Mandal Procurement Centre,Kisanpur,Krishna,Paddy,Sona Masuri,13.44,27,Tractor,3,5,8,11:00-12:00,Friday,11,31,28,28.8,111.7,56.7,High,Rainy,0,25,Cancelled,1
F1438,2025-11-11,Rural Market Yard,Kisanpur,Krishna,Maize,DHM-117,12.76,26,Mini Truck,1,3,6,10:00-11:00,Tuesday,11,48,48,23.5,122.3,54.1,High,Clear,0,25,Completed,2
F1439,2025-07-23,Cooperative Collection Centre,Kisanpur,Krishna,Cotton,NCS-145,7.59,16,Auto,2,4,9,14:00-15:00,Wednesday,7,12,14,18.5,49.3,30.8,Medium,Rainy,0,25,Cancelled,0
F1440,2025-12-21,Rural Market Yard,Greenfield,Krishna,Paddy,BPT-5204,10.61,22,Mini Truck,3,3,10,08:00-09:00,Sunday,12,52,51,19.3,168.9,61.5,High,Clear,0,20,Cancelled,2
F1441,2024-11-20,Rural Market Yard,Greenfield,Krishna,Cotton,NCS-145,12.37,25,Tractor,1,5,8,09:00-10:00,Wednesday,11,35,34,21.8,117.8,51.2,High,Cloudy,0,20,Completed,1
F1442,2025-11-07,Rural Market Yard,Rythu Colony,Krishna,Paddy,Sona Masuri,2.74,6,Tractor,1,5,10,11:00-12:00,Friday,11,25,24,9.7,29.5,17.1,Low,Clear,0,25,Completed,0
F1443,2025-05-01,Rural Market Yard,Rythu Colony,Krishna,Maize,Pioneer-3396,21.39,43,Tractor,3,5,6,10:00-11:00,Thursday,5,25,35,32.7,145.6,69.1,High,Clear,0,25,Completed,3
F1444,2025-08-19,Cooperative Collection Centre,Kisanpur,Krishna,Paddy,Sona Masuri,7.43,15,Mini Truck,3,4,10,11:00-12:00,Tuesday,8,12,7,16.4,46.8,28.1,Medium,Clear,0,25,Completed,0
F1445,2025-05-07,Cooperative Collection Centre,Lakshmi Nagar,Krishna,Cotton,NCS-145,3.51,8,Auto,2,4,10,09:00-10:00,Wednesday,5,32,33,15.6,105.7,42.0,High,Cloudy,0,20,Completed,2
F1446,2025-07-26,Rural Market Yard,Lakshmi Nagar,Krishna,Cotton,NCS-145,7.0,14,Tractor,1,2,5,14:00-15:00,Saturday,7,13,19,12.9,64.4,29.0,Medium,Rainy,0,25,Completed,0
F1447,2025-11-03,Rural Market Yard,Greenfield,Krishna,Maize,Pioneer-3396,14.36,29,Mini Truck,1,5,6,08:00-09:00,Monday,11,58,54,23.6,135.1,57.4,High,Clear,0,20,Completed,3
F1448,2024-07-07,Rural Market Yard,Greenfield,Krishna,Paddy,Sona Masuri,15.89,32,Mini Truck,2,5,11,11:00-12:00,Sunday,7,33,28,29.2,98.3,53.8,High,Clear,0,25,Completed,1
F1449,2025-02-15,Cooperative Collection Centre,Greenfield,Krishna,Maize,Pioneer-3396,5.3,11,Mini Truck,1,4,8,15:00-16:00,Saturday,2,23,22,12.7,60.3,27.8,Medium,Cloudy,0,25,Cancelled,0
F1450,2025-06-05,Cooperative Collection Centre,Lakshmi Nagar,Krishna,Cotton,NCS-145,9.97,20,Auto,1,3,7,09:00-10:00,Thursday,6,35,33,20.1,120.6,50.2,High,Clear,0,20,Completed,2
F1451,2025-10-25,Cooperative Collection Centre,Lakshmi Nagar,Krishna,Cotton,NCS-145,7.82,16,Auto,2,3,8,09:00-10:00,Saturday,10,40,47,20.3,137.7,54.7,High,Cloudy,0,20,Completed,2
F1452,2025-09-29,Rural Market Yard,Greenfield,Krishna,Paddy,Sona Masuri,23.88,48,Tractor,1,3,4,08:00-09:00,Monday,9,35,36,34.8,151.1,72.6,High,Clear,0,20,Completed,3
F1453,2024-01-01,Rural Market Yard,Lakshmi Nagar,Krishna,Maize,DHM-117,10.74,22,Mini Truck,2,2,9,08:00-09:00,Monday,1,50,51,21.8,148.1,58.8,High,Clear,0,20,Completed,2
F1454,2025-06-03,Cooperative Collection Centre,Greenfield,Krishna,Cotton,Bt Cotton,21.87,44,Auto,2,3,7,10:00-11:00,Tuesday,6,37,29,35.3,151.2,73.1,High,Clear,0,25,Cancelled,3
F1455,2024-04-08,Mandal Procurement Centre,Kisanpur,Krishna,Paddy,BPT-5204,6.18,13,Tractor,3,4,10,09:00-10:00,Monday,4,28,26,16.1,96.5,40.2,High,Rainy,0,20,Completed,0
F1456,2024-11-21,Rural Market Yard,Rythu Colony,Krishna,Maize,DHM-117,12.85,26,Mini Truck,1,3,4,12:00-13:00,Thursday,11,24,23,24.0,94.2,47.5,High,Rainy,0,20,Cancelled,1
F1457,2025-10-18,Mandal Procurement Centre,Greenfield,Krishna,Paddy,BPT-5204,11.68,24,Tractor,3,3,7,09:00-10:00,Saturday,10,49,46,21.6,160.2,61.6,High,Clear,0,20,Completed,2
F1458,2024-09-14,Mandal Procurement Centre,Lakshmi Nagar,Krishna,Maize,Pioneer-3396,12.98,26,Auto,2,5,12,09:00-10:00,Saturday,9,39,42,22.5,126.1,54.0,High,Clear,0,20,Completed,2
F1459,2024-02-06,Rural Market Yard,Rythu Colony,Krishna,Cotton,NCS-145,8.82,18,Tractor,3,2,4,12:00-13:00,Tuesday,2,22,20,22.7,99.9,47.7,High,Cloudy,0,20,Completed,1
F1460,2025-01-11,Mandal Procurement Centre,Greenfield,Krishna,Maize,DHM-117,5.53,12,Tractor,2,2,10,08:00-09:00,Saturday,1,42,46,16.6,133.5,50.0,High,Rainy,0,20,Completed,2
F1461,2024-09-15,Cooperative Collection Centre,Kisanpur,Krishna,Paddy,Sona Masuri,12.5,25,Auto,3,4,5,12:00-13:00,Sunday,9,23,19,22.3,109.9,49.8,High,Clear,0,20,Completed,1
F1462,2024-04-30,Mandal Procurement Centre,Greenfield,Krishna,Cotton,Bt Cotton,10.36,21,Mini Truck,1,2,10,12:00-13:00,Tuesday,4,26,20,20.4,89.2,42.7,Medium,Clear,0,20,Completed,1
F1463,2024-11-30,Mandal Procurement Centre,Greenfield,Krishna,Paddy,BPT-5204,15.87,32,Tractor,2,3,10,16:00-17:00,Saturday,11,35,35,24.2,134.0,57.7,High,Clear,0,20,Completed,3
F1464,2025-05-29,Mandal Procurement Centre,Rythu Colony,Krishna,Maize,DHM-117,5.21,11,Mini Truck,3,5,5,14:00-15:00,Thursday,5,26,31,14.8,84.0,35.8,Medium,Clear,0,25,Completed,0
F1465,2024-02-27,Mandal Procurement Centre,Greenfield,Krishna,Cotton,NCS-145,10.83,22,Mini Truck,1,3,4,09:00-10:00,Tuesday,2,26,29,23.2,109.0,50.5,High,Clear,0,20,Completed,1
F1466,2025-08-16,Mandal Procurement Centre,Kisanpur,Krishna,Cotton,Bt Cotton,16.51,34,Tractor,1,3,8,15:00-16:00,Saturday,8,26,30,28.5,109.4,55.9,High,Clear,0,25,Cancelled,1
F1467,2025-03-31,Cooperative Collection Centre,Kisanpur,Krishna,Cotton,Bt Cotton,2.78,6,Auto,1,2,8,10:00-11:00,Monday,3,33,33,9.0,85.0,30.2,Medium,Clear,0,25,Completed,0
F1468,2024-04-03,Mandal Procurement Centre,Kisanpur,Krishna,Maize,DHM-117,4.62,10,Mini Truck,2,3,7,09:00-10:00,Wednesday,4,33,32,11.5,109.8,39.0,High,Clear,0,20,Completed,0
F1469,2025-07-24,Rural Market Yard,Kisanpur,Krishna,Maize,DHM-117,13.22,27,Auto,3,3,8,10:00-11:00,Thursday,7,40,40,23.9,134.9,57.6,High,Cloudy,0,25,Completed,3
F1470,2024-03-17,Mandal Procurement Centre,Kisanpur,Krishna,Cotton,Bt Cotton,9.63,20,Mini Truck,3,5,9,14:00-15:00,Sunday,3,23,31,18.7,87.9,40.7,Medium,Clear,0,25,Completed,0
F1471,2025-01-18,Rural Market Yard,Rythu Colony,Krishna,Paddy,BPT-5204,6.09,13,Tractor,1,3,10,09:00-10:00,Saturday,1,55,58,18.2,153.9,56.7,High,Cloudy,0,20,Cancelled,2
F1472,2024-10-15,Mandal Procurement Centre,Lakshmi Nagar,Krishna,Paddy,Sona Masuri,10.53,22,Mini Truck,2,4,4,11:00-12:00,Tuesday,10,22,20,19.1,84.6,40.2,Medium,Rainy,0,25,Completed,1
F1473,2024-07-12,Cooperative Collection Centre,Rythu Colony,Krishna,Cotton,NCS-145,9.83,20,Tractor,2,4,9,08:00-09:00,Friday,7,32,33,17.4,108.6,44.5,High,Cloudy,0,20,Completed,2
F1474,2024-10-18,Mandal Procurement Centre,Kisanpur,Krishna,Cotton,Bt Cotton,11.12,23,Auto,3,2,10,11:00-12:00,Friday,10,32,30,17.8,112.1,45.8,High,Clear,0,25,Cancelled,1
F1475,2024-04-29,Mandal Procurement Centre,Lakshmi Nagar,Krishna,Paddy,Sona Masuri,13.29,27,Auto,3,5,12,14:00-15:00,Monday,4,32,27,25.1,90.7,47.8,High,Clear,0,25,Cancelled,1
F1476,2024-09-16,Cooperative Collection Centre,Kisanpur,Krishna,Maize,Pioneer-3396,8.47,17,Mini Truck,3,4,6,10:00-11:00,Monday,9,14,3,20.0,64.4,36.1,Medium,Rainy,1,25,Cancelled,0
F1477,2025-01-04,Rural Market Yard,Rythu Colony,Krishna,Maize,DHM-117,3.97,8,Mini Truck,1,5,4,12:00-13:00,Saturday,1,37,34,11.4,93.7,34.8,High,Clear,0,20,Completed,0
F1478,2024-10-16,Cooperative Collection Centre,Kisanpur,Krishna,Maize,DHM-117,20.22,41,Tractor,2,5,12,10:00-11:00,Wednesday,10,45,49,31.0,151.1,68.8,High,Clear,0,25,Cancelled,3
F1479,2024-12-13,Rural Market Yard,Greenfield,Krishna,Paddy,BPT-5204,8.82,18,Mini Truck,2,2,10,08:00-09:00,Friday,12,52,48,15.7,147.9,52.7,High,Clear,0,20,Completed,2
F1480,2025-08-11,Rural Market Yard,Rythu Colony,Krishna,Maize,Pioneer-3396,6.58,14,Auto,2,5,9,11:00-12:00,Monday,8,26,26,14.8,71.3,32.6,Medium,Clear,0,25,Completed,0
F1481,2024-08-07,Cooperative Collection Centre,Lakshmi Nagar,Krishna,Cotton,NCS-145,15.01,31,Tractor,1,3,6,11:00-12:00,Wednesday,8,28,23,29.1,99.2,53.9,High,Clear,1,25,Cancelled,1
F1482,2024-03-23,Cooperative Collection Centre,Rythu Colony,Krishna,Cotton,NCS-145,7.23,15,Tractor,2,5,6,15:00-16:00,Saturday,3,23,20,17.2,61.2,32.5,Medium,Clear,0,25,Cancelled,0
F1483,2024-12-31,Mandal Procurement Centre,Greenfield,Krishna,Maize,DHM-117,5.79,12,Tractor,2,3,7,15:00-16:00,Tuesday,12,37,30,16.3,95.3,40.1,High,Clear,0,25,Completed,0
F1484,2025-12-22,Cooperative Collection Centre,Greenfield,Krishna,Paddy,Sona Masuri,12.52,26,Mini Truck,1,4,9,11:00-12:00,Monday,12,24,25,22.3,81.9,42.8,Medium,Rainy,0,25,Cancelled,1
F1485,2024-03-28,Cooperative Collection Centre,Rythu Colony,Krishna,Paddy,Sona Masuri,8.86,18,Tractor,2,5,10,10:00-11:00,Thursday,3,36,37,18.8,89.6,41.2,High,Clear,0,25,Completed,2
F1486,2024-06-13,Rural Market Yard,Rythu Colony,Krishna,Paddy,BPT-5204,13.45,27,Tractor,2,5,9,08:00-09:00,Thursday,6,33,40,28.1,137.0,62.4,High,Cloudy,0,20,Cancelled,3
F1487,2024-05-02,Mandal Procurement Centre,Kisanpur,Krishna,Maize,DHM-117,11.86,24,Tractor,1,4,5,10:00-11:00,Thursday,5,29,35,26.0,114.4,54.6,High,Clear,0,25,Completed,1
F1488,2024-07-31,Rural Market Yard,Lakshmi Nagar,Krishna,Paddy,BPT-5204,20.59,42,Mini Truck,1,5,6,12:00-13:00,Wednesday,7,22,26,36.0,128.1,68.0,High,Clear,0,20,Completed,3
F1489,2024-12-21,Rural Market Yard,Kisanpur,Krishna,Maize,Pioneer-3396,13.36,27,Tractor,3,4,5,14:00-15:00,Saturday,12,37,36,23.1,131.1,55.9,High,Cloudy,0,25,Completed,1
F1490,2024-10-10,Rural Market Yard,Kisanpur,Krishna,Paddy,BPT-5204,11.88,24,Tractor,2,2,4,14:00-15:00,Thursday,10,37,32,22.7,122.2,53.2,High,Clear,0,25,Completed,1
F1491,2024-12-19,Mandal Procurement Centre,Lakshmi Nagar,Krishna,Maize,DHM-117,19.76,40,Mini Truck,3,5,9,10:00-11:00,Thursday,12,44,43,32.4,147.9,69.4,High,Clear,0,25,Cancelled,3
F1492,2025-02-21,Cooperative Collection Centre,Rythu Colony,Krishna,Maize,Pioneer-3396,15.04,31,Auto,2,5,10,14:00-15:00,Friday,2,21,24,26.2,100.3,51.3,High,Clear,0,25,Cancelled,1
F1493,2025-08-14,Rural Market Yard,Greenfield,Krishna,Cotton,NCS-145,17.75,36,Tractor,2,2,7,09:00-10:00,Thursday,8,28,31,26.2,134.2,59.8,High,Clear,0,20,Completed,3
F1494,2025-10-15,Rural Market Yard,Kisanpur,Krishna,Maize,DHM-117,7.33,15,Tractor,1,4,11,09:00-10:00,Wednesday,10,47,48,15.4,130.2,47.9,High,Clear,0,20,Completed,2
F1495,2025-02-03,Rural Market Yard,Rythu Colony,Krishna,Cotton,Bt Cotton,13.92,28,Auto,1,5,6,14:00-15:00,Monday,2,27,26,25.5,93.5,48.9,High,Clear,0,25,Completed,1
F1496,2024-06-23,Rural Market Yard,Kisanpur,Krishna,Paddy,Sona Masuri,3.43,7,Mini Truck,2,4,5,14:00-15:00,Sunday,6,32,30,11.1,66.1,27.6,Medium,Clear,0,25,Completed,0
F1497,2024-03-07,Mandal Procurement Centre,Greenfield,Krishna,Maize,DHM-117,6.49,13,Mini Truck,1,3,7,08:00-09:00,Thursday,3,31,28,22.1,91.5,45.0,High,Cloudy,0,20,Completed,0
F1498,2025-12-17,Mandal Procurement Centre,Rythu Colony,Krishna,Paddy,BPT-5204,3.95,8,Tractor,1,5,12,10:00-11:00,Wednesday,12,38,35,14.2,73.6,32.6,High,Rainy,0,25,Completed,0
F1499,2024-04-19,Mandal Procurement Centre,Kisanpur,Krishna,Maize,DHM-117,10.04,21,Auto,1,3,8,12:00-13:00,Friday,4,20,25,18.4,96.9,42.6,High,Rainy,0,20,Completed,1
F1500,2025-08-26,Mandal Procurement Centre,Kisanpur,Krishna,Paddy,BPT-5204,18.95,38,Mini Truck,2,3,11,16:00-17:00,Tuesday,8,16,14,31.8,96.9,56.0,High,Clear,0,20,Completed,1
F1501,2025-07-02,Rural Market Yard,Lakshmi Nagar,Krishna,Cotton,Bt Cotton,6.86,14,Mini Truck,2,4,8,14:00-15:00,Wednesday,7,13,12,18.6,51.4,31.5,Medium,Cloudy,0,25,Completed,0
F1502,2025-09-04,Mandal Procurement Centre,Kisanpur,Krishna,Cotton,Bt Cotton,11.45,23,Mini Truck,1,2,7,10:00-11:00,Thursday,9,24,24,20.6,75.9,39.6,Medium,Rainy,0,25,Completed,1
F1503,2025-09-18,Mandal Procurement Centre,Greenfield,Krishna,Paddy,BPT-5204,11.94,24,Auto,2,5,5,16:00-17:00,Thursday,9,12,15,25.3,91.0,48.0,High,Rainy,0,20,Cancelled,1
F1504,2025-03-29,Rural Market Yard,Rythu Colony,Krishna,Paddy,BPT-5204,4.17,9,Auto,1,3,11,14:00-15:00,Saturday,3,28,21,13.2,43.0,23.9,Low,Clear,0,25,Completed,0
F1505,2024-10-14,Cooperative Collection Centre,Rythu Colony,Krishna,Paddy,Sona Masuri,6.13,13,Tractor,3,5,6,14:00-15:00,Monday,10,22,29,15.8,83.5,36.7,Medium,Clear,0,25,Completed,0
F1506,2024-12-15,Mandal Procurement Centre,Kisanpur,Krishna,Cotton,NCS-145,10.78,22,Auto,2,5,9,08:00-09:00,Sunday,12,48,45,24.1,134.3,57.7,High,Rainy,0,20,Cancelled,2
F1507,2025-02-23,Mandal Procurement Centre,Greenfield,Krishna,Cotton,NCS-145,14.43,29,Tractor,1,2,11,14:00-15:00,Sunday,2,25,31,24.0,99.9,49.0,High,Clear,0,25,Completed,1
F1508,2024-08-01,Cooperative Collection Centre,Greenfield,Krishna,Maize,DHM-117,9.92,20,Mini Truck,1,3,9,14:00-15:00,Thursday,8,32,26,20.0,76.3,39.1,Medium,Clear,0,25,Completed,1
F1509,2024-10-28,Cooperative Collection Centre,Kisanpur,Krishna,Paddy,BPT-5204,16.95,34,Mini Truck,3,2,8,09:00-10:00,Monday,10,41,33,28.1,158.3,67.7,High,Clear,0,20,Cancelled,3
F1510,2025-11-04,Cooperative Collection Centre,Lakshmi Nagar,Krishna,Maize,Pioneer-3396,12.96,26,Tractor,3,2,10,14:00-15:00,Tuesday,11,33,32,23.3,123.6,54.2,High,Cloudy,0,25,Cancelled,1
F1511,2024-06-28,Cooperative Collection Centre,Kisanpur,Krishna,Cotton,Bt Cotton,5.3,11,Tractor,2,2,7,09:00-10:00,Friday,6,37,36,15.8,109.8,43.2,High,Clear,1,20,Completed,2
F1512,2025-11-25,Rural Market Yard,Greenfield,Krishna,Maize,DHM-117,11.81,24,Tractor,1,4,5,08:00-09:00,Tuesday,11,45,45,24.1,154.7,62.8,High,Clear,0,20,Completed,2
F1513,2024-11-29,Rural Market Yard,Lakshmi Nagar,Krishna,Cotton,NCS-145,4.19,9,Mini Truck,1,5,7,08:00-09:00,Friday,11,52,45,11.5,103.2,37.3,High,Cloudy,1,20,Completed,2
F1514,2024-09-28,Cooperative Collection Centre,Rythu Colony,Krishna,Maize,Pioneer-3396,14.77,30,Tractor,2,5,8,08:00-09:00,Saturday,9,40,37,28.0,133.6,61.4,High,Clear,0,20,Completed,3
F1515,2024-01-16,Rural Market Yard,Kisanpur,Krishna,Paddy,Sona Masuri,5.66,12,Tractor,3,5,11,09:00-10:00,Tuesday,1,35,32,15.2,91.8,38.1,High,Rainy,0,20,Completed,0
F1516,2024-12-06,Rural Market Yard,Rythu Colony,Krishna,Cotton,NCS-145,7.79,16,Mini Truck,2,2,11,14:00-15:00,Friday,12,41,40,20.3,112.2,48.4,High,Clear,0,25,Completed,2
F1517,2025-01-22,Mandal Procurement Centre,Greenfield,Krishna,Cotton,NCS-145,2.04,5,Tractor,2,5,7,08:00-09:00,Wednesday,1,48,46,9.8,106.7,36.5,High,Cloudy,0,20,Completed,2
F1518,2024-02-22,Rural Market Yard,Greenfield,Krishna,Maize,Pioneer-3396,3.83,8,Tractor,1,4,10,08:00-09:00,Thursday,2,31,33,13.1,91.0,35.9,High,Cloudy,0,20,Completed,0
F1519,2024-06-02,Rural Market Yard,Lakshmi Nagar,Krishna,Cotton,NCS-145,2.59,6,Tractor,3,2,5,15:00-16:00,Sunday,6,25,17,9.3,57.1,23.6,Medium,Clear,0,25,Completed,0
F1520,2024-07-31,Mandal Procurement Centre,Kisanpur,Krishna,Cotton,NCS-145,8.09,17,Mini Truck,2,3,7,11:00-12:00,Wednesday,7,15,20,19.5,80.4,39.6,Medium,Rainy,1,25,Completed,0
F1521,2025-04-08,Cooperative Collection Centre,Kisanpur,Krishna,Maize,Pioneer-3396,4.52,10,Tractor,3,5,10,14:00-15:00,Tuesday,4,18,11,10.8,31.7,18.7,Low,Clear,0,25,Completed,0
F1522,2025-03-21,Cooperative Collection Centre,Lakshmi Nagar,Krishna,Maize,DHM-117,9.38,19,Mini Truck,2,4,9,14:00-15:00,Friday,3,18,20,23.2,73.7,41.6,Medium,Clear,0,25,Cancelled,1
F1523,2024-01-24,Rural Market Yard,Kisanpur,Krishna,Paddy,Sona Masuri,9.21,19,Tractor,1,3,11,09:00-10:00,Wednesday,1,52,50,16.0,138.2,50.5,High,Clear,0,20,Completed,2
F1524,2024-02-11,Mandal Procurement Centre,Kisanpur,Krishna,Cotton,Bt Cotton,13.59,28,Tractor,2,4,7,12:00-13:00,Sunday,2,27,28,22.9,114.5,51.5,High,Cloudy,0,20,Completed,1
F1525,2025-12-08,Rural Market Yard,Kisanpur,Krishna,Maize,Pioneer-3396,16.7,34,Tractor,3,2,11,11:00-12:00,Monday,12,33,31,31.3,135.3,65.1,High,Clear,0,25,Completed,3
F1526,2024-06-29,Mandal Procurement Centre,Lakshmi Nagar,Krishna,Cotton,NCS-145,4.81,10,Tractor,3,5,10,14:00-15:00,Saturday,6,32,34,14.7,84.4,35.8,High,Clear,0,25,Completed,0
F1527,2024-05-05,Rural Market Yard,Greenfield,Krishna,Cotton,Bt Cotton,9.4,19,Tractor,2,3,11,08:00-09:00,Sunday,5,33,34,20.0,127.9,52.0,High,Cloudy,0,20,Completed,2
F1528,2024-08-18,Rural Market Yard,Greenfield,Krishna,Maize,Pioneer-3396,8.99,18,Mini Truck,3,3,12,08:00-09:00,Sunday,8,29,30,22.2,124.2,53.2,High,Rainy,0,20,Cancelled,1
F1529,2024-11-20,Rural Market Yard,Rythu Colony,Krishna,Paddy,BPT-5204,4.4,9,Tractor,3,2,7,11:00-12:00,Wednesday,11,36,33,13.3,76.4,32.4,Medium,Clear,0,25,Completed,0
F1530,2025-05-14,Mandal Procurement Centre,Rythu Colony,Krishna,Maize,DHM-117,7.75,16,Tractor,1,2,5,08:00-09:00,Wednesday,5,30,28,17.0,103.1,42.8,High,Clear,0,20,Completed,0
F1531,2024-08-24,Cooperative Collection Centre,Kisanpur,Krishna,Cotton,NCS-145,8.93,18,Mini Truck,3,4,4,08:00-09:00,Saturday,8,35,34,23.1,124.5,54.2,High,Clear,0,20,Completed,2
F1532,2025-10-25,Cooperative Collection Centre,Kisanpur,Krishna,Paddy,Sona Masuri,27.26,55,Tractor,1,4,8,10:00-11:00,Saturday,10,57,52,40.4,179.3,85.2,High,Clear,0,25,Cancelled,3
F1533,2024-07-22,Cooperative Collection Centre,Greenfield,Krishna,Paddy,Sona Masuri,5.51,12,Tractor,2,2,6,16:00-17:00,Monday,7,12,8,17.5,57.6,31.9,Medium,Rainy,0,20,Cancelled,0
F1534,2025-01-24,Rural Market Yard,Rythu Colony,Krishna,Cotton,NCS-145,8.71,18,Auto,2,3,11,09:00-10:00,Friday,1,42,44,18.2,140.6,53.3,High,Clear,0,20,Completed,2
F1535,2025-01-12,Rural Market Yard,Greenfield,Krishna,Cotton,Bt Cotton,4.48,9,Tractor,3,5,6,09:00-10:00,Sunday,1,44,40,11.8,121.4,42.2,High,Rainy,0,20,Cancelled,2
F1536,2024-03-17,Mandal Procurement Centre,Lakshmi Nagar,Krishna,Cotton,Bt Cotton,17.45,35,Tractor,3,5,11,09:00-10:00,Sunday,3,45,43,29.2,157.8,68.7,High,Clear,0,20,Completed,3
F1537,2024-10-09,Cooperative Collection Centre,Greenfield,Krishna,Paddy,Sona Masuri,7.33,15,Tractor,3,2,5,09:00-10:00,Wednesday,10,66,59,15.6,180.7,60.8,High,Cloudy,0,20,Cancelled,2
F1538,2024-04-08,Rural Market Yard,Lakshmi Nagar,Krishna,Cotton,NCS-145,8.3,17,Tractor,3,3,5,08:00-09:00,Monday,4,28,27,12.9,103.4,38.8,High,Cloudy,0,20,Completed,0
F1539,2025-11-11,Cooperative Collection Centre,Lakshmi Nagar,Krishna,Maize,Pioneer-3396,11.87,24,Tractor,1,3,10,11:00-12:00,Tuesday,11,45,41,20.0,115.7,48.9,High,Cloudy,0,25,Completed,2
F1540,2024-11-07,Mandal Procurement Centre,Greenfield,Krishna,Maize,Pioneer-3396,6.1,13,Tractor,3,3,11,09:00-10:00,Thursday,11,55,54,12.6,142.6,48.2,High,Clear,0,20,Completed,2
F1541,2025-11-15,Cooperative Collection Centre,Greenfield,Krishna,Maize,DHM-117,7.71,16,Mini Truck,2,5,4,10:00-11:00,Saturday,11,48,45,17.9,114.8,46.6,High,Rainy,0,25,Completed,2
F1542,2025-10-06,Mandal Procurement Centre,Kisanpur,Krishna,Maize,DHM-117,2.75,6,Auto,1,3,9,15:00-16:00,Monday,10,34,26,13.1,53.5,26.5,Medium,Cloudy,0,25,Completed,0
F1543,2024-02-28,Rural Market Yard,Kisanpur,Krishna,Cotton,Bt Cotton,2.43,5,Mini Truck,1,2,6,08:00-09:00,Wednesday,2,26,21,10.7,69.1,28.0,Medium,Rainy,0,20,Completed,0
F1544,2024-11-10,Rural Market Yard,Lakshmi Nagar,Krishna,Paddy,Sona Masuri,15.08,31,Auto,2,5,11,09:00-10:00,Sunday,11,59,60,26.1,174.5,69.7,High,Clear,0,20,Cancelled,3
F1545,2024-06-08,Mandal Procurement Centre,Lakshmi Nagar,Krishna,Maize,DHM-117,11.72,24,Tractor,3,5,12,14:00-15:00,Saturday,6,21,17,24.0,80.2,44.0,Medium,Rainy,0,25,Completed,1
F1546,2025-02-03,Cooperative Collection Centre,Rythu Colony,Krishna,Paddy,Sona Masuri,4.85,10,Tractor,3,3,10,14:00-15:00,Monday,2,25,26,15.9,93.8,39.4,High,Clear,0,25,Cancelled,0
F1547,2024-04-19,Cooperative Collection Centre,Kisanpur,Krishna,Cotton,NCS-145,9.09,19,Mini Truck,3,5,12,16:00-17:00,Friday,4,21,14,21.0,68.0,38.0,Medium,Clear,0,20,Cancelled,0
F1548,2024-02-14,Mandal Procurement Centre,Kisanpur,Krishna,Paddy,BPT-5204,4.76,10,Mini Truck,2,5,5,09:00-10:00,Wednesday,2,25,20,14.4,67.6,31.3,Medium,Rainy,0,20,Cancelled,0
F1549,2025-10-17,Cooperative Collection Centre,Lakshmi Nagar,Krishna,Paddy,Sona Masuri,17.77,36,Mini Truck,3,2,4,08:00-09:00,Friday,10,51,50,31.1,181.7,76.5,High,Cloudy,0,20,Completed,3
F1550,2025-08-07,Mandal Procurement Centre,Greenfield,Krishna,Paddy,Sona Masuri,8.75,18,Auto,1,5,11,09:00-10:00,Thursday,8,32,30,18.5,79.3,38.3,High,Clear,0,20,Completed,0
F1551,2025-12-14,Mandal Procurement Centre,Greenfield,Krishna,Paddy,Sona Masuri,6.72,14,Mini Truck,3,2,10,14:00-15:00,Sunday,12,41,40,14.1,113.9,42.6,High,Clear,0,25,Completed,2
F1552,2024-05-30,Mandal Procurement Centre,Rythu Colony,Krishna,Paddy,Sona Masuri,11.01,23,Tractor,1,3,7,14:00-15:00,Thursday,5,24,22,21.5,83.5,42.4,Medium,Cloudy,0,25,Completed,1
F1553,2025-06-26,Mandal Procurement Centre,Lakshmi Nagar,Krishna,Cotton,Bt Cotton,6.8,14,Tractor,1,4,11,12:00-13:00,Thursday,6,6,4,19.3,31.3,27.1,Low,Rainy,0,20,Completed,0
F1554,2024-09-04,Cooperative Collection Centre,Greenfield,Krishna,Paddy,Sona Masuri,6.79,14,Tractor,3,4,5,12:00-13:00,Wednesday,9,20,13,15.6,69.6,33.0,Medium,Cloudy,0,20,Cancelled,0
F1555,2024-04-18,Mandal Procurement Centre,Greenfield,Krishna,Cotton,Bt Cotton,3.04,7,Tractor,2,2,6,11:00-12:00,Thursday,4,18,23,14.0,88.1,36.0,Medium,Clear,0,25,Completed,0
F1556,2024-05-01,Mandal Procurement Centre,Greenfield,Krishna,Maize,DHM-117,11.07,23,Mini Truck,3,5,9,10:00-11:00,Wednesday,5,37,33,20.8,94.4,44.4,High,Clear,0,25,Cancelled,1
F1557,2025-11-18,Cooperative Collection Centre,Rythu Colony,Krishna,Cotton,Bt Cotton,18.51,38,Tractor,3,3,11,08:00-09:00,Tuesday,11,35,32,30.7,144.2,66.8,High,Rainy,0,20,Completed,3
F1558,2024-05-06,Rural Market Yard,Kisanpur,Krishna,Cotton,NCS-145,10.49,21,Tractor,2,5,10,12:00-13:00,Monday,5,24,21,20.1,76.0,39.1,Medium,Cloudy,1,20,Completed,1
F1559,2025-03-05,Mandal Procurement Centre,Rythu Colony,Krishna,Maize,DHM-117,13.74,28,Tractor,1,2,7,09:00-10:00,Wednesday,3,29,31,24.8,124.2,55.9,High,Rainy,0,20,Completed,1
F1560,2024-12-21,Rural Market Yard,Rythu Colony,Krishna,Cotton,Bt Cotton,19.07,39,Tractor,3,3,4,14:00-15:00,Saturday,12,34,36,31.4,146.4,68.0,High,Rainy,0,25,Completed,3
F1561,2025-12-28,Cooperative Collection Centre,Greenfield,Krishna,Paddy,Sona Masuri,9.4,19,Tractor,1,5,11,14:00-15:00,Sunday,12,42,43,17.3,100.1,42.3,High,Cloudy,1,25,Completed,2
F1562,2024-02-24,Cooperative Collection Centre,Kisanpur,Krishna,Maize,Pioneer-3396,7.92,16,Tractor,2,4,6,12:00-13:00,Saturday,2,25,31,15.7,102.5,41.3,High,Clear,0,20,Completed,2
F1563,2024-10-04,Rural Market Yard,Lakshmi Nagar,Krishna,Maize,Pioneer-3396,3.38,7,Tractor,1,4,8,08:00-09:00,Friday,10,33,34,9.1,72.8,27.3,High,Rainy,0,20,Cancelled,0
F1564,2025-01-25,Cooperative Collection Centre,Kisanpur,Krishna,Paddy,Sona Masuri,8.43,17,Tractor,3,3,8,08:00-09:00,Saturday,1,50,52,18.9,155.1,57.7,High,Clear,0,20,Completed,2
F1565,2024-11-16,Rural Market Yard,Lakshmi Nagar,Krishna,Cotton,Bt Cotton,9.41,19,Tractor,3,2,5,09:00-10:00,Saturday,11,59,61,17.1,183.7,63.0,High,Cloudy,0,20,Completed,2
F1566,2025-04-03,Cooperative Collection Centre,Greenfield,Krishna,Cotton,NCS-145,6.99,14,Auto,3,2,8,15:00-16:00,Thursday,4,26,27,14.0,106.1,40.5,High,Clear,0,25,Cancelled,0
F1567,2024-11-11,Rural Market Yard,Lakshmi Nagar,Krishna,Cotton,NCS-145,2.3,5,Tractor,1,5,7,10:00-11:00,Monday,11,53,53,10.7,91.5,33.6,High,Clear,0,25,Completed,2
F1568,2025-06-23,Rural Market Yard,Rythu Colony,Krishna,Maize,Pioneer-3396,19.64,40,Tractor,2,4,9,10:00-11:00,Monday,6,26,26,32.1,115.3,60.9,High,Rainy,0,25,Completed,3
F1569,2025-06-03,Cooperative Collection Centre,Greenfield,Krishna,Cotton,NCS-145,12.27,25,Mini Truck,3,3,4,16:00-17:00,Tuesday,6,20,15,22.3,87.1,44.1,Medium,Clear,0,20,Completed,1
F1570,2025-07-19,Mandal Procurement Centre,Rythu Colony,Krishna,Cotton,Bt Cotton,24.84,50,Tractor,2,4,11,15:00-16:00,Saturday,7,22,27,33.6,119.7,63.5,High,Clear,1,25,Completed,3
F1571,2025-07-13,Mandal Procurement Centre,Rythu Colony,Krishna,Paddy,BPT-5204,6.49,13,Mini Truck,3,2,9,10:00-11:00,Sunday,7,39,35,13.0,101.2,38.3,High,Clear,0,25,Cancelled,2
F1572,2024-01-28,Mandal Procurement Centre,Kisanpur,Krishna,Paddy,Sona Masuri,11.83,24,Tractor,1,2,6,09:00-10:00,Sunday,1,48,53,19.3,165.0,60.5,High,Cloudy,0,20,Completed,2
F1573,2024-12-10,Cooperative Collection Centre,Kisanpur,Krishna,Maize,Pioneer-3396,11.98,24,Mini Truck,2,3,4,15:00-16:00,Tuesday,12,34,35,21.9,131.0,54.6,High,Cloudy,0,25,Completed,2
F1574,2024-12-27,Mandal Procurement Centre,Lakshmi Nagar,Krishna,Cotton,NCS-145,6.6,14,Mini Truck,2,4,6,09:00-10:00,Friday,12,38,42,17.5,97.2,41.8,High,Rainy,0,20,Completed,2
F1575,2024-01-21,Mandal Procurement Centre,Rythu Colony,Krishna,Paddy,Sona Masuri,6.89,14,Mini Truck,2,3,9,11:00-12:00,Sunday,1,32,38,15.0,97.1,39.3,High,Cloudy,0,25,Cancelled,2
F1576,2024-09-01,Rural Market Yard,Lakshmi Nagar,Krishna,Cotton,NCS-145,8.48,17,Tractor,1,2,10,10:00-11:00,Sunday,9,42,33,16.9,91.6,39.8,High,Clear,0,25,Completed,0
F1577,2025-05-29,Mandal Procurement Centre,Rythu Colony,Krishna,Cotton,NCS-145,11.16,23,Auto,3,4,6,16:00-17:00,Thursday,5,14,17,21.8,81.2,42.1,Medium,Clear,0,20,Cancelled,1
F1578,2024-04-05,Mandal Procurement Centre,Kisanpur,Krishna,Cotton,Bt Cotton,10.27,21,Mini Truck,2,4,11,11:00-12:00,Friday,4,21,21,21.1,73.6,39.5,Medium,Clear,1,25,Completed,1
F1579,2024-03-03,Cooperative Collection Centre,Lakshmi Nagar,Krishna,Cotton,Bt Cotton,12.93,26,Auto,1,4,12,14:00-15:00,Sunday,3,36,33,19.2,105.3,45.5,High,Cloudy,0,25,Completed,1
F1580,2024-04-29,Cooperative Collection Centre,Kisanpur,Krishna,Maize,Pioneer-3396,14.86,30,Tractor,1,4,7,12:00-13:00,Monday,4,28,33,25.7,122.3,56.3,High,Clear,1,20,Completed,1
F1581,2025-02-22,Rural Market Yard,Rythu Colony,Krishna,Maize,DHM-117,10.73,22,Tractor,2,3,6,08:00-09:00,Saturday,2,45,48,21.6,159.3,61.4,High,Cloudy,0,20,Completed,2
F1582,2024-06-28,Rural Market Yard,Lakshmi Nagar,Krishna,Maize,Pioneer-3396,9.24,19,Tractor,2,3,8,08:00-09:00,Friday,6,36,33,19.6,99.7,44.5,High,Cloudy,0,20,Cancelled,2
F1583,2025-05-15,Cooperative Collection Centre,Kisanpur,Krishna,Paddy,BPT-5204,5.44,11,Tractor,3,5,4,14:00-15:00,Thursday,5,13,9,15.5,41.1,25.8,Low,Cloudy,0,25,Completed,0
F1584,2025-05-17,Rural Market Yard,Kisanpur,Krishna,Paddy,Sona Masuri,3.96,8,Mini Truck,1,4,4,14:00-15:00,Saturday,5,26,26,12.1,67.6,29.0,Medium,Cloudy,0,25,Completed,0
F1585,2024-11-09,Mandal Procurement Centre,Lakshmi Nagar,Krishna,Cotton,NCS-145,9.41,19,Tractor,2,3,5,09:00-10:00,Saturday,11,48,42,18.6,144.1,54.6,High,Clear,0,20,Completed,2
F1586,2025-03-10,Mandal Procurement Centre,Rythu Colony,Krishna,Maize,Pioneer-3396,17.79,36,Auto,3,2,11,12:00-13:00,Monday,3,20,20,28.5,126.0,60.0,High,Clear,0,20,Completed,1
F1587,2024-07-22,Mandal Procurement Centre,Kisanpur,Krishna,Maize,DHM-117,7.11,15,Auto,2,4,5,10:00-11:00,Monday,7,44,40,18.2,96.3,42.3,High,Cloudy,0,25,Completed,2
F1588,2025-04-11,Cooperative Collection Centre,Greenfield,Krishna,Maize,Pioneer-3396,6.74,14,Mini Truck,2,5,7,09:00-10:00,Friday,4,43,40,13.7,107.6,40.6,High,Clear,0,20,Completed,2
F1589,2025-11-07,Cooperative Collection Centre,Greenfield,Krishna,Paddy,Sona Masuri,14.25,29,Tractor,3,2,5,11:00-12:00,Friday,11,31,26,23.0,109.6,50.4,High,Clear,0,25,Completed,1
F1590,2024-11-13,Rural Market Yard,Greenfield,Krishna,Cotton,Bt Cotton,9.11,19,Mini Truck,1,3,12,16:00-17:00,Wednesday,11,28,32,20.8,97.3,45.1,High,Clear,0,20,Completed,1
F1591,2025-04-14,Cooperative Collection Centre,Lakshmi Nagar,Krishna,Cotton,Bt Cotton,5.36,11,Tractor,2,3,11,15:00-16:00,Monday,4,22,20,11.6,69.5,29.0,Medium,Clear,0,25,Completed,0
F1592,2024-04-10,Cooperative Collection Centre,Rythu Colony,Krishna,Paddy,Sona Masuri,4.13,9,Mini Truck,1,2,10,09:00-10:00,Wednesday,4,41,41,10.5,95.4,34.4,High,Clear,0,20,Completed,2
F1593,2024-03-19,Mandal Procurement Centre,Greenfield,Krishna,Cotton,NCS-145,10.57,22,Tractor,3,5,12,15:00-16:00,Tuesday,3,23,24,21.4,88.7,43.6,Medium,Rainy,0,25,Cancelled,1
F1594,2025-08-20,Cooperative Collection Centre,Rythu Colony,Krishna,Maize,DHM-117,16.0,32,Tractor,2,5,10,10:00-11:00,Wednesday,8,38,41,22.0,127.7,53.9,High,Cloudy,0,25,Completed,3
F1595,2024-09-13,Mandal Procurement Centre,Kisanpur,Krishna,Cotton,NCS-145,5.61,12,Tractor,1,3,9,08:00-09:00,Friday,9,30,29,11.3,84.9,32.5,High,Cloudy,0,20,Completed,0
F1596,2025-09-24,Rural Market Yard,Rythu Colony,Krishna,Paddy,Sona Masuri,14.27,29,Tractor,3,4,6,11:00-12:00,Wednesday,9,6,6,24.9,80.5,45.0,Medium,Rainy,0,25,Completed,1
F1597,2025-04-07,Rural Market Yard,Kisanpur,Krishna,Cotton,Bt Cotton,12.67,26,Mini Truck,2,2,4,09:00-10:00,Monday,4,33,34,24.8,127.4,56.7,High,Cloudy,0,20,Completed,1
F1598,2024-06-10,Rural Market Yard,Rythu Colony,Krishna,Cotton,NCS-145,9.43,19,Mini Truck,1,3,6,09:00-10:00,Monday,6,39,41,16.7,121.6,47.1,High,Cloudy,0,20,Completed,2
F1599,2024-11-26,Mandal Procurement Centre,Lakshmi Nagar,Krishna,Paddy,Sona Masuri,8.52,18,Mini Truck,2,4,8,08:00-09:00,Tuesday,11,44,40,19.3,125.9,50.8,High,Clear,0,20,Completed,2
F1600,2025-03-11,Mandal Procurement Centre,Rythu Colony,Krishna,Maize,DHM-117,3.96,8,Mini Truck,3,5,8,08:00-09:00,Tuesday,3,47,44,17.2,109.6,44.6,High,Clear,0,20,Completed,2
F1601,2025-10-21,Rural Market Yard,Greenfield,Krishna,Paddy,Sona Masuri,10.96,22,Mini Truck,1,3,11,10:00-11:00,Tuesday,10,41,36,23.8,108.8,51.0,High,Cloudy,1,25,Completed,1
F1602,2025-01-27,Cooperative Collection Centre,Greenfield,Krishna,Paddy,BPT-5204,5.33,11,Tractor,2,4,7,12:00-13:00,Monday,1,16,11,14.6,52.2,27.6,Medium,Rainy,0,20,Completed,0
F1603,2024-12-18,Cooperative Collection Centre,Rythu Colony,Krishna,Paddy,BPT-5204,4.35,9,Mini Truck,1,5,9,16:00-17:00,Wednesday,12,38,44,12.3,119.0,42.0,High,Cloudy,0,20,Cancelled,2
F1604,2024-07-01,Mandal Procurement Centre,Kisanpur,Krishna,Paddy,Sona Masuri,15.16,31,Tractor,1,4,11,09:00-10:00,Monday,7,31,31,28.9,124.7,60.1,High,Clear,0,20,Completed,3
F1605,2025-06-18,Rural Market Yard,Lakshmi Nagar,Krishna,Paddy,Sona Masuri,5.21,11,Tractor,3,5,7,15:00-16:00,Wednesday,6,20,17,13.3,55.2,27.1,Medium,Clear,0,25,Completed,0
F1606,2025-06-26,Cooperative Collection Centre,Kisanpur,Krishna,Cotton,NCS-145,16.0,32,Mini Truck,1,4,4,09:00-10:00,Thursday,6,40,35,28.1,146.8,64.8,High,Clear,1,20,Completed,3
F1607,2024-10-19,Mandal Procurement Centre,Greenfield,Krishna,Maize,Pioneer-3396,13.09,27,Mini Truck,3,3,12,16:00-17:00,Saturday,10,42,44,22.5,149.1,59.8,High,Clear,0,20,Completed,2
F1608,2025-11-26,Mandal Procurement Centre,Rythu Colony,Krishna,Paddy,BPT-5204,7.36,15,Tractor,2,3,6,08:00-09:00,Wednesday,11,27,29,13.5,97.2,37.8,High,Rainy,0,20,Completed,0
F1609,2024-02-03,Rural Market Yard,Rythu Colony,Krishna,Cotton,NCS-145,3.44,7,Tractor,2,5,6,09:00-10:00,Saturday,2,39,41,9.7,99.1,34.5,High,Clear,0,20,Completed,2
F1610,2024-03-31,Cooperative Collection Centre,Lakshmi Nagar,Krishna,Maize,DHM-117,6.74,14,Auto,3,5,9,10:00-11:00,Sunday,3,33,27,16.3,87.5,38.2,Medium,Clear,0,25,Completed,0
F1611,2024-05-18,Rural Market Yard,Rythu Colony,Krishna,Cotton,Bt Cotton,11.44,23,Tractor,1,4,10,09:00-10:00,Saturday,5,40,32,18.9,114.7,47.6,High,Cloudy,0,20,Completed,2
F1612,2025-05-12,Mandal Procurement Centre,Lakshmi Nagar,Krishna,Maize,DHM-117,5.95,12,Mini Truck,3,2,8,08:00-09:00,Monday,5,34,27,17.8,104.0,43.8,High,Cloudy,0,20,Cancelled,0
F1613,2024-11-24,Rural Market Yard,Kisanpur,Krishna,Cotton,Bt Cotton,15.06,31,Auto,2,2,9,16:00-17:00,Sunday,11,39,41,26.2,147.9,63.2,High,Clear,0,20,Completed,3
F1614,2025-11-25,Mandal Procurement Centre,Rythu Colony,Krishna,Paddy,BPT-5204,5.21,11,Mini Truck,1,2,10,16:00-17:00,Tuesday,11,35,33,12.4,82.6,33.0,High,Clear,0,20,Completed,0
F1615,2025-10-16,Mandal Procurement Centre,Lakshmi Nagar,Krishna,Maize,Pioneer-3396,14.48,29,Mini Truck,1,2,7,14:00-15:00,Thursday,10,34,33,24.7,113.9,53.2,High,Clear,0,25,Completed,1
F1616,2024-02-24,Mandal Procurement Centre,Rythu Colony,Krishna,Maize,Pioneer-3396,4.12,9,Tractor,3,4,12,10:00-11:00,Saturday,2,44,41,10.6,86.5,32.2,High,Cloudy,0,25,Completed,0
F1617,2025-01-10,Rural Market Yard,Lakshmi Nagar,Krishna,Maize,DHM-117,15.82,32,Tractor,3,3,4,16:00-17:00,Friday,1,32,35,24.5,144.3,60.6,High,Clear,1,20,Completed,3
F1618,2025-02-26,Rural Market Yard,Greenfield,Krishna,Paddy,BPT-5204,11.04,23,Auto,1,2,8,15:00-16:00,Wednesday,2,30,34,21.6,109.3,48.9,High,Cloudy,0,25,Completed,1
F1619,2024-02-24,Mandal Procurement Centre,Greenfield,Krishna,Cotton,NCS-145,10.26,21,Auto,1,5,9,14:00-15:00,Saturday,2,23,22,18.4,70.0,35.9,Medium,Cloudy,0,25,Cancelled,0
F1620,2025-11-08,Cooperative Collection Centre,Rythu Colony,Krishna,Cotton,Bt Cotton,7.87,16,Tractor,1,5,4,10:00-11:00,Saturday,11,58,59,18.2,128.6,50.3,High,Clear,1,25,Completed,2
F1621,2025-03-14,Mandal Procurement Centre,Greenfield,Krishna,Paddy,Sona Masuri,13.16,27,Tractor,3,4,12,12:00-13:00,Friday,3,10,10,23.8,78.8,43.5,Medium,Clear,0,20,Cancelled,1
F1622,2025-06-27,Rural Market Yard,Lakshmi Nagar,Krishna,Cotton,Bt Cotton,12.0,24,Tractor,2,2,6,14:00-15:00,Friday,6,24,21,23.2,86.4,44.8,Medium,Cloudy,0,25,Completed,1
F1623,2025-05-17,Cooperative Collection Centre,Greenfield,Krishna,Cotton,Bt Cotton,12.82,26,Tractor,1,2,8,09:00-10:00,Saturday,5,44,41,25.8,132.6,59.0,High,Cloudy,0,20,Completed,3
F1624,2024-07-17,Cooperative Collection Centre,Greenfield,Krishna,Maize,Pioneer-3396,8.3,17,Tractor,2,4,7,08:00-09:00,Wednesday,7,39,40,17.9,130.8,50.6,High,Rainy,0,20,Cancelled,2
F1625,2025-01-26,Cooperative Collection Centre,Greenfield,Krishna,Paddy,Sona Masuri,9.61,20,Tractor,3,2,6,15:00-16:00,Sunday,1,40,38,21.0,122.0,51.5,High,Clear,0,25,Completed,2
F1626,2024-07-27,Mandal Procurement Centre,Rythu Colony,Krishna,Maize,DHM-117,13.48,27,Tractor,2,3,8,15:00-16:00,Saturday,7,28,27,23.6,111.0,51.4,High,Clear,0,25,Completed,1
F1627,2025-05-14,Mandal Procurement Centre,Kisanpur,Krishna,Maize,DHM-117,2.0,4,Tractor,3,2,8,16:00-17:00,Wednesday,5,23,30,10.4,97.1,34.7,High,Cloudy,0,20,Completed,0
F1628,2024-02-08,Rural Market Yard,Kisanpur,Krishna,Cotton,NCS-145,16.31,33,Tractor,1,4,9,10:00-11:00,Thursday,2,32,27,26.7,97.8,51.1,High,Cloudy,0,25,Completed,1
F1629,2024-09-30,Rural Market Yard,Rythu Colony,Krishna,Cotton,NCS-145,11.62,24,Tractor,3,5,9,15:00-16:00,Monday,9,23,26,21.1,92.5,44.2,High,Clear,0,25,Completed,1
F1630,2024-03-15,Cooperative Collection Centre,Kisanpur,Krishna,Paddy,BPT-5204,14.16,29,Tractor,3,2,6,12:00-13:00,Friday,3,24,23,23.6,122.9,54.3,High,Cloudy,0,20,Completed,1
F1631,2025-12-06,Cooperative Collection Centre,Greenfield,Krishna,Maize,DHM-117,6.91,14,Tractor,3,5,9,10:00-11:00,Saturday,12,55,52,15.3,128.5,47.4,High,Clear,0,25,Completed,2
F1632,2024-08-28,Mandal Procurement Centre,Greenfield,Krishna,Maize,DHM-117,8.15,17,Tractor,1,2,10,08:00-09:00,Wednesday,8,30,33,15.0,103.8,41.0,High,Cloudy,0,20,Completed,2
F1633,2024-01-24,Rural Market Yard,Greenfield,Krishna,Paddy,Sona Masuri,2.77,6,Auto,1,2,4,14:00-15:00,Wednesday,1,38,37,11.1,99.6,36.0,High,Cloudy,0,25,Cancelled,0
F1634,2024-07-19,Mandal Procurement Centre,Rythu Colony,Krishna,Cotton,NCS-145,13.83,28,Tractor,2,5,12,08:00-09:00,Friday,7,43,41,24.9,120.5,55.0,High,Cloudy,0,20,Completed,3
F1635,2024-10-20,Mandal Procurement Centre,Rythu Colony,Krishna,Maize,DHM-117,6.51,14,Tractor,2,2,12,08:00-09:00,Sunday,10,46,46,14.4,130.7,47.1,High,Rainy,0,20,Completed,2
F1636,2024-03-29,Cooperative Collection Centre,Lakshmi Nagar,Krishna,Maize,Pioneer-3396,9.02,19,Mini Truck,1,3,12,12:00-13:00,Friday,3,15,14,17.1,63.9,33.1,Medium,Rainy,0,20,Completed,0
F1637,2025-03-22,Rural Market Yard,Greenfield,Krishna,Cotton,Bt Cotton,7.97,16,Tractor,2,2,7,11:00-12:00,Saturday,3,26,32,18.4,94.2,42.0,High,Clear,0,25,Completed,0
F1638,2025-09-11,Rural Market Yard,Greenfield,Krishna,Paddy,BPT-5204,7.43,15,Auto,2,5,9,09:00-10:00,Thursday,9,36,38,15.6,105.8,42.0,High,Cloudy,0,20,Cancelled,2
F1639,2024-02-25,Cooperative Collection Centre,Lakshmi Nagar,Krishna,Maize,DHM-117,8.92,18,Auto,1,5,11,10:00-11:00,Sunday,2,41,41,17.4,92.4,40.5,High,Clear,0,25,Completed,2
F1640,2025-04-07,Mandal Procurement Centre,Kisanpur,Krishna,Paddy,Sona Masuri,6.64,14,Tractor,3,3,6,09:00-10:00,Monday,4,40,41,17.3,138.1,51.8,High,Clear,0,20,Cancelled,2
F1641,2024-10-23,Rural Market Yard,Greenfield,Krishna,Cotton,NCS-145,5.57,12,Mini Truck,3,3,5,12:00-13:00,Wednesday,10,33,22,12.2,95.0,36.0,High,Cloudy,0,20,Cancelled,0
F1642,2024-05-13,Rural Market Yard,Kisanpur,Krishna,Maize,Pioneer-3396,7.02,15,Auto,1,3,10,11:00-12:00,Monday,5,24,20,18.3,68.6,35.5,Medium,Cloudy,0,25,Completed,0
F1643,2025-09-10,Rural Market Yard,Greenfield,Krishna,Paddy,BPT-5204,4.92,10,Tractor,1,5,12,15:00-16:00,Wednesday,9,19,15,14.4,32.5,22.5,Low,Clear,0,25,Completed,0
F1644,2025-12-16,Rural Market Yard,Kisanpur,Krishna,Maize,Pioneer-3396,6.2,13,Mini Truck,1,3,11,11:00-12:00,Tuesday,12,27,20,16.1,51.0,28.9,Medium,Cloudy,0,25,Cancelled,0
F1645,2024-10-19,Rural Market Yard,Lakshmi Nagar,Krishna,Maize,DHM-117,7.36,15,Auto,2,5,4,15:00-16:00,Saturday,10,34,30,16.7,96.0,40.7,High,Cloudy,0,25,Cancelled,0
F1646,2025-12-24,Rural Market Yard,Kisanpur,Krishna,Paddy,BPT-5204,6.12,13,Auto,1,3,5,15:00-16:00,Wednesday,12,30,32,16.8,85.8,38.2,Medium,Clear,0,25,Cancelled,0
F1647,2025-01-14,Rural Market Yard,Rythu Colony,Krishna,Cotton,Bt Cotton,4.57,10,Tractor,2,4,7,10:00-11:00,Tuesday,1,44,41,14.8,89.3,37.1,High,Clear,0,25,Completed,2
F1648,2024-10-25,Cooperative Collection Centre,Greenfield,Krishna,Maize,Pioneer-3396,13.75,28,Auto,1,2,6,15:00-16:00,Friday,10,39,38,24.8,133.0,58.0,High,Clear,0,25,Cancelled,3
F1649,2024-06-07,Mandal Procurement Centre,Lakshmi Nagar,Krishna,Paddy,Sona Masuri,10.57,22,Mini Truck,3,5,7,08:00-09:00,Friday,6,25,27,18.2,108.7,45.4,High,Clear,0,20,Completed,1
F1650,2024-01-19,Cooperative Collection Centre,Greenfield,Krishna,Paddy,Sona Masuri,7.21,15,Mini Truck,1,2,8,15:00-16:00,Friday,1,35,34,19.1,94.1,42.6,High,Clear,0,25,Cancelled,2
F1651,2024-04-29,Mandal Procurement Centre,Kisanpur,Krishna,Paddy,Sona Masuri,2.36,5,Mini Truck,1,4,5,09:00-10:00,Monday,4,38,40,8.8,82.6,29.4,High,Clear,1,20,Completed,0
F1652,2024-08-25,Cooperative Collection Centre,Rythu Colony,Krishna,Paddy,BPT-5204,6.75,14,Mini Truck,1,5,4,10:00-11:00,Sunday,8,28,30,12.9,53.9,26.4,Medium,Clear,0,25,Completed,0
F1653,2024-04-14,Rural Market Yard,Lakshmi Nagar,Krishna,Cotton,Bt Cotton,4.55,10,Tractor,3,4,5,12:00-13:00,Sunday,4,20,24,12.9,74.7,31.6,Medium,Cloudy,0,20,Completed,0
F1654,2025-01-15,Mandal Procurement Centre,Lakshmi Nagar,Krishna,Cotton,NCS-145,11.35,23,Mini Truck,1,3,7,08:00-09:00,Wednesday,1,44,40,20.9,131.9,53.9,High,Clear,0,20,Completed,2
F1655,2025-03-16,Cooperative Collection Centre,Kisanpur,Krishna,Maize,Pioneer-3396,3.18,7,Tractor,2,2,11,15:00-16:00,Sunday,3,22,21,11.7,62.6,27.4,Medium,Cloudy,0,25,Cancelled,0
F1656,2025-09-08,Cooperative Collection Centre,Kisanpur,Krishna,Paddy,BPT-5204,15.27,31,Mini Truck,3,5,7,09:00-10:00,Monday,9,34,35,25.5,130.5,58.1,High,Clear,0,20,Cancelled,3
F1657,2024-02-21,Mandal Procurement Centre,Kisanpur,Krishna,Maize,Pioneer-3396,14.01,29,Tractor,3,2,10,09:00-10:00,Wednesday,2,31,28,24.4,117.8,53.8,High,Cloudy,1,20,Completed,1
F1658,2025-09-14,Cooperative Collection Centre,Lakshmi Nagar,Krishna,Maize,DHM-117,7.46,15,Tractor,3,3,9,16:00-17:00,Sunday,9,29,25,15.6,91.0,38.4,High,Clear,0,20,Completed,0
F1659,2024-05-11,Mandal Procurement Centre,Lakshmi Nagar,Krishna,Cotton,Bt Cotton,10.11,21,Tractor,3,3,10,08:00-09:00,Saturday,5,34,36,17.1,129.9,49.6,High,Clear,0,20,Completed,2
F1660,2024-12-29,Rural Market Yard,Lakshmi Nagar,Krishna,Maize,DHM-117,7.96,16,Mini Truck,1,3,8,15:00-16:00,Sunday,12,34,29,18.2,81.8,38.6,Medium,Rainy,0,25,Completed,0
F1661,2024-12-28,Cooperative Collection Centre,Greenfield,Krishna,Maize,Pioneer-3396,8.56,18,Auto,2,3,9,10:00-11:00,Saturday,12,44,52,15.5,130.2,48.0,High,Cloudy,0,25,Completed,2
F1662,2024-01-06,Mandal Procurement Centre,Kisanpur,Krishna,Maize,DHM-117,5.97,12,Auto,1,3,12,12:00-13:00,Saturday,1,37,33,13.5,81.3,33.8,High,Clear,0,20,Completed,0
F1663,2024-02-22,Cooperative Collection Centre,Greenfield,Krishna,Maize,Pioneer-3396,9.23,19,Auto,1,3,4,12:00-13:00,Thursday,2,26,32,18.9,120.3,49.0,High,Clear,0,20,Cancelled,2
F1664,2025-11-26,Cooperative Collection Centre,Lakshmi Nagar,Krishna,Maize,Pioneer-3396,11.06,23,Auto,2,4,8,09:00-10:00,Wednesday,11,45,51,20.2,145.8,56.7,High,Cloudy,0,20,Completed,2
F1665,2025-06-06,Mandal Procurement Centre,Greenfield,Krishna,Maize,Pioneer-3396,9.59,20,Tractor,1,4,10,08:00-09:00,Friday,6,28,31,20.7,103.8,46.6,High,Rainy,0,20,Completed,1
F1666,2024-07-19,Rural Market Yard,Rythu Colony,Krishna,Maize,DHM-117,3.68,8,Tractor,3,3,9,16:00-17:00,Friday,7,21,20,12.8,82.8,33.5,Medium,Clear,0,20,Completed,0
F1667,2024-07-27,Cooperative Collection Centre,Greenfield,Krishna,Cotton,NCS-145,14.66,30,Mini Truck,3,4,10,11:00-12:00,Saturday,7,19,15,26.4,88.0,48.4,Medium,Rainy,0,25,Cancelled,1
F1668,2024-03-13,Mandal Procurement Centre,Rythu Colony,Krishna,Cotton,NCS-145,2.61,6,Tractor,1,5,8,15:00-16:00,Wednesday,3,21,18,7.9,26.2,14.4,Low,Clear,0,25,Completed,0
F1669,2024-09-26,Cooperative Collection Centre,Rythu Colony,Krishna,Paddy,Sona Masuri,11.33,23,Tractor,1,2,8,11:00-12:00,Thursday,9,6,10,23.4,62.4,39.0,Medium,Rainy,0,25,Completed,1
F1670,2024-08-24,Mandal Procurement Centre,Greenfield,Krishna,Paddy,Sona Masuri,5.97,12,Mini Truck,3,4,8,15:00-16:00,Saturday,8,30,29,15.3,72.0,33.3,Medium,Cloudy,0,25,Completed,0
F1671,2025-12-04,Mandal Procurement Centre,Lakshmi Nagar,Krishna,Paddy,Sona Masuri,8.19,17,Tractor,1,5,11,09:00-10:00,Thursday,12,49,46,15.8,116.8,45.0,High,Clear,1,20,Completed,2
F1672,2025-10-07,Cooperative Collection Centre,Greenfield,Krishna,Paddy,Sona Masuri,24.93,50,Tractor,3,2,8,11:00-12:00,Tuesday,10,28,29,36.5,146.5,73.1,High,Rainy,0,25,Completed,3
F1673,2025-05-29,Rural Market Yard,Lakshmi Nagar,Krishna,Paddy,Sona Masuri,18.11,37,Tractor,2,3,11,09:00-10:00,Thursday,5,20,21,29.8,121.7,60.2,High,Rainy,0,20,Cancelled,3
F1674,2024-08-03,Rural Market Yard,Rythu Colony,Krishna,Maize,DHM-117,25.04,51,Tractor,3,3,9,15:00-16:00,Saturday,8,33,32,37.3,158.7,77.0,High,Clear,0,25,Cancelled,3
F1675,2024-05-14,Mandal Procurement Centre,Greenfield,Krishna,Maize,DHM-117,2.31,5,Tractor,3,3,9,16:00-17:00,Tuesday,5,21,20,10.7,64.1,26.7,Medium,Clear,1,20,Completed,0
F1676,2024-02-21,Cooperative Collection Centre,Greenfield,Krishna,Maize,Pioneer-3396,20.92,42,Auto,1,3,9,09:00-10:00,Wednesday,2,40,44,34.3,169.5,76.7,High,Clear,0,20,Completed,3
F1677,2024-10-14,Cooperative Collection Centre,Lakshmi Nagar,Krishna,Paddy,BPT-5204,16.27,33,Tractor,3,2,9,08:00-09:00,Monday,10,47,51,28.1,189.0,75.3,High,Cloudy,0,20,Completed,3
F1678,2025-05-13,Cooperative Collection Centre,Lakshmi Nagar,Krishna,Cotton,NCS-145,5.78,12,Tractor,2,3,9,10:00-11:00,Tuesday,5,39,36,17.9,99.2,42.7,High,Clear,0,25,Completed,2
F1679,2024-04-21,Cooperative Collection Centre,Rythu Colony,Krishna,Paddy,BPT-5204,5.29,11,Tractor,3,2,8,14:00-15:00,Sunday,4,28,25,12.0,76.3,31.1,Medium,Clear,0,25,Completed,0
F1680,2024-01-08,Mandal Procurement Centre,Greenfield,Krishna,Cotton,NCS-145,11.68,24,Tractor,2,3,9,10:00-11:00,Monday,1,48,42,20.1,129.6,52.5,High,Clear,0,25,Completed,2
F1681,2024-10-01,Cooperative Collection Centre,Rythu Colony,Krishna,Maize,Pioneer-3396,3.56,8,Mini Truck,2,5,6,12:00-13:00,Tuesday,10,27,27,10.9,67.9,27.9,Medium,Rainy,0,20,Completed,0
F1682,2025-12-18,Mandal Procurement Centre,Kisanpur,Krishna,Paddy,BPT-5204,7.48,15,Mini Truck,1,3,11,09:00-10:00,Thursday,12,50,54,16.1,141.6,51.5,High,Cloudy,1,20,Completed,2
F1683,2024-07-04,Rural Market Yard,Kisanpur,Krishna,Cotton,Bt Cotton,13.66,28,Tractor,3,4,7,14:00-15:00,Thursday,7,16,15,26.6,101.1,51.9,High,Clear,0,25,Completed,1
F1684,2025-03-29,Cooperative Collection Centre,Kisanpur,Krishna,Maize,Pioneer-3396,5.15,11,Auto,1,4,11,09:00-10:00,Saturday,3,49,46,13.8,92.6,37.0,High,Clear,0,20,Completed,2
F1685,2025-02-24,Cooperative Collection Centre,Lakshmi Nagar,Krishna,Maize,Pioneer-3396,8.31,17,Mini Truck,2,5,6,10:00-11:00,Monday,2,42,53,14.5,114.2,43.0,High,Cloudy,0,25,Completed,2
F1686,2025-07-17,Rural Market Yard,Kisanpur,Krishna,Cotton,Bt Cotton,5.89,12,Tractor,2,2,10,12:00-13:00,Thursday,7,16,16,15.5,69.3,32.8,Medium,Clear,0,20,Cancelled,0
F1687,2024-09-09,Cooperative Collection Centre,Greenfield,Krishna,Paddy,Sona Masuri,14.7,30,Tractor,2,3,12,08:00-09:00,Monday,9,34,37,27.0,141.9,62.5,High,Cloudy,1,20,Completed,3
F1688,2024-12-07,Mandal Procurement Centre,Greenfield,Krishna,Maize,DHM-117,10.33,21,Auto,2,4,12,14:00-15:00,Saturday,12,44,49,20.6,126.0,52.1,High,Cloudy,0,25,Cancelled,2
F1689,2024-04-01,Mandal Procurement Centre,Greenfield,Krishna,Maize,DHM-117,6.1,13,Mini Truck,1,5,10,10:00-11:00,Monday,4,25,25,14.6,57.4,28.9,Medium,Cloudy,0,25,Completed,0
F1690,2024-07-08,Rural Market Yard,Kisanpur,Krishna,Maize,Pioneer-3396,9.84,20,Auto,3,3,7,11:00-12:00,Monday,7,17,10,21.2,72.8,39.4,Medium,Clear,0,25,Completed,1
F1691,2024-02-10,Cooperative Collection Centre,Lakshmi Nagar,Krishna,Maize,Pioneer-3396,16.53,34,Tractor,2,5,6,15:00-16:00,Saturday,2,32,35,25.6,116.0,54.6,High,Clear,0,25,Completed,3
F1692,2025-08-14,Rural Market Yard,Kisanpur,Krishna,Cotton,NCS-145,4.78,10,Tractor,2,2,7,15:00-16:00,Thursday,8,26,30,14.5,85.1,35.8,Medium,Clear,0,25,Completed,0
F1693,2025-04-24,Mandal Procurement Centre,Kisanpur,Krishna,Cotton,NCS-145,16.42,33,Mini Truck,3,5,10,12:00-13:00,Thursday,4,14,13,24.3,82.0,44.8,Medium,Clear,0,20,Completed,1
F1694,2025-05-26,Mandal Procurement Centre,Rythu Colony,Krishna,Paddy,Sona Masuri,13.93,28,Mini Truck,2,4,8,10:00-11:00,Monday,5,31,34,23.9,101.8,49.3,High,Clear,0,25,Completed,1
F1695,2025-01-23,Mandal Procurement Centre,Lakshmi Nagar,Krishna,Cotton,Bt Cotton,6.64,14,Mini Truck,1,2,8,11:00-12:00,Thursday,1,38,35,13.0,83.2,33.8,High,Cloudy,0,25,Completed,0
F1696,2025-08-04,Rural Market Yard,Lakshmi Nagar,Krishna,Maize,Pioneer-3396,11.22,23,Tractor,3,5,7,12:00-13:00,Monday,8,27,27,20.0,84.6,41.1,Medium,Clear,0,20,Completed,1
F1697,2024-08-02,Mandal Procurement Centre,Kisanpur,Krishna,Cotton,Bt Cotton,7.97,16,Auto,2,3,6,12:00-13:00,Friday,8,22,23,21.5,75.5,40.4,Medium,Cloudy,0,20,Completed,0
F1698,2025-03-07,Rural Market Yard,Lakshmi Nagar,Krishna,Paddy,Sona Masuri,7.68,16,Tractor,2,5,8,10:00-11:00,Friday,3,36,39,19.6,84.4,40.7,High,Cloudy,0,25,Completed,2
F1699,2024-12-17,Mandal Procurement Centre,Kisanpur,Krishna,Cotton,Bt Cotton,9.47,19,Mini Truck,1,3,5,10:00-11:00,Tuesday,12,51,49,21.7,140.6,56.8,High,Clear,0,25,Completed,2
F1700,2025-05-12,Mandal Procurement Centre,Lakshmi Nagar,Krishna,Paddy,BPT-5204,25.19,51,Mini Truck,2,5,12,11:00-12:00,Monday,5,17,16,35.9,103.1,61.7,High,Clear,0,25,Cancelled,3
F1701,2024-03-17,Mandal Procurement Centre,Greenfield,Krishna,Paddy,Sona Masuri,11.26,23,Auto,3,3,12,09:00-10:00,Sunday,3,40,37,22.4,135.1,56.2,High,Rainy,0,20,Cancelled,2
F1702,2025-05-13,Cooperative Collection Centre,Rythu Colony,Krishna,Cotton,NCS-145,12.84,26,Tractor,2,5,11,11:00-12:00,Tuesday,5,25,27,21.4,93.2,44.7,High,Clear,0,25,Completed,1
F1703,2024-03-10,Rural Market Yard,Lakshmi Nagar,Krishna,Cotton,NCS-145,10.56,22,Auto,3,5,4,08:00-09:00,Sunday,3,37,34,20.8,114.9,49.5,High,Rainy,0,20,Completed,2
F1704,2025-02-06,Rural Market Yard,Rythu Colony,Krishna,Maize,Pioneer-3396,5.04,11,Mini Truck,1,3,10,10:00-11:00,Thursday,2,32,31,15.5,76.6,34.6,Medium,Rainy,0,25,Cancelled,0
F1705,2025-09-14,Cooperative Collection Centre,Kisanpur,Krishna,Cotton,NCS-145,10.28,21,Tractor,1,2,8,11:00-12:00,Sunday,9,16,11,20.0,58.7,34.7,Medium,Clear,0,25,Completed,0
F1706,2024-03-11,Rural Market Yard,Rythu Colony,Krishna,Cotton,Bt Cotton,7.8,16,Auto,2,4,6,10:00-11:00,Monday,3,28,27,18.2,89.1,40.5,Medium,Rainy,0,25,Cancelled,0
F1707,2024-12-20,Cooperative Collection Centre,Lakshmi Nagar,Krishna,Cotton,NCS-145,19.05,39,Tractor,1,3,6,16:00-17:00,Friday,12,41,38,29.1,146.0,65.6,High,Clear,0,20,Completed,3
F1708,2024-12-23,Rural Market Yard,Kisanpur,Krishna,Paddy,BPT-5204,3.41,7,Mini Truck,3,5,9,16:00-17:00,Monday,12,24,22,13.3,72.2,31.4,Medium,Rainy,1,20,Completed,0
F1709,2025-12-09,Mandal Procurement Centre,Greenfield,Krishna,Maize,Pioneer-3396,2.0,4,Mini Truck,1,5,10,14:00-15:00,Tuesday,12,31,37,12.7,54.7,26.4,High,Rainy,0,25,Completed,0
F1710,2025-11-01,Mandal Procurement Centre,Rythu Colony,Krishna,Paddy,Sona Masuri,12.71,26,Mini Truck,1,3,5,09:00-10:00,Saturday,11,38,38,22.9,126.1,54.4,High,Rainy,0,20,Completed,2
F1711,2025-03-19,Rural Market Yard,Kisanpur,Krishna,Cotton,Bt Cotton,6.72,14,Tractor,1,4,5,11:00-12:00,Wednesday,3,17,18,15.1,61.0,30.4,Medium,Clear,1,25,Completed,0
F1712,2025-12-05,Cooperative Collection Centre,Kisanpur,Krishna,Cotton,Bt Cotton,3.59,8,Tractor,2,3,4,10:00-11:00,Friday,12,52,53,11.0,106.8,37.7,High,Cloudy,0,25,Completed,2
F1713,2025-08-23,Rural Market Yard,Kisanpur,Krishna,Paddy,BPT-5204,3.51,8,Auto,2,3,11,09:00-10:00,Saturday,8,36,37,12.6,96.3,36.7,High,Rainy,0,20,Cancelled,0
F1714,2025-09-09,Mandal Procurement Centre,Rythu Colony,Krishna,Cotton,Bt Cotton,4.3,9,Auto,2,3,11,16:00-17:00,Tuesday,9,23,20,12.8,67.8,29.8,Medium,Clear,0,20,Cancelled,0
F1715,2025-01-29,Rural Market Yard,Kisanpur,Krishna,Paddy,BPT-5204,10.27,21,Tractor,1,5,10,10:00-11:00,Wednesday,1,44,47,17.2,111.5,45.1,High,Clear,0,25,Completed,2
F1716,2025-05-14,Cooperative Collection Centre,Lakshmi Nagar,Krishna,Cotton,NCS-145,5.93,12,Tractor,2,2,12,12:00-13:00,Wednesday,5,23,23,12.1,74.4,30.7,Medium,Clear,0,20,Completed,0
F1717,2024-03-24,Rural Market Yard,Rythu Colony,Krishna,Maize,Pioneer-3396,9.45,19,Tractor,1,2,8,12:00-13:00,Sunday,3,28,28,20.4,100.7,45.6,High,Clear,0,20,Completed,1
F1718,2025-08-22,Cooperative Collection Centre,Greenfield,Krishna,Maize,DHM-117,10.88,22,Mini Truck,2,3,5,12:00-13:00,Friday,8,21,29,20.6,109.2,47.9,High,Cloudy,1,20,Completed,1
F1719,2025-09-07,Cooperative Collection Centre,Rythu Colony,Krishna,Cotton,Bt Cotton,8.57,18,Tractor,2,3,5,08:00-09:00,Sunday,9,45,43,20.3,137.6,54.7,High,Cloudy,0,20,Completed,2
F1720,2024-07-15,Mandal Procurement Centre,Kisanpur,Krishna,Cotton,NCS-145,10.33,21,Mini Truck,1,4,7,16:00-17:00,Monday,7,13,11,19.9,56.6,34.0,Medium,Rainy,0,20,Completed,0
F1721,2025-09-24,Rural Market Yard,Kisanpur,Krishna,Paddy,Sona Masuri,5.69,12,Mini Truck,1,4,7,16:00-17:00,Wednesday,9,16,18,14.2,43.4,25.0,Low,Clear,0,20,Completed,0
F1722,2024-03-12,Rural Market Yard,Kisanpur,Krishna,Maize,DHM-117,7.03,15,Tractor,2,2,11,15:00-16:00,Tuesday,3,24,18,15.2,72.0,33.2,Medium,Clear,0,25,Completed,0
F1723,2024-12-09,Rural Market Yard,Greenfield,Krishna,Maize,Pioneer-3396,4.59,10,Tractor,1,5,12,11:00-12:00,Monday,12,34,23,15.9,36.0,24.9,Low,Rainy,0,25,Completed,0
F1724,2024-03-24,Cooperative Collection Centre,Rythu Colony,Krishna,Paddy,Sona Masuri,9.14,19,Mini Truck,2,5,5,09:00-10:00,Sunday,3,37,40,20.5,132.5,53.6,High,Cloudy,0,20,Completed,2
F1725,2024-02-29,Rural Market Yard,Kisanpur,Krishna,Paddy,Sona Masuri,6.53,14,Tractor,1,2,6,14:00-15:00,Thursday,2,17,21,18.3,57.1,32.6,Medium,Clear,0,25,Completed,0
F1726,2024-08-08,Mandal Procurement Centre,Kisanpur,Krishna,Cotton,Bt Cotton,9.71,20,Tractor,3,4,6,11:00-12:00,Thursday,8,23,16,20.6,86.4,42.2,Medium,Rainy,0,25,Completed,1
F1727,2025-07-27,Cooperative Collection Centre,Kisanpur,Krishna,Cotton,Bt Cotton,8.21,17,Tractor,1,5,9,10:00-11:00,Sunday,7,32,29,15.5,64.3,31.6,Medium,Rainy,0,25,Completed,0
F1728,2025-01-28,Rural Market Yard,Greenfield,Krishna,Maize,DHM-117,11.06,23,Mini Truck,2,4,10,15:00-16:00,Tuesday,1,21,30,19.1,93.8,42.5,High,Rainy,0,25,Cancelled,1
F1729,2025-03-12,Mandal Procurement Centre,Kisanpur,Krishna,Maize,DHM-117,11.23,23,Mini Truck,1,2,12,16:00-17:00,Wednesday,3,5,3,20.9,55.2,34.7,Medium,Rainy,0,20,Cancelled,1
F1730,2024-03-24,Cooperative Collection Centre,Rythu Colony,Krishna,Cotton,Bt Cotton,8.47,17,Mini Truck,3,2,8,08:00-09:00,Sunday,3,35,32,19.9,125.9,51.4,High,Rainy,0,20,Completed,2
F1731,2024-09-20,Rural Market Yard,Lakshmi Nagar,Krishna,Cotton,NCS-145,7.65,16,Auto,2,3,9,09:00-10:00,Friday,9,39,39,17.3,115.7,46.2,High,Cloudy,0,20,Completed,2
F1732,2025-06-20,Cooperative Collection Centre,Lakshmi Nagar,Krishna,Maize,Pioneer-3396,13.32,27,Mini Truck,3,4,9,14:00-15:00,Friday,6,22,22,23.5,106.3,50.1,High,Rainy,0,25,Completed,1
F1733,2024-09-04,Rural Market Yard,Kisanpur,Krishna,Paddy,Sona Masuri,13.66,28,Mini Truck,3,4,11,09:00-10:00,Wednesday,9,19,27,22.7,108.0,49.7,High,Rainy,0,20,Completed,1
F1734,2024-08-11,Mandal Procurement Centre,Greenfield,Krishna,Paddy,BPT-5204,14.8,30,Auto,3,4,4,08:00-09:00,Sunday,8,31,34,25.5,132.1,58.5,High,Rainy,1,20,Completed,3
F1735,2025-07-04,Mandal Procurement Centre,Lakshmi Nagar,Krishna,Maize,DHM-117,5.15,11,Mini Truck,3,4,9,12:00-13:00,Friday,7,21,23,12.4,80.1,32.4,Medium,Cloudy,0,20,Cancelled,0
F1736,2024-02-02,Cooperative Collection Centre,Lakshmi Nagar,Krishna,Maize,Pioneer-3396,7.18,15,Tractor,1,4,10,11:00-12:00,Friday,2,17,22,17.8,66.8,34.5,Medium,Clear,0,25,Completed,0
F1737,2025-06-07,Mandal Procurement Centre,Rythu Colony,Krishna,Cotton,Bt Cotton,4.08,9,Mini Truck,1,2,8,09:00-10:00,Saturday,6,45,48,14.3,128.4,46.4,High,Cloudy,1,20,Completed,2
F1738,2025-11-14,Rural Market Yard,Greenfield,Krishna,Maize,Pioneer-3396,15.88,32,Tractor,1,3,7,16:00-17:00,Friday,11,35,31,29.3,115.1,58.1,High,Clear,0,20,Cancelled,3
F1739,2025-10-24,Mandal Procurement Centre,Lakshmi Nagar,Krishna,Paddy,BPT-5204,4.4,9,Mini Truck,1,2,10,10:00-11:00,Friday,10,49,52,14.4,116.9,43.6,High,Cloudy,0,25,Cancelled,2
F1740,2025-10-25,Mandal Procurement Centre,Greenfield,Krishna,Cotton,Bt Cotton,8.21,17,Mini Truck,3,2,6,10:00-11:00,Saturday,10,54,52,15.0,145.2,51.3,High,Clear,0,25,Cancelled,2
F1741,2025-06-27,Rural Market Yard,Lakshmi Nagar,Krishna,Paddy,Sona Masuri,12.36,25,Tractor,3,5,7,14:00-15:00,Friday,6,8,5,24.9,66.4,41.5,Medium,Rainy,0,25,Completed,1
F1742,2025-07-26,Cooperative Collection Centre,Kisanpur,Krishna,Maize,Pioneer-3396,9.27,19,Auto,1,5,12,09:00-10:00,Saturday,7,39,43,17.6,109.8,45.0,High,Clear,0,20,Completed,2
F1743,2025-12-07,Rural Market Yard,Rythu Colony,Krishna,Cotton,NCS-145,7.6,16,Mini Truck,2,3,5,08:00-09:00,Sunday,12,48,46,18.1,141.7,53.5,High,Clear,0,20,Cancelled,2
F1744,2025-04-02,Mandal Procurement Centre,Rythu Colony,Krishna,Paddy,BPT-5204,13.6,28,Mini Truck,3,4,5,14:00-15:00,Wednesday,4,19,18,22.6,97.9,47.1,High,Rainy,0,25,Completed,1
F1745,2024-02-08,Cooperative Collection Centre,Rythu Colony,Krishna,Maize,Pioneer-3396,5.33,11,Tractor,1,3,8,08:00-09:00,Thursday,2,37,39,13.6,96.3,37.7,High,Clear,0,20,Completed,2
F1746,2025-08-29,Mandal Procurement Centre,Rythu Colony,Krishna,Maize,Pioneer-3396,10.21,21,Tractor,3,5,6,09:00-10:00,Friday,8,33,43,21.0,140.9,56.2,High,Clear,0,20,Completed,2
F1747,2024-04-07,Rural Market Yard,Rythu Colony,Krishna,Maize,Pioneer-3396,12.92,26,Mini Truck,3,5,5,14:00-15:00,Sunday,4,26,22,24.5,100.4,49.6,High,Cloudy,0,25,Cancelled,1
F1748,2025-09-11,Mandal Procurement Centre,Lakshmi Nagar,Krishna,Cotton,NCS-145,4.94,10,Tractor,1,3,11,14:00-15:00,Thursday,9,27,21,12.4,47.1,24.2,Medium,Cloudy,0,25,Completed,0
F1749,2025-01-19,Cooperative Collection Centre,Kisanpur,Krishna,Paddy,Sona Masuri,11.85,24,Mini Truck,3,4,8,08:00-09:00,Sunday,1,57,59,21.7,180.1,66.7,High,Cloudy,0,20,Completed,2
F1750,2025-11-25,Rural Market Yard,Kisanpur,Krishna,Cotton,Bt Cotton,9.9,20,Tractor,2,3,9,15:00-16:00,Tuesday,11,25,30,20.1,92.7,43.3,High,Clear,0,25,Completed,1
F1751,2024-02-12,Cooperative Collection Centre,Kisanpur,Krishna,Paddy,Sona Masuri,15.32,31,Mini Truck,3,2,4,09:00-10:00,Monday,2,32,31,27.3,165.0,68.5,High,Clear,0,20,Completed,3
F1752,2024-07-03,Rural Market Yard,Rythu Colony,Krishna,Maize,DHM-117,2.6,6,Auto,1,4,6,09:00-10:00,Wednesday,7,41,37,8.7,101.4,34.0,High,Clear,0,20,Completed,0
F1753,2025-06-27,Cooperative Collection Centre,Greenfield,Krishna,Cotton,Bt Cotton,3.78,8,Auto,2,5,4,09:00-10:00,Friday,6,31,31,17.9,83.5,38.8,High,Cloudy,0,20,Completed,0
F1754,2024-03-12,Mandal Procurement Centre,Greenfield,Krishna,Paddy,Sona Masuri,12.16,25,Tractor,2,2,8,14:00-15:00,Tuesday,3,13,16,22.2,85.0,43.5,Medium,Rainy,0,25,Completed,1
F1755,2025-05-11,Mandal Procurement Centre,Greenfield,Krishna,Paddy,BPT-5204,8.27,17,Mini Truck,1,3,9,09:00-10:00,Sunday,5,48,52,20.5,153.1,58.8,High,Clear,0,20,Completed,2
F1756,2024-04-27,Rural Market Yard,Kisanpur,Krishna,Paddy,BPT-5204,4.71,10,Auto,3,4,7,15:00-16:00,Saturday,4,26,23,14.0,84.5,35.1,Medium,Cloudy,0,25,Completed,0
F1757,2024-07-28,Cooperative Collection Centre,Greenfield,Krishna,Cotton,NCS-145,7.03,15,Tractor,1,3,8,16:00-17:00,Sunday,7,24,25,20.1,85.9,41.6,Medium,Clear,0,20,Completed,0
F1758,2025-07-09,Rural Market Yard,Kisanpur,Krishna,Paddy,Sona Masuri,11.18,23,Tractor,1,5,10,10:00-11:00,Wednesday,7,33,31,19.7,75.8,38.6,Medium,Clear,0,25,Cancelled,1
F1759,2025-09-13,Cooperative Collection Centre,Rythu Colony,Krishna,Paddy,BPT-5204,6.84,14,Tractor,3,4,5,11:00-12:00,Saturday,9,27,28,16.4,86.4,38.0,Medium,Cloudy,0,25,Completed,0
F1760,2025-04-17,Cooperative Collection Centre,Rythu Colony,Krishna,Maize,Pioneer-3396,8.49,17,Tractor,2,4,6,10:00-11:00,Thursday,4,25,25,18.4,78.8,38.1,Medium,Clear,0,25,Completed,0
F1761,2024-03-01,Cooperative Collection Centre,Kisanpur,Krishna,Paddy,BPT-5204,8.14,17,Auto,2,4,10,10:00-11:00,Friday,3,32,32,19.2,72.6,37.3,Medium,Clear,0,25,Completed,0
F1762,2024-04-02,Cooperative Collection Centre,Lakshmi Nagar,Krishna,Paddy,BPT-5204,6.06,13,Mini Truck,3,4,9,09:00-10:00,Tuesday,4,36,29,16.3,90.2,38.9,High,Clear,0,20,Cancelled,0
F1763,2025-09-04,Cooperative Collection Centre,Lakshmi Nagar,Krishna,Paddy,BPT-5204,8.26,17,Tractor,1,5,4,09:00-10:00,Thursday,9,31,32,18.5,97.8,43.0,High,Clear,0,20,Cancelled,2
F1764,2025-01-21,Cooperative Collection Centre,Rythu Colony,Krishna,Maize,DHM-117,8.87,18,Tractor,1,3,8,12:00-13:00,Tuesday,1,32,28,19.6,86.8,41.3,High,Clear,0,20,Completed,0
F1765,2024-08-25,Cooperative Collection Centre,Lakshmi Nagar,Krishna,Maize,DHM-117,20.26,41,Auto,2,5,9,11:00-12:00,Sunday,8,19,11,34.1,76.3,53.2,Medium,Clear,0,25,Completed,1
F1766,2025-01-01,Cooperative Collection Centre,Rythu Colony,Krishna,Maize,Pioneer-3396,24.23,49,Auto,1,5,7,10:00-11:00,Wednesday,1,46,39,39.1,152.6,77.2,High,Clear,0,25,Completed,3
F1767,2024-04-28,Mandal Procurement Centre,Lakshmi Nagar,Krishna,Maize,Pioneer-3396,13.84,28,Auto,3,2,9,09:00-10:00,Sunday,4,38,45,25.7,168.8,67.9,High,Clear,0,20,Completed,3
F1768,2024-09-09,Rural Market Yard,Rythu Colony,Krishna,Paddy,Sona Masuri,16.12,33,Auto,2,2,5,10:00-11:00,Monday,9,31,29,28.2,121.6,58.6,High,Cloudy,0,25,Cancelled,3
F1769,2025-05-04,Mandal Procurement Centre,Greenfield,Krishna,Maize,DHM-117,11.03,23,Tractor,1,3,10,10:00-11:00,Sunday,5,38,42,19.9,109.0,47.1,High,Clear,0,25,Completed,2
F1770,2024-11-14,Cooperative Collection Centre,Kisanpur,Krishna,Paddy,BPT-5204,8.54,18,Tractor,2,5,12,08:00-09:00,Thursday,11,45,42,22.4,121.4,52.8,High,Clear,0,20,Completed,2
F1771,2025-02-02,Rural Market Yard,Kisanpur,Krishna,Cotton,NCS-145,7.9,16,Auto,2,5,5,16:00-17:00,Sunday,2,26,22,15.1,68.6,32.2,Medium,Clear,0,20,Cancelled,0
F1772,2025-10-22,Rural Market Yard,Rythu Colony,Krishna,Paddy,Sona Masuri,21.22,43,Tractor,1,4,8,12:00-13:00,Wednesday,10,42,34,34.9,130.3,67.5,High,Clear,0,20,Completed,3
F1773,2024-09-11,Cooperative Collection Centre,Greenfield,Krishna,Cotton,Bt Cotton,15.0,30,Mini Truck,1,2,10,10:00-11:00,Wednesday,9,34,34,26.0,111.6,53.9,High,Cloudy,0,25,Completed,1
F1774,2025-06-20,Mandal Procurement Centre,Greenfield,Krishna,Paddy,Sona Masuri,9.45,19,Mini Truck,2,3,7,11:00-12:00,Friday,6,22,23,20.6,94.1,44.1,High,Clear,0,25,Cancelled,1
F1775,2025-01-19,Rural Market Yard,Greenfield,Krishna,Cotton,NCS-145,4.84,10,Mini Truck,3,3,11,08:00-09:00,Sunday,1,50,47,15.4,132.9,48.6,High,Cloudy,0,20,Cancelled,2
F1776,2024-02-18,Cooperative Collection Centre,Kisanpur,Krishna,Paddy,BPT-5204,18.51,38,Tractor,2,4,6,14:00-15:00,Sunday,2,23,22,33.8,116.0,62.8,High,Clear,0,25,Completed,3
F1777,2025-02-07,Rural Market Yard,Rythu Colony,Krishna,Maize,DHM-117,11.64,24,Auto,2,2,10,09:00-10:00,Friday,2,37,35,20.1,118.8,49.8,High,Clear,0,20,Completed,2
F1778,2024-07-04,Cooperative Collection Centre,Lakshmi Nagar,Krishna,Maize,Pioneer-3396,7.98,16,Tractor,2,4,12,12:00-13:00,Thursday,7,5,3,16.6,27.0,23.4,Low,Rainy,0,20,Completed,0
F1779,2024-11-05,Cooperative Collection Centre,Greenfield,Krishna,Paddy,BPT-5204,5.75,12,Tractor,3,4,9,11:00-12:00,Tuesday,11,32,29,15.0,93.8,38.5,High,Cloudy,0,25,Completed,0
F1780,2024-10-21,Cooperative Collection Centre,Greenfield,Krishna,Maize,Pioneer-3396,7.63,16,Auto,3,3,10,09:00-10:00,Monday,10,48,40,20.6,134.7,54.3,High,Cloudy,0,20,Completed,2
F1781,2024-09-26,Cooperative Collection Centre,Kisanpur,Krishna,Cotton,NCS-145,10.46,21,Mini Truck,1,3,6,14:00-15:00,Thursday,9,10,5,20.8,36.7,30.0,Low,Rainy,0,25,Completed,0
F1782,2024-09-09,Cooperative Collection Centre,Greenfield,Krishna,Cotton,NCS-145,11.26,23,Auto,1,3,12,15:00-16:00,Monday,9,13,14,22.7,70.8,40.4,Medium,Clear,0,25,Completed,1
F1783,2024-03-02,Mandal Procurement Centre,Kisanpur,Krishna,Paddy,Sona Masuri,11.76,24,Tractor,1,3,8,11:00-12:00,Saturday,3,23,25,24.7,81.3,45.0,Medium,Clear,0,25,Cancelled,1
F1784,2025-01-07,Cooperative Collection Centre,Lakshmi Nagar,Krishna,Paddy,Sona Masuri,5.93,12,Tractor,1,2,11,08:00-09:00,Tuesday,1,49,49,15.8,135.4,49.7,High,Clear,0,20,Completed,2
F1785,2025-01-27,Mandal Procurement Centre,Lakshmi Nagar,Krishna,Maize,DHM-117,9.0,18,Tractor,3,4,8,15:00-16:00,Monday,1,32,27,20.6,114.9,49.3,High,Clear,1,25,Completed,1
F1786,2024-05-22,Cooperative Collection Centre,Kisanpur,Krishna,Cotton,NCS-145,14.96,30,Tractor,2,3,6,11:00-12:00,Wednesday,5,7,8,27.4,84.3,48.5,Medium,Rainy,0,25,Completed,1
F1787,2025-05-13,Mandal Procurement Centre,Kisanpur,Krishna,Maize,DHM-117,9.28,19,Auto,1,2,6,15:00-16:00,Tuesday,5,24,20,20.8,74.6,39.5,Medium,Clear,0,25,Completed,1
F1788,2024-12-07,Rural Market Yard,Rythu Colony,Krishna,Paddy,BPT-5204,11.21,23,Auto,1,3,5,09:00-10:00,Saturday,12,48,45,21.5,135.7,55.4,High,Clear,0,20,Cancelled,2
F1789,2025-05-21,Cooperative Collection Centre,Rythu Colony,Krishna,Cotton,Bt Cotton,10.12,21,Mini Truck,1,3,5,08:00-09:00,Wednesday,5,39,41,20.3,131.9,53.3,High,Clear,0,20,Completed,2
F1790,2024-02-07,Cooperative Collection Centre,Lakshmi Nagar,Krishna,Paddy,Sona Masuri,2.82,6,Tractor,2,2,4,09:00-10:00,Wednesday,2,38,41,14.8,115.7,43.7,High,Clear,0,20,Cancelled,2
F1791,2025-12-05,Mandal Procurement Centre,Rythu Colony,Krishna,Paddy,Sona Masuri,13.51,28,Tractor,1,3,4,09:00-10:00,Friday,12,48,48,23.0,168.2,65.0,High,Cloudy,0,20,Cancelled,3
F1792,2024-10-26,Mandal Procurement Centre,Lakshmi Nagar,Krishna,Paddy,Sona Masuri,19.23,39,Tractor,3,5,8,11:00-12:00,Saturday,10,32,34,27.1,136.4,61.2,High,Cloudy,0,25,Cancelled,3
F1793,2024-08-02,Mandal Procurement Centre,Lakshmi Nagar,Krishna,Cotton,Bt Cotton,17.47,35,Tractor,3,5,10,09:00-10:00,Friday,8,39,29,29.7,112.8,57.9,High,Cloudy,0,20,Completed,3
F1794,2025-12-25,Rural Market Yard,Lakshmi Nagar,Krishna,Paddy,BPT-5204,10.42,21,Auto,1,5,12,10:00-11:00,Thursday,12,46,45,18.8,93.7,42.2,High,Clear,0,25,Completed,2
F1795,2025-02-05,Mandal Procurement Centre,Rythu Colony,Krishna,Paddy,BPT-5204,18.95,38,Auto,2,3,7,10:00-11:00,Wednesday,2,37,31,28.7,142.3,64.3,High,Clear,0,25,Cancelled,3
F1796,2025-10-01,Rural Market Yard,Rythu Colony,Krishna,Maize,Pioneer-3396,12.12,25,Mini Truck,2,3,12,15:00-16:00,Wednesday,10,31,31,25.2,100.0,50.2,High,Cloudy,0,25,Cancelled,1
F1797,2025-04-29,Rural Market Yard,Kisanpur,Krishna,Paddy,BPT-5204,4.63,10,Mini Truck,3,5,6,11:00-12:00,Tuesday,4,21,18,14.5,60.4,29.6,Medium,Clear,0,25,Completed,0
F1798,2025-04-10,Cooperative Collection Centre,Greenfield,Krishna,Paddy,Sona Masuri,6.65,14,Tractor,3,4,9,09:00-10:00,Thursday,4,25,22,13.6,80.7,33.8,Medium,Clear,1,20,Completed,0
F1799,2025-08-17,Cooperative Collection Centre,Greenfield,Krishna,Maize,DHM-117,7.73,16,Tractor,3,3,8,14:00-15:00,Sunday,8,25,25,18.6,71.4,36.5,Medium,Clear,0,25,Completed,0
F1800,2025-07-18,Cooperative Collection Centre,Lakshmi Nagar,Krishna,Paddy,Sona Masuri,12.01,25,Tractor,3,2,5,11:00-12:00,Friday,7,15,18,23.7,94.2,47.2,High,Clear,0,25,Completed,1
F1801,2024-10-27,Mandal Procurement Centre,Lakshmi Nagar,Krishna,Paddy,BPT-5204,16.61,34,Tractor,2,5,10,12:00-13:00,Sunday,10,43,44,25.7,143.7,61.6,High,Clear,0,20,Completed,3
F1802,2025-07-24,Rural Market Yard,Kisanpur,Krishna,Cotton,Bt Cotton,9.2,19,Mini Truck,3,3,6,14:00-15:00,Thursday,7,14,19,21.1,102.5,46.7,High,Clear,0,25,Completed,1
F1803,2024-10-16,Mandal Procurement Centre,Rythu Colony,Krishna,Maize,Pioneer-3396,8.9,18,Tractor,2,5,10,09:00-10:00,Wednesday,10,51,51,18.3,145.7,54.7,High,Clear,0,20,Cancelled,2
F1804,2024-11-15,Cooperative Collection Centre,Rythu Colony,Krishna,Maize,Pioneer-3396,7.22,15,Auto,2,3,4,12:00-13:00,Friday,11,46,44,15.8,137.8,50.2,High,Clear,0,20,Completed,2
F1805,2024-07-05,Mandal Procurement Centre,Kisanpur,Krishna,Cotton,Bt Cotton,17.33,35,Tractor,2,4,8,12:00-13:00,Friday,7,17,21,28.6,115.8,57.5,High,Clear,0,20,Completed,1
F1806,2024-11-22,Cooperative Collection Centre,Greenfield,Krishna,Cotton,Bt Cotton,6.15,13,Mini Truck,1,4,4,16:00-17:00,Friday,11,31,31,12.0,92.3,35.1,High,Clear,0,20,Completed,0
F1807,2024-09-23,Cooperative Collection Centre,Greenfield,Krishna,Cotton,NCS-145,7.84,16,Mini Truck,2,4,11,10:00-11:00,Monday,9,27,25,18.1,67.5,35.0,Medium,Rainy,0,25,Cancelled,0
F1808,2025-08-07,Cooperative Collection Centre,Rythu Colony,Krishna,Maize,DHM-117,5.15,11,Mini Truck,2,2,12,11:00-12:00,Thursday,8,16,12,13.7,42.3,24.3,Low,Clear,0,25,Completed,0
F1809,2024-02-26,Cooperative Collection Centre,Lakshmi Nagar,Krishna,Maize,DHM-117,4.2,9,Auto,1,5,12,08:00-09:00,Monday,2,30,27,5.8,62.2,21.4,Medium,Clear,0,20,Completed,0
F1810,2025-03-24,Rural Market Yard,Rythu Colony,Krishna,Maize,DHM-117,7.51,16,Tractor,3,5,4,11:00-12:00,Monday,3,23,20,20.4,83.7,41.3,Medium,Cloudy,0,25,Completed,0
F1811,2024-07-27,Mandal Procurement Centre,Rythu Colony,Krishna,Paddy,BPT-5204,8.63,18,Mini Truck,1,2,8,15:00-16:00,Saturday,7,19,19,18.4,72.6,36.5,Medium,Cloudy,1,25,Completed,0
F1812,2025-04-11,Cooperative Collection Centre,Greenfield,Krishna,Maize,Pioneer-3396,7.58,16,Auto,2,2,9,10:00-11:00,Friday,4,47,49,16.0,125.1,47.3,High,Cloudy,0,25,Completed,2
F1813,2024-03-17,Cooperative Collection Centre,Lakshmi Nagar,Krishna,Maize,DHM-117,12.07,25,Tractor,1,3,6,11:00-12:00,Sunday,3,18,20,20.8,83.4,41.7,Medium,Cloudy,0,25,Cancelled,1
F1814,2024-08-11,Rural Market Yard,Rythu Colony,Krishna,Maize,Pioneer-3396,4.11,9,Tractor,3,4,7,08:00-09:00,Sunday,8,35,34,17.9,105.8,44.3,High,Rainy,0,20,Completed,2
F1815,2025-05-26,Mandal Procurement Centre,Kisanpur,Krishna,Paddy,BPT-5204,10.6,22,Mini Truck,3,3,10,09:00-10:00,Monday,5,30,29,23.0,115.6,51.9,High,Cloudy,0,20,Completed,1
F1816,2024-12-16,Rural Market Yard,Lakshmi Nagar,Krishna,Paddy,Sona Masuri,10.35,21,Tractor,2,2,11,14:00-15:00,Monday,12,33,31,21.1,97.7,45.5,High,Clear,0,25,Completed,1
F1817,2025-12-08,Rural Market Yard,Greenfield,Krishna,Maize,Pioneer-3396,3.03,7,Tractor,3,5,11,11:00-12:00,Monday,12,37,35,11.5,70.9,29.2,High,Cloudy,0,25,Completed,0
F1818,2025-10-16,Cooperative Collection Centre,Lakshmi Nagar,Krishna,Paddy,BPT-5204,11.59,24,Tractor,1,3,5,15:00-16:00,Thursday,10,31,32,19.6,103.4,45.5,High,Cloudy,0,25,Completed,1
F1819,2024-07-26,Rural Market Yard,Kisanpur,Krishna,Cotton,NCS-145,7.41,15,Tractor,3,2,5,11:00-12:00,Friday,7,21,24,17.1,93.1,40.4,High,Clear,0,25,Cancelled,0
F1820,2024-02-29,Cooperative Collection Centre,Kisanpur,Krishna,Maize,Pioneer-3396,11.7,24,Auto,3,2,11,10:00-11:00,Thursday,2,41,44,21.9,136.3,56.0,High,Cloudy,0,25,Completed,2
F1821,2025-09-29,Cooperative Collection Centre,Rythu Colony,Krishna,Maize,Pioneer-3396,4.23,9,Tractor,2,2,4,12:00-13:00,Monday,9,14,13,13.0,69.2,30.3,Medium,Rainy,1,20,Cancelled,0
F1822,2025-01-23,Mandal Procurement Centre,Kisanpur,Krishna,Maize,Pioneer-3396,11.03,23,Mini Truck,3,5,8,08:00-09:00,Thursday,1,35,38,24.3,132.7,57.5,High,Cloudy,0,20,Cancelled,2
F1823,2024-08-03,Rural Market Yard,Kisanpur,Krishna,Cotton,Bt Cotton,7.67,16,Mini Truck,1,2,7,10:00-11:00,Saturday,8,36,37,14.7,99.7,39.6,High,Clear,0,25,Completed,2
F1824,2024-02-15,Rural Market Yard,Greenfield,Krishna,Cotton,NCS-145,12.54,26,Tractor,1,3,6,09:00-10:00,Thursday,2,38,42,23.7,141.1,59.0,High,Clear,0,20,Cancelled,2
F1825,2024-09-06,Cooperative Collection Centre,Greenfield,Krishna,Paddy,Sona Masuri,14.58,30,Auto,1,2,12,14:00-15:00,Friday,9,26,21,24.0,87.1,45.8,Medium,Clear,1,25,Completed,1
F1826,2025-04-08,Mandal Procurement Centre,Lakshmi Nagar,Krishna,Cotton,Bt Cotton,18.15,37,Tractor,1,5,10,14:00-15:00,Tuesday,4,26,20,27.2,93.7,50.6,High,Clear,1,25,Completed,1
F1827,2025-02-07,Cooperative Collection Centre,Rythu Colony,Krishna,Maize,Pioneer-3396,6.21,13,Tractor,2,2,9,11:00-12:00,Friday,2,27,36,17.5,99.5,42.4,High,Clear,0,25,Completed,2
F1828,2025-11-27,Mandal Procurement Centre,Rythu Colony,Krishna,Maize,Pioneer-3396,9.85,20,Mini Truck,1,4,7,12:00-13:00,Thursday,11,36,36,23.5,135.4,57.4,High,Clear,1,20,Completed,2
F1829,2024-12-29,Rural Market Yard,Lakshmi Nagar,Krishna,Paddy,Sona Masuri,19.49,39,Tractor,3,3,10,10:00-11:00,Sunday,12,59,61,31.4,197.1,80.7,High,Clear,0,25,Completed,3
F1830,2025-10-28,Mandal Procurement Centre,Rythu Colony,Krishna,Paddy,Sona Masuri,6.04,13,Tractor,1,4,9,14:00-15:00,Tuesday,10,32,33,14.6,80.8,34.8,Medium,Clear,0,25,Cancelled,0
F1831,2025-09-30,Rural Market Yard,Lakshmi Nagar,Krishna,Cotton,Bt Cotton,2.58,6,Mini Truck,1,5,5,09:00-10:00,Tuesday,9,35,35,11.1,84.0,32.1,High,Clear,0,20,Completed,0
F1832,2024-07-22,Cooperative Collection Centre,Kisanpur,Krishna,Paddy,BPT-5204,7.7,16,Tractor,3,5,12,08:00-09:00,Monday,7,21,18,16.7,60.4,31.8,Medium,Rainy,0,20,Cancelled,0
F1833,2024-06-10,Cooperative Collection Centre,Rythu Colony,Krishna,Cotton,Bt Cotton,6.94,14,Tractor,3,4,7,08:00-09:00,Monday,6,28,35,16.4,118.9,46.1,High,Clear,0,20,Completed,2
F1834,2025-08-25,Cooperative Collection Centre,Rythu Colony,Krishna,Maize,Pioneer-3396,12.16,25,Tractor,1,3,9,11:00-12:00,Monday,8,20,14,22.1,90.8,44.8,High,Rainy,0,25,Completed,1
F1835,2024-07-24,Rural Market Yard,Kisanpur,Krishna,Maize,DHM-117,14.51,30,Mini Truck,2,5,7,15:00-16:00,Wednesday,7,22,22,24.0,78.7,43.7,Medium,Clear,0,25,Cancelled,1
F1836,2024-06-08,Cooperative Collection Centre,Rythu Colony,Krishna,Cotton,Bt Cotton,7.31,15,Auto,2,2,6,14:00-15:00,Saturday,6,25,17,16.6,65.3,32.9,Medium,Clear,0,25,Completed,0
F1837,2024-12-02,Mandal Procurement Centre,Lakshmi Nagar,Krishna,Maize,DHM-117,8.25,17,Tractor,2,5,11,14:00-15:00,Monday,12,37,34,20.6,100.9,45.8,High,Clear,0,25,Completed,2
F1838,2024-09-06,Cooperative Collection Centre,Kisanpur,Krishna,Maize,Pioneer-3396,5.04,11,Auto,3,4,9,15:00-16:00,Friday,9,15,24,9.9,61.8,25.4,Medium,Clear,0,25,Completed,0
F1839,2024-07-11,Mandal Procurement Centre,Kisanpur,Krishna,Cotton,NCS-145,4.49,9,Tractor,1,4,9,08:00-09:00,Thursday,7,38,43,12.9,113.9,41.4,High,Clear,0,20,Completed,2
F1840,2025-07-31,Mandal Procurement Centre,Kisanpur,Krishna,Maize,DHM-117,9.25,19,Tractor,1,5,8,08:00-09:00,Thursday,7,43,39,18.0,105.2,44.3,High,Clear,0,20,Completed,2
F1841,2025-08-27,Mandal Procurement Centre,Rythu Colony,Krishna,Paddy,BPT-5204,8.19,17,Tractor,1,2,11,10:00-11:00,Wednesday,8,30,27,15.3,86.7,37.0,Medium,Rainy,0,25,Completed,0
F1842,2024-03-24,Mandal Procurement Centre,Rythu Colony,Krishna,Maize,DHM-117,10.01,21,Tractor,1,5,10,08:00-09:00,Sunday,3,41,43,17.5,117.7,46.9,High,Cloudy,0,20,Completed,2
F1843,2025-01-08,Cooperative Collection Centre,Greenfield,Krishna,Cotton,NCS-145,13.89,28,Tractor,1,4,10,08:00-09:00,Wednesday,1,47,39,22.7,130.5,55.3,High,Clear,0,20,Completed,2
F1844,2025-11-17,Cooperative Collection Centre,Greenfield,Krishna,Paddy,Sona Masuri,8.2,17,Tractor,3,4,8,10:00-11:00,Monday,11,35,37,18.1,111.2,45.9,High,Rainy,0,25,Completed,2
F1845,2024-03-22,Rural Market Yard,Greenfield,Krishna,Cotton,NCS-145,13.08,27,Auto,2,4,7,11:00-12:00,Friday,3,28,27,23.9,85.6,45.3,Medium,Cloudy,0,25,Cancelled,1
F1846,2025-02-03,Rural Market Yard,Greenfield,Krishna,Paddy,Sona Masuri,7.49,15,Tractor,1,4,4,08:00-09:00,Monday,2,25,22,13.1,65.2,29.4,Medium,Rainy,0,20,Cancelled,0
F1847,2025-10-17,Cooperative Collection Centre,Lakshmi Nagar,Krishna,Maize,DHM-117,10.27,21,Auto,3,4,10,08:00-09:00,Friday,10,48,49,17.4,151.7,55.3,High,Clear,0,20,Cancelled,2
F1848,2025-07-26,Mandal Procurement Centre,Rythu Colony,Krishna,Paddy,BPT-5204,10.21,21,Mini Truck,1,2,9,15:00-16:00,Saturday,7,14,15,24.9,83.9,45.9,Medium,Rainy,0,25,Completed,1
F1849,2024-08-14,Rural Market Yard,Rythu Colony,Krishna,Maize,DHM-117,9.76,20,Mini Truck,3,5,11,14:00-15:00,Wednesday,8,32,36,19.2,106.4,45.8,High,Clear,0,25,Cancelled,2
F1850,2024-03-21,Rural Market Yard,Kisanpur,Krishna,Cotton,Bt Cotton,10.08,21,Mini Truck,2,2,6,16:00-17:00,Thursday,3,15,10,20.3,72.6,38.5,Medium,Clear,0,20,Completed,1
F1851,2025-04-08,Cooperative Collection Centre,Rythu Colony,Krishna,Maize,DHM-117,18.87,38,Auto,1,5,8,15:00-16:00,Tuesday,4,19,14,30.5,82.4,51.1,Medium,Clear,0,25,Completed,1
F1852,2024-01-25,Rural Market Yard,Rythu Colony,Krishna,Paddy,Sona Masuri,15.53,32,Tractor,2,5,12,11:00-12:00,Thursday,1,29,21,26.9,89.4,49.2,Medium,Clear,0,25,Completed,1
F1853,2024-10-12,Rural Market Yard,Greenfield,Krishna,Maize,DHM-117,8.02,17,Mini Truck,2,4,7,08:00-09:00,Saturday,10,49,41,16.9,132.9,50.1,High,Clear,0,20,Completed,2
F1854,2025-04-14,Cooperative Collection Centre,Lakshmi Nagar,Krishna,Cotton,Bt Cotton,10.03,21,Tractor,3,3,7,09:00-10:00,Monday,4,42,37,20.8,150.5,58.4,High,Cloudy,0,20,Completed,2
F1855,2024-05-22,Mandal Procurement Centre,Greenfield,Krishna,Paddy,BPT-5204,8.81,18,Tractor,3,5,5,14:00-15:00,Wednesday,5,22,12,17.8,72.5,35.9,Medium,Cloudy,0,25,Completed,0
F1856,2025-07-22,Cooperative Collection Centre,Rythu Colony,Krishna,Maize,DHM-117,9.8,20,Auto,3,5,10,08:00-09:00,Tuesday,7,33,37,20.7,119.4,50.5,High,Rainy,0,20,Completed,2
F1857,2024-03-27,Mandal Procurement Centre,Greenfield,Krishna,Cotton,Bt Cotton,11.01,23,Mini Truck,1,5,6,08:00-09:00,Wednesday,3,25,21,20.2,81.1,40.5,Medium,Rainy,0,20,Cancelled,1
F1858,2025-09-16,Rural Market Yard,Kisanpur,Krishna,Cotton,Bt Cotton,13.29,27,Tractor,3,4,6,08:00-09:00,Tuesday,9,33,38,21.6,140.8,56.8,High,Clear,0,20,Completed,2
F1859,2024-03-24,Mandal Procurement Centre,Kisanpur,Krishna,Maize,Pioneer-3396,4.62,10,Mini Truck,1,5,8,15:00-16:00,Sunday,3,26,30,17.9,61.2,33.2,Medium,Cloudy,0,25,Cancelled,0
F1860,2024-03-13,Cooperative Collection Centre,Kisanpur,Krishna,Cotton,Bt Cotton,15.15,31,Auto,3,5,4,09:00-10:00,Wednesday,3,31,27,28.9,118.4,58.5,High,Clear,0,20,Completed,1
F1861,2025-11-20,Rural Market Yard,Greenfield,Krishna,Paddy,Sona Masuri,6.8,14,Mini Truck,1,3,4,09:00-10:00,Thursday,11,49,44,17.2,126.4,48.8,High,Cloudy,0,20,Cancelled,2
F1862,2025-03-02,Rural Market Yard,Kisanpur,Krishna,Maize,Pioneer-3396,5.27,11,Tractor,3,4,5,11:00-12:00,Sunday,3,15,11,14.5,52.4,27.6,Medium,Rainy,0,25,Cancelled,0
F1863,2025-03-31,Rural Market Yard,Lakshmi Nagar,Krishna,Paddy,BPT-5204,7.67,16,Auto,1,5,8,14:00-15:00,Monday,3,16,12,18.6,49.6,31.0,Medium,Cloudy,0,25,Completed,0
F1864,2024-07-21,Rural Market Yard,Lakshmi Nagar,Krishna,Paddy,Sona Masuri,12.8,26,Mini Truck,1,3,8,11:00-12:00,Sunday,7,12,7,23.9,63.2,39.7,Medium,Rainy,0,25,Completed,1
F1865,2025-01-14,Rural Market Yard,Greenfield,Krishna,Cotton,NCS-145,16.03,33,Tractor,1,5,6,08:00-09:00,Tuesday,1,50,48,25.6,161.6,66.0,High,Cloudy,0,20,Cancelled,3
F1866,2025-03-14,Cooperative Collection Centre,Rythu Colony,Krishna,Paddy,Sona Masuri,4.66,10,Mini Truck,1,5,5,08:00-09:00,Friday,3,37,39,15.8,99.9,40.8,High,Clear,0,20,Cancelled,2
F1867,2024-02-24,Rural Market Yard,Kisanpur,Krishna,Cotton,NCS-145,6.12,13,Tractor,2,5,6,16:00-17:00,Saturday,2,29,32,10.8,91.0,33.5,High,Clear,0,20,Completed,0
F1868,2024-02-09,Mandal Procurement Centre,Greenfield,Krishna,Maize,Pioneer-3396,14.6,30,Mini Truck,2,4,10,08:00-09:00,Friday,2,38,33,27.0,144.1,63.0,High,Cloudy,0,20,Completed,3
F1869,2024-01-06,Cooperative Collection Centre,Kisanpur,Krishna,Maize,DHM-117,4.04,9,Tractor,1,2,12,08:00-09:00,Saturday,1,49,48,14.8,130.5,47.4,High,Clear,0,20,Completed,2
F1870,2024-05-29,Mandal Procurement Centre,Greenfield,Krishna,Maize,DHM-117,3.7,8,Tractor,1,4,5,11:00-12:00,Wednesday,5,15,9,15.5,32.2,23.6,Low,Clear,0,25,Completed,0
F1871,2025-08-31,Rural Market Yard,Lakshmi Nagar,Krishna,Paddy,BPT-5204,7.02,15,Mini Truck,2,4,9,15:00-16:00,Sunday,8,18,19,16.1,62.8,31.8,Medium,Clear,0,25,Cancelled,0
F1872,2025-03-16,Cooperative Collection Centre,Lakshmi Nagar,Krishna,Cotton,NCS-145,7.7,16,Tractor,2,5,9,16:00-17:00,Sunday,3,25,26,18.0,102.6,43.6,High,Cloudy,0,20,Completed,0
F1873,2025-05-12,Rural Market Yard,Greenfield,Krishna,Maize,DHM-117,4.29,9,Tractor,1,3,9,15:00-16:00,Monday,5,25,27,10.3,61.5,25.7,Medium,Clear,0,25,Completed,0
F1874,2025-04-21,Cooperative Collection Centre,Kisanpur,Krishna,Paddy,BPT-5204,15.88,32,Mini Truck,2,3,6,15:00-16:00,Monday,4,22,20,28.5,113.9,57.0,High,Clear,1,25,Cancelled,1
F1875,2025-12-17,Rural Market Yard,Kisanpur,Krishna,Cotton,Bt Cotton,9.03,19,Mini Truck,2,3,4,10:00-11:00,Wednesday,12,53,53,17.6,134.0,51.1,High,Clear,0,25,Completed,2
F1876,2025-02-27,Rural Market Yard,Kisanpur,Krishna,Maize,Pioneer-3396,7.79,16,Mini Truck,1,3,7,12:00-13:00,Thursday,2,29,29,17.2,82.0,37.7,High,Cloudy,0,20,Cancelled,0
F1877,2024-01-13,Rural Market Yard,Greenfield,Krishna,Maize,Pioneer-3396,3.1,7,Tractor,3,3,7,11:00-12:00,Saturday,1,34,38,10.3,88.0,32.3,High,Cloudy,0,25,Completed,0
F1878,2024-03-23,Rural Market Yard,Lakshmi Nagar,Krishna,Maize,DHM-117,6.59,14,Tractor,1,3,5,10:00-11:00,Saturday,3,37,31,16.8,107.2,43.6,High,Clear,0,25,Completed,2
F1879,2025-03-13,Rural Market Yard,Rythu Colony,Krishna,Cotton,NCS-145,11.54,24,Mini Truck,1,2,9,10:00-11:00,Thursday,3,31,28,23.1,119.6,53.0,High,Clear,0,25,Cancelled,1
F1880,2025-10-06,Cooperative Collection Centre,Rythu Colony,Krishna,Cotton,Bt Cotton,6.76,14,Mini Truck,3,4,6,14:00-15:00,Monday,10,38,35,19.0,115.2,47.8,High,Clear,0,25,Cancelled,2
F1881,2025-11-20,Rural Market Yard,Kisanpur,Krishna,Paddy,Sona Masuri,6.57,14,Mini Truck,3,2,12,15:00-16:00,Thursday,11,34,32,15.7,87.6,37.6,Medium,Clear,0,25,Completed,0
F1882,2024-08-19,Mandal Procurement Centre,Rythu Colony,Krishna,Maize,Pioneer-3396,5.72,12,Mini Truck,3,2,11,08:00-09:00,Monday,8,22,22,14.9,82.7,35.6,Medium,Clear,0,20,Cancelled,0
F1883,2025-12-05,Rural Market Yard,Lakshmi Nagar,Krishna,Paddy,BPT-5204,2.61,6,Tractor,2,2,6,12:00-13:00,Friday,12,23,15,11.8,64.1,27.8,Medium,Rainy,0,20,Completed,0
F1884,2025-04-28,Rural Market Yard,Rythu Colony,Krishna,Maize,DHM-117,4.31,9,Mini Truck,2,5,4,10:00-11:00,Monday,4,32,34,13.2,82.1,33.7,High,Clear,0,25,Completed,0
F1885,2025-12-03,Rural Market Yard,Greenfield,Krishna,Maize,DHM-117,15.61,32,Tractor,3,5,12,15:00-16:00,Wednesday,12,37,33,26.6,104.2,52.7,High,Clear,0,25,Completed,1
F1886,2025-11-23,Rural Market Yard,Kisanpur,Krishna,Paddy,Sona Masuri,25.06,51,Tractor,1,2,7,09:00-10:00,Sunday,11,40,32,40.9,150.7,78.6,High,Clear,0,20,Completed,3
F1887,2024-07-03,Mandal Procurement Centre,Rythu Colony,Krishna,Cotton,NCS-145,11.21,23,Tractor,3,2,11,10:00-11:00,Wednesday,7,27,28,21.5,112.1,49.5,High,Rainy,0,25,Cancelled,1
F1888,2025-12-04,Rural Market Yard,Kisanpur,Krishna,Paddy,Sona Masuri,11.57,24,Mini Truck,1,5,5,11:00-12:00,Thursday,12,31,32,22.5,91.9,45.5,High,Cloudy,0,25,Completed,1
F1889,2025-01-01,Rural Market Yard,Lakshmi Nagar,Krishna,Cotton,NCS-145,9.91,20,Mini Truck,1,2,11,10:00-11:00,Wednesday,1,49,48,17.3,107.7,44.2,High,Clear,0,25,Cancelled,2
F1890,2025-10-19,Rural Market Yard,Rythu Colony,Krishna,Cotton,Bt Cotton,5.95,12,Auto,1,5,5,14:00-15:00,Sunday,10,35,32,15.4,68.8,32.6,Medium,Clear,0,25,Completed,0
F1891,2025-03-29,Rural Market Yard,Kisanpur,Krishna,Cotton,NCS-145,8.95,18,Tractor,2,5,7,09:00-10:00,Saturday,3,39,37,22.1,123.3,52.9,High,Clear,0,20,Completed,2
F1892,2024-02-03,Rural Market Yard,Greenfield,Krishna,Maize,DHM-117,9.96,20,Tractor,2,2,12,10:00-11:00,Saturday,2,29,27,19.8,79.7,39.7,Medium,Rainy,0,25,Completed,1
F1893,2024-02-28,Cooperative Collection Centre,Rythu Colony,Krishna,Cotton,NCS-145,7.46,15,Tractor,3,4,12,10:00-11:00,Wednesday,2,36,32,14.0,95.0,37.8,High,Clear,0,25,Completed,0
F1894,2024-08-17,Mandal Procurement Centre,Kisanpur,Krishna,Cotton,Bt Cotton,14.1,29,Tractor,3,2,8,15:00-16:00,Saturday,8,33,38,24.9,136.4,59.0,High,Clear,0,25,Completed,3
F1895,2024-03-22,Rural Market Yard,Kisanpur,Krishna,Maize,DHM-117,2.0,4,Auto,1,3,10,11:00-12:00,Friday,3,22,20,8.1,40.8,18.3,Low,Clear,0,25,Cancelled,0
F1896,2025-10-13,Mandal Procurement Centre,Rythu Colony,Krishna,Paddy,Sona Masuri,14.42,29,Tractor,1,4,6,15:00-16:00,Monday,10,35,38,26.8,115.1,55.6,High,Cloudy,0,25,Completed,3
F1897,2025-12-20,Mandal Procurement Centre,Rythu Colony,Krishna,Cotton,NCS-145,15.36,31,Tractor,2,2,7,11:00-12:00,Saturday,12,28,30,26.4,119.6,56.3,High,Clear,0,25,Completed,1
F1898,2025-02-22,Rural Market Yard,Greenfield,Krishna,Cotton,Bt Cotton,10.42,21,Mini Truck,3,3,11,16:00-17:00,Saturday,2,23,25,20.3,103.5,46.2,High,Cloudy,0,20,Completed,1
F1899,2025-07-21,Rural Market Yard,Kisanpur,Krishna,Cotton,NCS-145,8.46,17,Auto,1,3,11,08:00-09:00,Monday,7,42,45,20.1,115.9,49.1,High,Clear,1,20,Completed,2
F1000,2025-05-07,Rural Market Yard,Greenfield,Krishna,Maize,Pioneer-3396,6.32,13,Mini Truck,3,5,11,16:00-17:00,Wednesday,5,20,11,15.7,59.8,30.6,Medium,Clear,0,20,Completed,0
F1001,2025-05-01,Rural Market Yard,Kisanpur,Krishna,Cotton,Bt Cotton,6.43,13,Tractor,3,4,7,12:00-13:00,Thursday,5,25,21,13.5,73.8,31.9,Medium,Cloudy,0,20,Cancelled,0
F1002,2025-11-22,Mandal Procurement Centre,Kisanpur,Krishna,Paddy,Sona Masuri,4.82,10,Mini Truck,1,3,11,14:00-15:00,Saturday,11,48,48,16.8,101.2,42.1,High,Cloudy,1,25,Completed,2
F1003,2025-05-12,Cooperative Collection Centre,Lakshmi Nagar,Krishna,Paddy,BPT-5204,8.27,17,Mini Truck,1,4,7,15:00-16:00,Monday,5,19,12,15.8,39.7,25.7,Low,Cloudy,0,25,Completed,0
F1004,2024-04-18,Mandal Procurement Centre,Rythu Colony,Krishna,Cotton,NCS-145,8.49,17,Auto,3,5,7,12:00-13:00,Thursday,4,29,24,20.6,81.9,41.1,Medium,Clear,0,20,Completed,0
F1005,2024-01-29,Cooperative Collection Centre,Kisanpur,Krishna,Paddy,BPT-5204,12.45,25,Auto,1,3,8,14:00-15:00,Monday,1,26,26,20.9,82.0,41.4,Medium,Cloudy,0,25,Completed,1
F1006,2025-05-06,Rural Market Yard,Kisanpur,Krishna,Cotton,Bt Cotton,9.0,18,Auto,2,3,12,11:00-12:00,Tuesday,5,20,18,20.4,84.5,41.5,Medium,Clear,0,25,Completed,1
F1007,2024-06-22,Mandal Procurement Centre,Rythu Colony,Krishna,Paddy,Sona Masuri,13.62,28,Mini Truck,3,2,10,12:00-13:00,Saturday,6,25,18,28.1,95.7,52.0,High,Cloudy,0,20,Cancelled,1
F1008,2025-12-03,Mandal Procurement Centre,Greenfield,Krishna,Maize,DHM-117,14.58,30,Mini Truck,2,3,9,11:00-12:00,Wednesday,12,31,27,26.8,99.5,51.7,High,Cloudy,0,25,Cancelled,1
F1009,2025-07-09,Rural Market Yard,Lakshmi Nagar,Krishna,Cotton,NCS-145,5.64,12,Tractor,3,3,12,08:00-09:00,Wednesday,7,40,40,14.6,117.3,43.9,High,Cloudy,0,20,Completed,2
F1010,2024-12-17,Mandal Procurement Centre,Rythu Colony,Krishna,Cotton,Bt Cotton,10.09,21,Auto,1,5,9,14:00-15:00,Tuesday,12,27,26,17.8,76.4,36.9,Medium,Rainy,0,25,Completed,0
F1011,2024-06-25,Rural Market Yard,Rythu Colony,Krishna,Cotton,NCS-145,9.18,19,Mini Truck,2,5,7,11:00-12:00,Tuesday,6,30,34,16.7,100.5,41.8,High,Clear,0,25,Completed,2
F1012,2024-02-10,Cooperative Collection Centre,Greenfield,Krishna,Cotton,Bt Cotton,9.53,20,Tractor,1,3,12,16:00-17:00,Saturday,2,20,14,16.9,59.7,31.8,Medium,Clear,1,20,Completed,0
F1013,2025-07-08,Mandal Procurement Centre,Kisanpur,Krishna,Cotton,NCS-145,10.48,21,Tractor,1,3,5,09:00-10:00,Tuesday,7,35,31,24.1,110.0,51.6,High,Clear,0,20,Completed,1
F1014,2024-06-01,Cooperative Collection Centre,Rythu Colony,Krishna,Maize,Pioneer-3396,7.71,16,Auto,2,5,12,14:00-15:00,Saturday,6,24,22,16.8,46.2,28.4,Medium,Clear,0,25,Completed,0
F1015,2024-04-29,Rural Market Yard,Kisanpur,Krishna,Maize,DHM-117,14.31,29,Auto,2,5,10,11:00-12:00,Monday,4,9,13,24.5,58.3,39.1,Medium,Clear,0,25,Cancelled,1
F1016,2025-12-28,Rural Market Yard,Lakshmi Nagar,Krishna,Cotton,Bt Cotton,13.68,28,Tractor,2,5,8,16:00-17:00,Sunday,12,43,40,25.2,149.9,62.7,High,Clear,0,20,Completed,3
F1017,2025-12-04,Rural Market Yard,Lakshmi Nagar,Krishna,Maize,Pioneer-3396,12.31,25,Auto,3,3,4,09:00-10:00,Thursday,12,51,47,22.2,180.2,67.2,High,Cloudy,0,20,Cancelled,3
F1018,2025-07-11,Rural Market Yard,Lakshmi Nagar,Krishna,Paddy,BPT-5204,14.89,30,Auto,2,4,7,12:00-13:00,Friday,7,22,21,27.2,114.2,55.8,High,Cloudy,0,20,Completed,1
F1019,2024-10-11,Cooperative Collection Centre,Kisanpur,Krishna,Maize,DHM-117,14.33,29,Tractor,3,5,11,10:00-11:00,Friday,10,37,37,27.4,118.3,57.0,High,Rainy,0,25,Completed,3
F1020,2025-09-12,Mandal Procurement Centre,Rythu Colony,Krishna,Cotton,NCS-145,3.22,7,Tractor,1,5,4,15:00-16:00,Friday,9,8,16,11.8,33.0,20.1,Low,Rainy,0,25,Completed,0
F1021,2025-03-11,Rural Market Yard,Kisanpur,Krishna,Paddy,Sona Masuri,20.55,42,Auto,1,2,6,08:00-09:00,Tuesday,3,25,20,34.4,142.3,70.0,High,Rainy,0,20,Cancelled,3
F1022,2025-05-10,Mandal Procurement Centre,Lakshmi Nagar,Krishna,Paddy,BPT-5204,10.63,22,Tractor,2,3,6,09:00-10:00,Saturday,5,41,33,23.1,119.1,52.9,High,Cloudy,0,20,Completed,1
F1023,2024-09-06,Rural Market Yard,Kisanpur,Krishna,Maize,Pioneer-3396,9.92,20,Tractor,3,3,5,08:00-09:00,Friday,9,33,29,20.4,114.6,49.0,High,Clear,0,20,Completed,1
F1024,2025-10-29,Mandal Procurement Centre,Rythu Colony,Krishna,Cotton,Bt Cotton,9.03,19,Auto,2,2,6,15:00-16:00,Wednesday,10,40,37,19.6,120.7,49.8,High,Clear,0,25,Cancelled,2
F1025,2025-07-22,Mandal Procurement Centre,Rythu Colony,Krishna,Maize,Pioneer-3396,7.26,15,Mini Truck,2,2,4,11:00-12:00,Tuesday,7,20,17,17.6,77.6,37.0,Medium,Cloudy,0,25,Cancelled,0
F1026,2024-10-20,Mandal Procurement Centre,Greenfield,Krishna,Cotton,NCS-145,6.93,14,Mini Truck,2,2,5,15:00-16:00,Sunday,10,34,33,20.2,106.3,46.8,High,Clear,0,25,Cancelled,2
F1027,2024-05-04,Mandal Procurement Centre,Rythu Colony,Krishna,Cotton,Bt Cotton,3.97,8,Mini Truck,2,3,7,09:00-10:00,Saturday,5,17,11,14.8,48.4,26.9,Medium,Rainy,0,20,Completed,0
F1028,2025-07-20,Rural Market Yard,Rythu Colony,Krishna,Cotton,NCS-145,15.41,31,Tractor,3,2,6,14:00-15:00,Sunday,7,27,28,21.8,121.4,52.2,High,Cloudy,0,25,Cancelled,1
F1029,2024-04-05,Rural Market Yard,Rythu Colony,Krishna,Cotton,Bt Cotton,3.42,7,Auto,1,5,7,09:00-10:00,Friday,4,32,32,13.2,78.8,32.9,High,Clear,0,20,Completed,0
F1030,2025-05-26,Rural Market Yard,Rythu Colony,Krishna,Cotton,Bt Cotton,4.04,9,Tractor,2,2,7,10:00-11:00,Monday,5,24,20,11.1,75.4,30.0,Medium,Clear,0,25,Completed,0
F1031,2025-12-17,Mandal Procurement Centre,Kisanpur,Krishna,Maize,DHM-117,7.5,15,Mini Truck,1,5,10,10:00-11:00,Wednesday,12,36,34,17.1,67.5,34.0,High,Rainy,0,25,Completed,0
F1032,2025-01-10,Rural Market Yard,Kisanpur,Krishna,Maize,Pioneer-3396,11.01,23,Auto,1,5,6,12:00-13:00,Friday,1,28,26,18.6,90.4,41.2,High,Rainy,0,20,Completed,1
F1033,2025-08-07,Mandal Procurement Centre,Lakshmi Nagar,Krishna,Paddy,Sona Masuri,5.07,11,Mini Truck,1,4,6,10:00-11:00,Thursday,8,39,38,11.6,68.0,28.6,High,Clear,0,25,Completed,0
F1034,2024-08-19,Cooperative Collection Centre,Kisanpur,Krishna,Cotton,Bt Cotton,5.39,11,Tractor,1,4,5,08:00-09:00,Monday,8,33,35,17.3,93.4,40.7,High,Rainy,0,20,Cancelled,2
F1035,2025-11-17,Rural Market Yard,Greenfield,Krishna,Cotton,Bt Cotton,8.3,17,Tractor,1,4,8,09:00-10:00,Monday,11,51,50,19.0,121.9,49.5,High,Cloudy,0,20,Cancelled,2
F1036,2024-12-29,Mandal Procurement Centre,Kisanpur,Krishna,Paddy,Sona Masuri,12.24,25,Mini Truck,3,2,9,11:00-12:00,Sunday,12,34,38,25.2,130.4,57.8,High,Clear,0,25,Cancelled,3
F1037,2024-12-24,Cooperative Collection Centre,Lakshmi Nagar,Krishna,Cotton,Bt Cotton,6.23,13,Tractor,3,3,4,11:00-12:00,Tuesday,12,33,36,15.6,102.4,41.2,High,Cloudy,1,25,Completed,2
F1038,2025-08-01,Mandal Procurement Centre,Lakshmi Nagar,Krishna,Cotton,Bt Cotton,7.62,16,Tractor,3,4,5,10:00-11:00,Friday,8,28,27,16.5,97.1,40.8,High,Rainy,0,25,Completed,0
F1039,2024-07-26,Mandal Procurement Centre,Kisanpur,Krishna,Paddy,Sona Masuri,21.34,43,Tractor,1,5,4,08:00-09:00,Friday,7,32,34,33.6,152.8,71.8,High,Cloudy,0,20,Completed,3
F1040,2025-07-27,Rural Market Yard,Kisanpur,Krishna,Cotton,NCS-145,11.81,24,Tractor,1,2,11,15:00-16:00,Sunday,7,28,25,26.6,76.0,45.6,Medium,Clear,1,25,Cancelled,1
F1041,2025-08-19,Cooperative Collection Centre,Rythu Colony,Krishna,Cotton,Bt Cotton,7.24,15,Auto,3,5,7,09:00-10:00,Tuesday,8,35,32,12.9,109.1,40.2,High,Clear,0,20,Completed,2
F1042,2025-03-16,Rural Market Yard,Kisanpur,Krishna,Paddy,Sona Masuri,7.42,15,Tractor,1,3,7,09:00-10:00,Sunday,3,36,38,16.2,112.2,44.2,High,Clear,0,20,Completed,2
F1043,2025-05-11,Rural Market Yard,Lakshmi Nagar,Krishna,Cotton,NCS-145,15.47,31,Tractor,3,2,9,10:00-11:00,Sunday,5,49,48,29.9,156.7,69.1,High,Clear,0,25,Cancelled,3
F1044,2025-02-07,Mandal Procurement Centre,Kisanpur,Krishna,Paddy,BPT-5204,4.65,10,Tractor,3,4,8,11:00-12:00,Friday,2,26,22,14.3,74.3,32.9,Medium,Cloudy,0,25,Completed,0
F1045,2024-02-26,Mandal Procurement Centre,Greenfield,Krishna,Cotton,NCS-145,8.61,18,Tractor,2,3,9,10:00-11:00,Monday,2,29,32,19.6,94.7,43.3,High,Clear,0,25,Completed,1
F1046,2025-05-14,Mandal Procurement Centre,Kisanpur,Krishna,Cotton,Bt Cotton,15.14,31,Mini Truck,1,4,4,08:00-09:00,Wednesday,5,32,31,21.0,111.3,48.8,High,Clear,0,20,Completed,1
F1047,2024-05-12,Rural Market Yard,Lakshmi Nagar,Krishna,Paddy,BPT-5204,6.56,14,Mini Truck,1,2,10,10:00-11:00,Sunday,5,43,39,14.7,112.7,42.9,High,Clear,0,25,Cancelled,2
F1048,2025-09-18,Rural Market Yard,Lakshmi Nagar,Krishna,Maize,Pioneer-3396,12.68,26,Mini Truck,3,5,7,16:00-17:00,Thursday,9,19,19,22.5,92.1,45.5,High,Clear,0,20,Completed,1
F1049,2025-07-24,Rural Market Yard,Kisanpur,Krishna,Maize,Pioneer-3396,9.12,19,Tractor,3,5,10,10:00-11:00,Thursday,7,22,15,16.6,73.1,34.9,Medium,Rainy,0,25,Completed,0
F1050,2024-03-04,Cooperative Collection Centre,Greenfield,Krishna,Paddy,Sona Masuri,11.54,24,Auto,1,5,11,14:00-15:00,Monday,3,18,15,23.8,58.6,38.5,Medium,Cloudy,0,25,Completed,1
F1051,2025-07-18,Mandal Procurement Centre,Kisanpur,Krishna,Paddy,BPT-5204,20.65,42,Auto,1,5,11,11:00-12:00,Friday,7,20,12,32.9,80.8,53.1,Medium,Clear,0,25,Completed,1
F1052,2024-07-14,Mandal Procurement Centre,Rythu Colony,Krishna,Paddy,Sona Masuri,12.67,26,Mini Truck,2,3,4,15:00-16:00,Sunday,7,16,15,23.8,91.9,46.8,High,Rainy,0,25,Completed,1
F1053,2024-02-17,Rural Market Yard,Lakshmi Nagar,Krishna,Paddy,Sona Masuri,12.85,26,Mini Truck,1,3,9,10:00-11:00,Saturday,2,38,36,25.0,111.3,52.8,High,Cloudy,0,25,Cancelled,1
F1054,2025-04-28,Cooperative Collection Centre,Greenfield,Krishna,Paddy,Sona Masuri,9.94,20,Tractor,1,4,5,15:00-16:00,Monday,4,13,12,21.5,58.2,36.0,Medium,Clear,0,25,Cancelled,0
F1055,2025-04-11,Rural Market Yard,Greenfield,Krishna,Maize,DHM-117,3.4,7,Tractor,2,2,6,15:00-16:00,Friday,4,23,30,8.0,72.2,26.1,Medium,Clear,0,25,Completed,0
F1056,2024-10-15,Mandal Procurement Centre,Rythu Colony,Krishna,Cotton,Bt Cotton,6.89,14,Mini Truck,3,5,11,16:00-17:00,Tuesday,10,36,38,18.5,111.7,46.4,High,Cloudy,0,20,Completed,2
F1057,2024-03-13,Cooperative Collection Centre,Lakshmi Nagar,Krishna,Paddy,BPT-5204,3.41,7,Tractor,2,5,9,15:00-16:00,Wednesday,3,28,29,12.4,79.5,32.3,Medium,Cloudy,0,25,Completed,0
F1058,2024-05-13,Mandal Procurement Centre,Kisanpur,Krishna,Maize,Pioneer-3396,2.01,5,Tractor,3,4,11,15:00-16:00,Monday,5,17,20,11.4,49.3,23.7,Medium,Clear,0,25,Cancelled,0
F1059,2025-06-29,Rural Market Yard,Lakshmi Nagar,Krishna,Cotton,Bt Cotton,12.42,25,Tractor,1,3,5,12:00-13:00,Sunday,6,19,17,21.3,81.2,41.6,Medium,Clear,0,20,Completed,1
F1060,2024-06-05,Mandal Procurement Centre,Kisanpur,Krishna,Paddy,Sona Masuri,9.78,20,Tractor,1,2,10,08:00-09:00,Wednesday,6,34,29,23.0,104.1,49.0,High,Clear,0,20,Completed,1
F1061,2025-10-22,Cooperative Collection Centre,Rythu Colony,Krishna,Paddy,BPT-5204,13.02,27,Tractor,1,5,12,11:00-12:00,Wednesday,10,27,21,23.0,85.2,44.3,Medium,Cloudy,0,25,Completed,1
F1062,2025-11-02,Rural Market Yard,Greenfield,Krishna,Cotton,Bt Cotton,10.11,21,Mini Truck,3,4,10,09:00-10:00,Sunday,11,48,41,21.5,127.8,53.5,High,Clear,0,20,Completed,2
F1063,2025-12-21,Cooperative Collection Centre,Lakshmi Nagar,Krishna,Cotton,Bt Cotton,11.12,23,Auto,3,5,5,11:00-12:00,Sunday,12,32,24,21.4,95.4,45.2,High,Clear,1,25,Completed,1
F1064,2025-07-09,Cooperative Collection Centre,Kisanpur,Krishna,Maize,Pioneer-3396,6.54,14,Mini Truck,1,2,11,09:00-10:00,Wednesday,7,33,31,15.1,88.4,37.2,High,Cloudy,0,20,Completed,0
F1065,2024-11-02,Cooperative Collection Centre,Kisanpur,Krishna,Maize,DHM-117,12.12,25,Tractor,1,2,11,12:00-13:00,Saturday,11,37,35,24.0,124.8,55.2,High,Clear,0,20,Completed,1
F1066,2025-02-16,Rural Market Yard,Lakshmi Nagar,Krishna,Maize,DHM-117,5.85,12,Mini Truck,2,3,11,10:00-11:00,Sunday,2,38,29,13.2,85.7,34.6,Medium,Cloudy,0,25,Cancelled,0
F1067,2025-04-22,Rural Market Yard,Lakshmi Nagar,Krishna,Maize,DHM-117,26.45,53,Mini Truck,2,2,9,09:00-10:00,Tuesday,4,37,35,37.8,188.1,84.8,High,Cloudy,0,20,Completed,3
F1068,2025-01-10,Rural Market Yard,Lakshmi Nagar,Krishna,Cotton,NCS-145,5.27,11,Mini Truck,1,4,11,09:00-10:00,Friday,1,45,46,11.7,103.5,37.6,High,Clear,1,20,Cancelled,2
F1069,2025-11-04,Cooperative Collection Centre,Kisanpur,Krishna,Paddy,Sona Masuri,15.59,32,Tractor,3,4,12,10:00-11:00,Tuesday,11,44,37,27.2,122.1,57.7,High,Cloudy,0,25,Completed,3
F1070,2024-12-11,Cooperative Collection Centre,Kisanpur,Krishna,Cotton,Bt Cotton,16.99,34,Mini Truck,2,3,5,11:00-12:00,Wednesday,12,37,31,32.4,148.2,69.4,High,Clear,0,25,Completed,3
F1071,2025-02-05,Mandal Procurement Centre,Lakshmi Nagar,Krishna,Paddy,Sona Masuri,9.16,19,Auto,1,2,5,09:00-10:00,Wednesday,2,44,49,17.9,146.0,54.4,High,Clear,0,20,Cancelled,2
F1072,2025-06-18,Cooperative Collection Centre,Greenfield,Krishna,Paddy,BPT-5204,8.87,18,Tractor,1,3,9,09:00-10:00,Wednesday,6,39,40,21.5,116.4,50.6,High,Cloudy,0,20,Completed,2
F1073,2025-07-07,Rural Market Yard,Rythu Colony,Krishna,Maize,Pioneer-3396,2.37,5,Auto,1,2,5,11:00-12:00,Monday,7,19,18,9.0,60.6,24.1,Medium,Clear,0,25,Completed,0
F1074,2024-12-21,Rural Market Yard,Lakshmi Nagar,Krishna,Cotton,NCS-145,6.57,14,Tractor,2,4,11,08:00-09:00,Saturday,12,62,64,13.4,141.8,48.9,High,Clear,1,20,Completed,2
F1075,2025-12-25,Mandal Procurement Centre,Kisanpur,Krishna,Paddy,BPT-5204,20.64,42,Tractor,1,5,4,15:00-16:00,Thursday,12,40,40,32.8,133.0,66.0,High,Clear,0,25,Completed,3
F1076,2024-03-25,Rural Market Yard,Kisanpur,Krishna,Maize,DHM-117,13.57,28,Tractor,1,4,6,16:00-17:00,Monday,3,15,13,27.5,69.5,44.9,Medium,Clear,0,20,Cancelled,1
F1077,2025-10-08,Mandal Procurement Centre,Lakshmi Nagar,Krishna,Maize,DHM-117,8.77,18,Auto,2,4,5,15:00-16:00,Wednesday,10,29,19,19.8,74.0,38.3,Medium,Clear,0,25,Completed,0
F1078,2024-12-09,Rural Market Yard,Rythu Colony,Krishna,Cotton,NCS-145,8.34,17,Mini Truck,3,5,10,08:00-09:00,Monday,12,40,42,18.0,127.8,50.0,High,Cloudy,0,20,Completed,2
F1079,2024-07-28,Cooperative Collection Centre,Greenfield,Krishna,Paddy,Sona Masuri,12.34,25,Tractor,3,5,6,08:00-09:00,Sunday,7,35,34,21.7,113.6,50.1,High,Clear,0,20,Completed,1
F1080,2025-05-26,Rural Market Yard,Rythu Colony,Krishna,Maize,DHM-117,6.8,14,Mini Truck,3,3,6,11:00-12:00,Monday,5,29,35,19.9,125.3,51.2,High,Clear,0,25,Completed,2
F1081,2024-10-29,Mandal Procurement Centre,Kisanpur,Krishna,Paddy,BPT-5204,17.31,35,Mini Truck,1,4,12,08:00-09:00,Tuesday,10,36,32,27.2,118.5,56.8,High,Rainy,0,20,Completed,3
F1082,2024-03-18,Cooperative Collection Centre,Greenfield,Krishna,Maize,Pioneer-3396,2.0,4,Tractor,1,2,10,09:00-10:00,Monday,3,29,30,9.1,91.6,32.0,High,Cloudy,0,20,Completed,0
F1083,2024-06-19,Rural Market Yard,Lakshmi Nagar,Krishna,Cotton,Bt Cotton,12.13,25,Tractor,1,5,5,08:00-09:00,Wednesday,6,28,19,23.9,68.7,41.1,Medium,Cloudy,0,20,Completed,1
F1084,2025-06-30,Rural Market Yard,Kisanpur,Krishna,Paddy,BPT-5204,12.22,25,Mini Truck,3,3,6,11:00-12:00,Monday,6,23,28,21.3,111.3,49.1,High,Clear,0,25,Completed,1
F1085,2025-11-04,Rural Market Yard,Greenfield,Krishna,Maize,Pioneer-3396,11.48,23,Tractor,1,3,8,12:00-13:00,Tuesday,11,41,43,22.7,133.8,56.2,High,Clear,0,20,Completed,2
F1086,2025-08-26,Rural Market Yard,Rythu Colony,Krishna,Paddy,BPT-5204,14.93,30,Tractor,2,5,12,08:00-09:00,Tuesday,8,19,16,25.3,83.7,46.2,Medium,Rainy,0,20,Completed,1
F1087,2025-09-17,Cooperative Collection Centre,Lakshmi Nagar,Krishna,Cotton,Bt Cotton,18.07,37,Mini Truck,3,3,11,11:00-12:00,Wednesday,9,13,20,28.1,108.2,55.2,High,Rainy,0,25,Cancelled,1
F1088,2024-11-21,Rural Market Yard,Greenfield,Krishna,Maize,DHM-117,4.7,10,Mini Truck,3,4,6,09:00-10:00,Thursday,11,44,37,11.6,113.5,40.0,High,Clear,0,20,Completed,2
F1089,2025-02-01,Cooperative Collection Centre,Rythu Colony,Krishna,Cotton,Bt Cotton,6.72,14,Mini Truck,3,4,8,08:00-09:00,Saturday,2,40,41,17.1,125.3,48.4,High,Clear,0,20,Completed,2
F1090,2024-08-27,Mandal Procurement Centre,Rythu Colony,Krishna,Maize,DHM-117,7.99,16,Tractor,2,4,11,08:00-09:00,Tuesday,8,24,26,14.0,92.5,37.1,High,Cloudy,1,20,Completed,0
F1091,2024-08-27,Cooperative Collection Centre,Greenfield,Krishna,Maize,Pioneer-3396,9.45,19,Mini Truck,1,4,7,09:00-10:00,Tuesday,8,34,37,21.4,115.1,50.2,High,Cloudy,0,20,Cancelled,2
F1092,2025-01-27,Cooperative Collection Centre,Kisanpur,Krishna,Cotton,NCS-145,15.54,32,Mini Truck,3,4,7,10:00-11:00,Monday,1,34,34,26.7,118.3,56.3,High,Rainy,1,25,Cancelled,3
F1093,2025-01-21,Cooperative Collection Centre,Rythu Colony,Krishna,Maize,DHM-117,8.34,17,Tractor,3,4,5,11:00-12:00,Tuesday,1,20,19,19.9,73.2,38.2,Medium,Clear,0,25,Completed,0
F1094,2025-12-31,Cooperative Collection Centre,Rythu Colony,Krishna,Cotton,Bt Cotton,2.02,5,Auto,3,2,4,09:00-10:00,Wednesday,12,40,40,9.6,126.0,41.1,High,Rainy,0,20,Cancelled,2
F1095,2025-10-28,Rural Market Yard,Rythu Colony,Krishna,Paddy,BPT-5204,7.6,16,Tractor,2,3,11,16:00-17:00,Tuesday,10,26,17,19.4,71.1,37.2,Medium,Clear,0,20,Completed,0
F1096,2024-10-17,Cooperative Collection Centre,Kisanpur,Krishna,Paddy,Sona Masuri,9.59,20,Auto,2,4,12,11:00-12:00,Thursday,10,37,35,18.0,89.6,40.4,High,Cloudy,0,25,Completed,2
F1097,2025-08-18,Rural Market Yard,Lakshmi Nagar,Krishna,Cotton,Bt Cotton,3.25,7,Tractor,3,2,11,16:00-17:00,Monday,8,26,24,17.8,85.6,39.2,Medium,Clear,0,20,Cancelled,0
F1098,2024-09-11,Cooperative Collection Centre,Lakshmi Nagar,Krishna,Cotton,NCS-145,18.27,37,Mini Truck,3,5,10,09:00-10:00,Wednesday,9,35,28,34.4,126.3,66.0,High,Rainy,0,20,Cancelled,3
F1099,2025-05-13,Rural Market Yard,Rythu Colony,Krishna,Paddy,Sona Masuri,3.09,7,Auto,2,3,8,10:00-11:00,Tuesday,5,44,52,9.7,106.1,36.2,High,Clear,1,25,Completed,2
F1100,2024-07-05,Cooperative Collection Centre,Greenfield,Krishna,Cotton,NCS-145,6.22,13,Tractor,3,5,11,16:00-17:00,Friday,7,27,26,15.9,85.0,37.1,Medium,Clear,0,20,Cancelled,0
F1101,2025-07-27,Mandal Procurement Centre,Lakshmi Nagar,Krishna,Maize,DHM-117,14.02,29,Mini Truck,2,2,4,09:00-10:00,Sunday,7,36,29,27.7,134.9,61.4,High,Rainy,0,20,Completed,3
F1102,2024-11-17,Rural Market Yard,Greenfield,Krishna,Maize,Pioneer-3396,5.65,12,Tractor,3,5,5,08:00-09:00,Sunday,11,48,48,15.2,119.9,45.2,High,Rainy,0,20,Cancelled,2
F1103,2025-06-26,Rural Market Yard,Kisanpur,Krishna,Cotton,NCS-145,11.84,24,Auto,3,2,4,12:00-13:00,Thursday,6,19,20,19.2,117.2,48.5,High,Rainy,0,20,Completed,1
F1104,2024-01-11,Rural Market Yard,Greenfield,Krishna,Paddy,Sona Masuri,15.18,31,Mini Truck,2,5,6,08:00-09:00,Thursday,1,52,51,23.9,175.6,67.8,High,Clear,0,20,Cancelled,3
F1105,2025-12-19,Cooperative Collection Centre,Kisanpur,Krishna,Cotton,NCS-145,8.48,17,Tractor,2,3,10,11:00-12:00,Friday,12,37,39,20.8,108.1,47.8,High,Clear,0,25,Cancelled,2
F1106,2025-09-08,Mandal Procurement Centre,Greenfield,Krishna,Paddy,Sona Masuri,4.93,10,Mini Truck,3,3,7,16:00-17:00,Monday,9,18,18,15.4,78.8,35.1,Medium,Clear,0,20,Completed,0
F1107,2025-10-15,Cooperative Collection Centre,Greenfield,Krishna,Paddy,Sona Masuri,12.9,26,Mini Truck,3,2,9,08:00-09:00,Wednesday,10,51,46,18.8,147.0,55.5,High,Cloudy,0,20,Completed,2
F1108,2025-02-19,Mandal Procurement Centre,Rythu Colony,Krishna,Cotton,NCS-145,12.69,26,Tractor,1,2,8,10:00-11:00,Wednesday,2,36,30,24.7,116.7,53.9,High,Clear,0,25,Completed,1
F1109,2025-03-12,Rural Market Yard,Rythu Colony,Krishna,Maize,Pioneer-3396,11.62,24,Tractor,2,2,9,09:00-10:00,Wednesday,3,42,34,25.0,123.9,56.0,High,Clear,0,20,Completed,1
F1110,2025-10-27,Cooperative Collection Centre,Lakshmi Nagar,Krishna,Paddy,Sona Masuri,7.91,16,Auto,2,3,12,14:00-15:00,Monday,10,31,33,17.6,100.0,42.6,High,Clear,0,25,Completed,2
F1111,2025-05-07,Mandal Procurement Centre,Lakshmi Nagar,Krishna,Cotton,Bt Cotton,7.85,16,Tractor,1,3,10,12:00-13:00,Wednesday,5,10,13,15.3,71.6,33.2,Medium,Rainy,1,20,Completed,0
F1112,2024-04-15,Mandal Procurement Centre,Rythu Colony,Krishna,Paddy,Sona Masuri,15.95,32,Mini Truck,1,3,11,14:00-15:00,Monday,4,21,27,29.7,110.2,57.2,High,Clear,0,25,Completed,1
F1113,2024-07-01,Mandal Procurement Centre,Lakshmi Nagar,Krishna,Cotton,Bt Cotton,8.29,17,Auto,1,4,6,14:00-15:00,Monday,7,21,21,16.3,56.1,30.3,Medium,Cloudy,0,25,Cancelled,0
F1114,2025-03-26,Mandal Procurement Centre,Greenfield,Krishna,Maize,Pioneer-3396,7.8,16,Mini Truck,1,3,7,09:00-10:00,Wednesday,3,30,24,15.2,103.9,41.2,High,Clear,0,20,Cancelled,0
F1115,2024-05-14,Mandal Procurement Centre,Greenfield,Krishna,Maize,DHM-117,7.69,16,Tractor,1,3,10,14:00-15:00,Tuesday,5,30,31,17.1,98.2,41.7,High,Clear,0,25,Cancelled,0
F1116,2024-02-05,Mandal Procurement Centre,Kisanpur,Krishna,Maize,DHM-117,8.42,17,Auto,2,3,9,11:00-12:00,Monday,2,9,8,16.9,48.2,28.9,Medium,Rainy,0,25,Cancelled,0
F1117,2025-08-10,Cooperative Collection Centre,Lakshmi Nagar,Krishna,Maize,Pioneer-3396,5.7,12,Mini Truck,1,4,11,09:00-10:00,Sunday,8,31,28,11.9,67.8,28.9,High,Clear,0,20,Cancelled,0
F1118,2025-05-16,Mandal Procurement Centre,Greenfield,Krishna,Cotton,NCS-145,8.03,17,Mini Truck,1,4,12,08:00-09:00,Friday,5,21,18,16.9,73.1,35.2,Medium,Rainy,0,20,Cancelled,0
F1119,2025-07-24,Mandal Procurement Centre,Kisanpur,Krishna,Cotton,NCS-145,10.47,21,Mini Truck,3,3,9,15:00-16:00,Thursday,7,13,14,24.3,83.7,45.2,Medium,Clear,0,25,Completed,1
F1120,2025-07-10,Cooperative Collection Centre,Rythu Colony,Krishna,Paddy,Sona Masuri,9.14,19,Tractor,1,4,12,15:00-16:00,Thursday,7,23,14,21.3,64.9,37.5,Medium,Clear,0,25,Completed,0
F1121,2025-07-05,Mandal Procurement Centre,Kisanpur,Krishna,Cotton,NCS-145,9.42,19,Tractor,1,5,11,09:00-10:00,Saturday,7,34,32,17.9,96.5,42.0,High,Clear,0,20,Cancelled,2
F1122,2024-10-18,Rural Market Yard,Kisanpur,Krishna,Maize,Pioneer-3396,7.1,15,Mini Truck,2,2,6,15:00-16:00,Friday,10,19,15,14.7,60.1,29.7,Medium,Rainy,0,25,Completed,0
F1123,2025-11-25,Rural Market Yard,Kisanpur,Krishna,Cotton,NCS-145,4.26,9,Auto,2,3,6,10:00-11:00,Tuesday,11,40,38,12.0,89.9,34.5,High,Rainy,1,25,Completed,0
F1124,2025-07-10,Mandal Procurement Centre,Rythu Colony,Krishna,Paddy,Sona Masuri,10.06,21,Tractor,1,4,12,09:00-10:00,Thursday,7,34,38,17.6,102.3,43.2,High,Cloudy,0,20,Completed,2
F1125,2024-02-14,Cooperative Collection Centre,Lakshmi Nagar,Krishna,Cotton,Bt Cotton,6.39,13,Mini Truck,3,4,9,10:00-11:00,Wednesday,2,27,30,12.9,89.7,35.3,Medium,Clear,0,25,Cancelled,0
F1126,2024-05-02,Cooperative Collection Centre,Rythu Colony,Krishna,Cotton,Bt Cotton,16.94,34,Auto,3,2,12,11:00-12:00,Thursday,5,20,23,23.1,117.7,52.5,High,Cloudy,0,25,Cancelled,1
F1127,2024-11-20,Cooperative Collection Centre,Rythu Colony,Krishna,Cotton,NCS-145,4.3,9,Mini Truck,3,2,6,08:00-09:00,Wednesday,11,54,59,10.9,163.0,51.6,High,Clear,0,20,Completed,2
F1128,2024-12-12,Mandal Procurement Centre,Rythu Colony,Krishna,Maize,DHM-117,12.89,26,Auto,1,2,9,09:00-10:00,Thursday,12,40,40,21.9,136.1,55.9,High,Clear,0,20,Completed,2
F1129,2024-08-02,Mandal Procurement Centre,Greenfield,Krishna,Maize,DHM-117,9.0,18,Mini Truck,2,2,6,16:00-17:00,Friday,8,27,30,15.6,121.6,46.0,High,Clear,0,20,Completed,2
F1130,2024-04-17,Rural Market Yard,Lakshmi Nagar,Krishna,Maize,DHM-117,7.58,16,Auto,1,2,7,09:00-10:00,Wednesday,4,28,30,14.9,90.2,37.5,High,Rainy,0,20,Completed,0
F1131,2025-04-07,Cooperative Collection Centre,Rythu Colony,Krishna,Cotton,Bt Cotton,11.76,24,Tractor,3,5,8,10:00-11:00,Monday,4,32,35,21.9,126.0,53.4,High,Clear,0,25,Completed,2
F1132,2025-06-25,Cooperative Collection Centre,Greenfield,Krishna,Maize,DHM-117,8.55,18,Auto,2,5,8,12:00-13:00,Wednesday,6,28,26,17.2,78.9,36.9,Medium,Clear,0,20,Completed,0
F1133,2025-11-28,Rural Market Yard,Kisanpur,Krishna,Paddy,BPT-5204,12.78,26,Mini Truck,1,5,10,10:00-11:00,Friday,11,39,39,25.0,104.6,51.1,High,Rainy,0,25,Completed,1
F1134,2025-11-22,Cooperative Collection Centre,Kisanpur,Krishna,Paddy,BPT-5204,10.11,21,Auto,2,5,9,08:00-09:00,Saturday,11,38,39,18.7,112.2,46.8,High,Rainy,0,20,Completed,2
F1135,2024-03-21,Cooperative Collection Centre,Kisanpur,Krishna,Maize,Pioneer-3396,21.64,44,Mini Truck,3,5,4,14:00-15:00,Thursday,3,23,20,34.8,123.7,65.7,High,Clear,0,25,Cancelled,3
F1136,2024-05-04,Rural Market Yard,Greenfield,Krishna,Maize,DHM-117,11.88,24,Tractor,1,3,11,12:00-13:00,Saturday,5,32,32,24.1,114.6,52.8,High,Clear,0,20,Completed,1
F1137,2024-03-14,Mandal Procurement Centre,Kisanpur,Krishna,Cotton,NCS-145,8.53,18,Mini Truck,3,5,11,15:00-16:00,Thursday,3,9,7,15.7,54.2,29.2,Medium,Clear,0,25,Completed,0
F1138,2024-02-12,Cooperative Collection Centre,Kisanpur,Krishna,Cotton,NCS-145,14.91,30,Mini Truck,2,4,11,08:00-09:00,Monday,2,39,31,24.1,106.4,50.7,High,Clear,0,20,Completed,1
F1139,2024-02-18,Mandal Procurement Centre,Kisanpur,Krishna,Cotton,NCS-145,7.51,16,Mini Truck,1,3,10,09:00-10:00,Sunday,2,36,39,21.2,119.1,51.0,High,Rainy,0,20,Completed,2
F1140,2024-01-05,Rural Market Yard,Rythu Colony,Krishna,Paddy,BPT-5204,15.13,31,Tractor,3,5,8,11:00-12:00,Friday,1,20,17,27.2,95.4,51.0,High,Rainy,0,25,Completed,1
F1141,2024-08-25,Cooperative Collection Centre,Greenfield,Krishna,Cotton,Bt Cotton,9.7,20,Tractor,3,2,10,08:00-09:00,Sunday,8,40,48,17.4,152.4,55.5,High,Cloudy,0,20,Cancelled,2
F1142,2024-02-17,Mandal Procurement Centre,Rythu Colony,Krishna,Maize,Pioneer-3396,14.06,29,Mini Truck,3,3,6,09:00-10:00,Saturday,2,40,42,25.7,162.3,66.3,High,Clear,0,20,Completed,3
F1143,2024-02-23,Cooperative Collection Centre,Lakshmi Nagar,Krishna,Cotton,NCS-145,11.27,23,Tractor,2,2,8,14:00-15:00,Friday,2,16,19,17.9,90.8,40.6,High,Rainy,0,25,Completed,1
F1144,2024-05-10,Rural Market Yard,Greenfield,Krishna,Maize,DHM-117,2.0,4,Tractor,3,3,9,09:00-10:00,Friday,5,44,51,8.9,143.4,44.8,High,Clear,0,20,Completed,2
F1145,2025-10-08,Rural Market Yard,Kisanpur,Krishna,Maize,DHM-117,6.18,13,Tractor,2,4,10,15:00-16:00,Wednesday,10,31,25,12.0,69.2,29.3,Medium,Clear,0,25,Completed,0
F1146,2024-03-04,Rural Market Yard,Rythu Colony,Krishna,Cotton,NCS-145,14.29,29,Tractor,2,4,11,15:00-16:00,Monday,3,19,15,27.5,78.2,47.0,Medium,Cloudy,0,25,Cancelled,1
F1147,2025-12-19,Cooperative Collection Centre,Kisanpur,Krishna,Cotton,NCS-145,17.0,34,Mini Truck,2,4,11,10:00-11:00,Friday,12,49,49,29.8,145.8,66.2,High,Clear,0,25,Cancelled,3
F1148,2025-12-19,Mandal Procurement Centre,Greenfield,Krishna,Paddy,Sona Masuri,7.28,15,Auto,2,4,10,14:00-15:00,Friday,12,27,26,18.7,66.4,35.3,Medium,Clear,0,25,Completed,0
F1149,2025-11-22,Rural Market Yard,Lakshmi Nagar,Krishna,Paddy,Sona Masuri,10.5,21,Mini Truck,1,4,11,15:00-16:00,Saturday,11,40,38,22.6,103.5,48.5,High,Clear,0,25,Completed,2
F1150,2025-10-16,Rural Market Yard,Rythu Colony,Krishna,Cotton,Bt Cotton,10.61,22,Tractor,2,4,8,11:00-12:00,Thursday,10,34,34,21.5,118.2,51.0,High,Clear,0,25,Completed,2
F1151,2025-05-17,Cooperative Collection Centre,Rythu Colony,Krishna,Cotton,Bt Cotton,11.68,24,Mini Truck,2,5,8,11:00-12:00,Saturday,5,20,14,24.8,51.0,37.5,Medium,Clear,0,25,Cancelled,1
F1152,2025-09-26,Rural Market Yard,Lakshmi Nagar,Krishna,Maize,Pioneer-3396,8.44,17,Mini Truck,1,2,12,08:00-09:00,Friday,9,39,39,17.1,119.7,47.0,High,Cloudy,0,20,Completed,2
F1153,2025-11-21,Mandal Procurement Centre,Lakshmi Nagar,Krishna,Cotton,Bt Cotton,2.85,6,Tractor,3,4,8,12:00-13:00,Friday,11,33,33,12.5,97.5,36.9,High,Cloudy,0,20,Completed,0
F1154,2024-04-06,Rural Market Yard,Greenfield,Krishna,Cotton,NCS-145,8.41,17,Auto,1,3,7,08:00-09:00,Saturday,4,42,43,17.4,122.4,48.0,High,Clear,0,20,Completed,2
F1155,2025-03-23,Rural Market Yard,Kisanpur,Krishna,Paddy,Sona Masuri,23.61,48,Tractor,3,5,5,10:00-11:00,Sunday,3,37,39,38.1,168.0,80.1,High,Clear,0,25,Completed,3
F1156,2024-10-09,Rural Market Yard,Lakshmi Nagar,Krishna,Maize,Pioneer-3396,13.11,27,Tractor,2,2,11,08:00-09:00,Wednesday,10,31,25,23.8,122.8,54.5,High,Rainy,1,20,Completed,1
F1157,2024-10-05,Cooperative Collection Centre,Lakshmi Nagar,Krishna,Maize,DHM-117,6.89,14,Tractor,2,4,6,09:00-10:00,Saturday,10,52,52,17.1,158.8,56.8,High,Clear,0,20,Completed,2
F1158,2025-10-28,Cooperative Collection Centre,Lakshmi Nagar,Krishna,Paddy,Sona Masuri,10.18,21,Mini Truck,3,4,10,16:00-17:00,Tuesday,10,31,27,21.0,109.1,48.3,High,Clear,0,20,Completed,1
F1159,2024-11-28,Rural Market Yard,Kisanpur,Krishna,Cotton,Bt Cotton,7.88,16,Tractor,1,2,6,14:00-15:00,Thursday,11,25,21,21.1,76.0,40.1,Medium,Rainy,0,25,Completed,0
F1160,2024-10-14,Cooperative Collection Centre,Rythu Colony,Krishna,Maize,Pioneer-3396,6.88,14,Tractor,3,3,6,11:00-12:00,Monday,10,41,41,18.5,119.3,48.3,High,Clear,0,25,Completed,2
F1161,2025-08-28,Rural Market Yard,Rythu Colony,Krishna,Paddy,BPT-5204,16.62,34,Auto,3,4,9,14:00-15:00,Thursday,8,26,20,25.5,99.7,50.4,High,Clear,1,25,Completed,1
F1162,2024-10-29,Cooperative Collection Centre,Rythu Colony,Krishna,Maize,Pioneer-3396,6.57,14,Tractor,2,4,5,12:00-13:00,Tuesday,10,38,30,13.9,104.9,40.1,High,Clear,0,20,Cancelled,0
F1163,2025-12-08,Mandal Procurement Centre,Rythu Colony,Krishna,Cotton,Bt Cotton,12.55,26,Tractor,1,4,5,12:00-13:00,Monday,12,30,30,21.8,105.6,48.2,High,Clear,0,20,Completed,1
F1164,2025-04-19,Cooperative Collection Centre,Rythu Colony,Krishna,Maize,DHM-117,9.57,20,Auto,1,3,9,16:00-17:00,Saturday,4,27,27,18.1,104.3,44.2,High,Cloudy,0,20,Completed,1
F1165,2024-10-24,Mandal Procurement Centre,Rythu Colony,Krishna,Maize,Pioneer-3396,16.86,34,Mini Truck,3,4,9,09:00-10:00,Thursday,10,62,59,28.6,204.5,79.7,High,Clear,0,20,Completed,3
F1166,2024-10-08,Cooperative Collection Centre,Greenfield,Krishna,Paddy,Sona Masuri,18.03,37,Tractor,3,5,11,12:00-13:00,Tuesday,10,37,35,28.5,159.3,68.3,High,Clear,1,20,Cancelled,3
F1167,2025-06-06,Rural Market Yard,Lakshmi Nagar,Krishna,Paddy,BPT-5204,20.54,42,Tractor,1,4,9,11:00-12:00,Friday,6,18,21,30.9,92.7,54.1,High,Clear,0,25,Completed,1
F1168,2024-03-07,Mandal Procurement Centre,Greenfield,Krishna,Cotton,NCS-145,17.18,35,Mini Truck,2,2,7,14:00-15:00,Thursday,3,17,13,26.4,108.0,53.4,High,Rainy,0,25,Cancelled,1
F1169,2024-12-09,Mandal Procurement Centre,Greenfield,Krishna,Cotton,Bt Cotton,2.45,5,Mini Truck,3,4,7,08:00-09:00,Monday,12,47,47,12.5,122.5,43.1,High,Cloudy,0,20,Completed,2
F1170,2024-01-19,Cooperative Collection Centre,Kisanpur,Krishna,Cotton,NCS-145,11.41,23,Tractor,1,2,9,08:00-09:00,Friday,1,39,35,20.8,118.7,50.5,High,Rainy,0,20,Completed,2
F1171,2024-06-16,Rural Market Yard,Lakshmi Nagar,Krishna,Cotton,NCS-145,21.87,44,Mini Truck,1,5,4,10:00-11:00,Sunday,6,44,46,33.1,145.8,69.6,High,Clear,0,25,Completed,3
F1172,2025-12-01,Rural Market Yard,Lakshmi Nagar,Krishna,Maize,Pioneer-3396,15.56,32,Tractor,3,2,7,10:00-11:00,Monday,12,48,53,26.8,171.7,69.7,High,Clear,0,25,Completed,3
F1173,2025-03-28,Rural Market Yard,Lakshmi Nagar,Krishna,Maize,DHM-117,12.78,26,Tractor,3,3,8,11:00-12:00,Friday,3,5,3,24.8,77.5,44.2,Medium,Rainy,0,25,Cancelled,1
F1174,2025-04-27,Mandal Procurement Centre,Rythu Colony,Krishna,Cotton,Bt Cotton,3.2,7,Tractor,3,4,6,12:00-13:00,Sunday,4,21,17,13.2,63.7,29.1,Medium,Clear,0,20,Completed,0
F1175,2024-09-11,Rural Market Yard,Kisanpur,Krishna,Maize,Pioneer-3396,8.12,17,Tractor,3,3,4,10:00-11:00,Wednesday,9,37,36,13.1,104.2,39.1,High,Cloudy,0,25,Cancelled,2
F1176,2025-09-18,Cooperative Collection Centre,Greenfield,Krishna,Paddy,BPT-5204,10.51,22,Mini Truck,2,4,4,10:00-11:00,Thursday,9,26,32,21.0,114.8,49.7,High,Rainy,1,25,Completed,1
F1177,2024-10-21,Mandal Procurement Centre,Kisanpur,Krishna,Cotton,Bt Cotton,9.32,19,Mini Truck,3,5,4,15:00-16:00,Monday,10,36,36,19.3,99.7,44.2,High,Cloudy,0,25,Completed,2
F1178,2025-06-09,Rural Market Yard,Rythu Colony,Krishna,Maize,Pioneer-3396,9.93,20,Tractor,1,3,6,11:00-12:00,Monday,6,13,16,12.9,69.5,30.3,Medium,Rainy,0,25,Completed,0
F1179,2025-03-02,Mandal Procurement Centre,Lakshmi Nagar,Krishna,Paddy,BPT-5204,11.67,24,Mini Truck,2,2,5,10:00-11:00,Sunday,3,38,39,19.8,119.0,49.5,High,Clear,0,25,Completed,2
F1180,2025-05-03,Cooperative Collection Centre,Kisanpur,Krishna,Paddy,Sona Masuri,11.86,24,Tractor,3,2,9,11:00-12:00,Saturday,5,26,22,22.0,88.5,44.1,Medium,Clear,0,25,Completed,1
F1181,2024-09-26,Cooperative Collection Centre,Greenfield,Krishna,Maize,DHM-117,8.53,18,Auto,1,4,4,09:00-10:00,Thursday,9,37,36,19.2,123.2,50.0,High,Clear,0,20,Completed,2
F1182,2025-04-21,Rural Market Yard,Rythu Colony,Krishna,Maize,Pioneer-3396,12.26,25,Auto,3,2,11,08:00-09:00,Monday,4,36,30,19.4,140.9,54.6,High,Clear,0,20,Cancelled,2
F1183,2025-07-09,Mandal Procurement Centre,Rythu Colony,Krishna,Paddy,BPT-5204,13.23,27,Auto,1,2,8,15:00-16:00,Wednesday,7,22,25,21.2,99.7,46.1,High,Clear,1,25,Completed,1
F1184,2024-05-06,Cooperative Collection Centre,Greenfield,Krishna,Cotton,NCS-145,5.09,11,Tractor,3,3,6,12:00-13:00,Monday,5,27,24,15.1,100.6,40.2,High,Cloudy,0,20,Completed,0
F1185,2025-03-04,Cooperative Collection Centre,Lakshmi Nagar,Krishna,Maize,Pioneer-3396,8.88,18,Mini Truck,3,3,9,09:00-10:00,Tuesday,3,33,28,19.9,109.5,47.3,High,Clear,0,20,Completed,1
F1186,2025-09-27,Mandal Procurement Centre,Kisanpur,Krishna,Cotton,NCS-145,4.36,9,Tractor,3,2,12,11:00-12:00,Saturday,9,24,25,14.4,90.2,37.0,High,Clear,0,25,Cancelled,0
F1187,2025-03-26,Rural Market Yard,Rythu Colony,Krishna,Maize,DHM-117,14.22,29,Mini Truck,1,5,6,16:00-17:00,Wednesday,3,21,22,26.2,91.9,49.2,High,Clear,0,20,Completed,1
F1188,2025-01-31,Mandal Procurement Centre,Kisanpur,Krishna,Cotton,NCS-145,13.03,27,Tractor,3,4,9,14:00-15:00,Friday,1,35,31,24.7,104.8,50.9,High,Cloudy,1,25,Completed,1
F1189,2025-03-14,Rural Market Yard,Rythu Colony,Krishna,Cotton,Bt Cotton,6.95,14,Tractor,2,3,6,12:00-13:00,Friday,3,12,15,12.7,73.5,31.1,Medium,Rainy,0,20,Completed,0
F1190,2024-07-20,Rural Market Yard,Rythu Colony,Krishna,Maize,Pioneer-3396,7.32,15,Tractor,1,4,10,08:00-09:00,Saturday,7,30,40,13.6,96.6,37.8,High,Rainy,0,20,Completed,2
F1191,2024-06-23,Rural Market Yard,Greenfield,Krishna,Cotton,NCS-145,14.2,29,Mini Truck,3,3,7,09:00-10:00,Sunday,6,43,41,25.9,160.0,65.9,High,Cloudy,0,20,Cancelled,3
F1192,2024-09-04,Mandal Procurement Centre,Lakshmi Nagar,Krishna,Maize,Pioneer-3396,19.87,40,Tractor,3,2,5,09:00-10:00,Wednesday,9,38,33,28.2,170.1,70.7,High,Clear,0,20,Cancelled,3
F1193,2024-04-08,Cooperative Collection Centre,Greenfield,Krishna,Paddy,BPT-5204,6.93,14,Tractor,1,3,6,14:00-15:00,Monday,4,20,16,17.4,59.5,32.3,Medium,Clear,0,25,Completed,0
F1194,2024-09-28,Rural Market Yard,Lakshmi Nagar,Krishna,Maize,Pioneer-3396,13.45,27,Tractor,3,5,6,09:00-10:00,Saturday,9,44,42,24.1,152.2,62.1,High,Clear,0,20,Completed,3
F1195,2025-07-28,Rural Market Yard,Lakshmi Nagar,Krishna,Maize,DHM-117,10.83,22,Mini Truck,2,5,5,10:00-11:00,Monday,7,27,24,20.5,73.2,38.8,Medium,Cloudy,0,25,Completed,1
F1196,2024-03-09,Mandal Procurement Centre,Greenfield,Krishna,Maize,DHM-117,10.32,21,Tractor,3,3,5,08:00-09:00,Saturday,3,46,41,20.4,148.6,57.5,High,Clear,0,20,Completed,2
F1197,2025-05-21,Mandal Procurement Centre,Lakshmi Nagar,Krishna,Cotton,NCS-145,13.34,27,Mini Truck,3,4,9,14:00-15:00,Wednesday,5,15,13,22.9,96.8,47.1,High,Clear,0,25,Cancelled,1
F1198,2025-12-02,Cooperative Collection Centre,Lakshmi Nagar,Krishna,Maize,Pioneer-3396,6.5,13,Tractor,2,5,10,09:00-10:00,Tuesday,12,39,36,14.6,89.9,37.1,High,Cloudy,0,20,Completed,0
F1199,2024-04-07,Rural Market Yard,Rythu Colony,Krishna,Cotton,NCS-145,20.02,41,Mini Truck,1,3,5,08:00-09:00,Sunday,4,34,34,35.0,160.8,75.2,High,Clear,1,20,Cancelled,3
F1200,2025-09-06,Cooperative Collection Centre,Lakshmi Nagar,Krishna,Paddy,BPT-5204,5.9,12,Tractor,2,3,4,14:00-15:00,Saturday,9,5,4,13.5,45.1,24.8,Medium,Rainy,0,25,Completed,0
F1201,2024-06-01,Rural Market Yard,Rythu Colony,Krishna,Cotton,Bt Cotton,10.96,22,Auto,3,3,7,11:00-12:00,Saturday,6,27,29,21.4,113.0,49.6,High,Cloudy,0,25,Completed,1
F1202,2025-10-17,Mandal Procurement Centre,Greenfield,Krishna,Paddy,BPT-5204,14.56,30,Tractor,3,4,12,11:00-12:00,Friday,10,45,42,24.8,132.8,58.0,High,Clear,0,25,Cancelled,3
F1203,2025-06-13,Cooperative Collection Centre,Lakshmi Nagar,Krishna,Maize,DHM-117,4.59,10,Tractor,2,5,10,08:00-09:00,Friday,6,36,28,10.5,67.1,27.3,High,Clear,0,20,Completed,0
F1204,2025-03-07,Mandal Procurement Centre,Lakshmi Nagar,Krishna,Paddy,Sona Masuri,11.0,22,Auto,1,2,9,09:00-10:00,Friday,3,37,33,20.4,116.4,49.5,High,Clear,0,20,Completed,2
F1205,2025-03-13,Mandal Procurement Centre,Rythu Colony,Krishna,Maize,DHM-117,6.21,13,Auto,3,2,10,16:00-17:00,Thursday,3,13,12,12.0,56.6,26.1,Medium,Clear,0,20,Completed,0
F1206,2024-05-20,Mandal Procurement Centre,Greenfield,Krishna,Cotton,NCS-145,11.52,24,Auto,2,2,11,11:00-12:00,Monday,5,20,17,22.6,79.9,42.6,Medium,Cloudy,0,25,Completed,1
F1207,2025-01-06,Rural Market Yard,Rythu Colony,Krishna,Maize,DHM-117,6.71,14,Tractor,2,5,5,10:00-11:00,Monday,1,43,51,15.1,112.3,43.2,High,Clear,0,25,Completed,2
F1208,2025-06-02,Rural Market Yard,Lakshmi Nagar,Krishna,Cotton,Bt Cotton,6.18,13,Mini Truck,3,4,12,15:00-16:00,Monday,6,18,15,16.1,58.2,30.7,Medium,Cloudy,0,25,Completed,0
F1209,2025-10-21,Mandal Procurement Centre,Greenfield,Krishna,Maize,Pioneer-3396,7.82,16,Tractor,3,5,6,12:00-13:00,Tuesday,10,37,36,18.1,105.7,44.5,High,Cloudy,0,20,Cancelled,2
F1210,2025-01-12,Mandal Procurement Centre,Greenfield,Krishna,Cotton,Bt Cotton,11.81,24,Mini Truck,1,3,4,10:00-11:00,Sunday,1,56,54,21.6,120.3,51.7,High,Clear,1,25,Completed,2
F1211,2025-06-03,Cooperative Collection Centre,Lakshmi Nagar,Krishna,Cotton,NCS-145,9.0,18,Auto,1,2,11,09:00-10:00,Tuesday,6,34,32,21.4,103.8,47.3,High,Cloudy,0,20,Completed,1
F1212,2024-01-19,Rural Market Yard,Greenfield,Krishna,Maize,Pioneer-3396,3.59,8,Mini Truck,2,5,8,09:00-10:00,Friday,1,51,53,12.9,123.0,43.6,High,Clear,0,20,Completed,2
F1213,2024-08-12,Mandal Procurement Centre,Lakshmi Nagar,Krishna,Cotton,NCS-145,9.82,20,Auto,3,5,5,09:00-10:00,Monday,8,22,26,17.0,99.9,42.0,High,Rainy,0,20,Completed,0
F1214,2024-08-02,Mandal Procurement Centre,Rythu Colony,Krishna,Maize,DHM-117,6.3,13,Mini Truck,2,5,12,16:00-17:00,Friday,8,22,24,19.0,68.2,36.0,Medium,Cloudy,0,20,Completed,0
F1215,2025-11-06,Mandal Procurement Centre,Lakshmi Nagar,Krishna,Maize,Pioneer-3396,5.71,12,Tractor,3,3,10,10:00-11:00,Thursday,11,55,57,14.1,131.4,47.0,High,Cloudy,0,25,Completed,2
F1216,2024-11-11,Mandal Procurement Centre,Greenfield,Krishna,Cotton,Bt Cotton,15.34,31,Mini Truck,3,2,5,08:00-09:00,Monday,11,45,48,24.1,169.3,66.4,High,Clear,0,20,Completed,3
F1217,2025-05-04,Mandal Procurement Centre,Kisanpur,Krishna,Paddy,BPT-5204,7.24,15,Auto,3,4,12,11:00-12:00,Sunday,5,24,23,16.0,81.4,36.4,Medium,Cloudy,0,25,Completed,0
F1218,2024-01-17,Cooperative Collection Centre,Lakshmi Nagar,Krishna,Maize,Pioneer-3396,8.03,17,Tractor,1,3,9,11:00-12:00,Wednesday,1,25,23,18.8,77.0,38.0,Medium,Rainy,0,25,Cancelled,0
F1219,2024-12-26,Rural Market Yard,Rythu Colony,Krishna,Cotton,NCS-145,9.67,20,Auto,3,3,8,09:00-10:00,Thursday,12,38,41,19.2,137.5,53.6,High,Cloudy,0,20,Completed,2
F1220,2024-03-04,Mandal Procurement Centre,Lakshmi Nagar,Krishna,Paddy,Sona Masuri,10.33,21,Mini Truck,2,2,12,09:00-10:00,Monday,3,26,26,20.6,109.3,47.9,High,Cloudy,0,20,Cancelled,1
F1221,2025-08-18,Rural Market Yard,Lakshmi Nagar,Krishna,Cotton,Bt Cotton,10.17,21,Auto,1,3,6,10:00-11:00,Monday,8,20,21,19.5,85.6,40.9,Medium,Rainy,0,25,Completed,1
F1222,2025-01-07,Mandal Procurement Centre,Rythu Colony,Krishna,Cotton,Bt Cotton,8.09,17,Mini Truck,3,2,12,14:00-15:00,Tuesday,1,26,24,17.6,86.0,39.1,Medium,Rainy,0,25,Completed,0
F1223,2024-03-12,Rural Market Yard,Rythu Colony,Krishna,Maize,Pioneer-3396,12.47,25,Tractor,2,5,12,15:00-16:00,Tuesday,3,22,18,24.8,71.3,42.6,Medium,Cloudy,0,25,Completed,1
F1224,2025-04-23,Mandal Procurement Centre,Lakshmi Nagar,Krishna,Maize,DHM-117,3.55,8,Auto,1,4,9,14:00-15:00,Wednesday,4,9,7,11.8,11.3,14.6,Low,Clear,0,25,Completed,0
F1225,2025-03-03,Cooperative Collection Centre,Greenfield,Krishna,Paddy,Sona Masuri,11.03,23,Tractor,1,3,9,16:00-17:00,Monday,3,23,18,19.9,89.9,42.4,Medium,Clear,0,20,Completed,1
F1226,2025-05-26,Cooperative Collection Centre,Rythu Colony,Krishna,Paddy,Sona Masuri,6.89,14,Tractor,1,3,8,09:00-10:00,Monday,5,35,35,16.5,97.5,40.9,High,Clear,0,20,Cancelled,2
F1227,2024-11-08,Mandal Procurement Centre,Lakshmi Nagar,Krishna,Maize,Pioneer-3396,3.88,8,Tractor,3,3,6,09:00-10:00,Friday,11,32,28,10.7,85.0,31.9,High,Rainy,0,20,Completed,0
F1228,2025-09-12,Mandal Procurement Centre,Kisanpur,Krishna,Paddy,BPT-5204,6.58,14,Auto,3,3,4,12:00-13:00,Friday,9,9,6,12.8,58.7,27.5,Medium,Rainy,0,20,Cancelled,0
F1229,2025-12-27,Cooperative Collection Centre,Greenfield,Krishna,Maize,Pioneer-3396,5.51,12,Tractor,3,2,5,14:00-15:00,Saturday,12,36,34,13.5,97.5,37.9,High,Clear,0,25,Completed,0
F1230,2025-12-09,Rural Market Yard,Rythu Colony,Krishna,Maize,Pioneer-3396,13.06,27,Mini Truck,1,5,6,12:00-13:00,Tuesday,12,34,30,24.9,104.0,50.9,High,Cloudy,0,20,Cancelled,1
F1231,2024-11-02,Cooperative Collection Centre,Rythu Colony,Krishna,Paddy,Sona Masuri,9.45,19,Mini Truck,2,2,8,12:00-13:00,Saturday,11,43,45,17.2,143.8,53.2,High,Cloudy,0,20,Completed,2
F1232,2025-06-24,Mandal Procurement Centre,Kisanpur,Krishna,Cotton,NCS-145,5.44,11,Mini Truck,2,3,8,16:00-17:00,Tuesday,6,33,26,16.2,87.4,38.0,Medium,Clear,0,20,Completed,0
F1233,2025-05-24,Rural Market Yard,Lakshmi Nagar,Krishna,Maize,DHM-117,11.52,24,Tractor,2,5,11,09:00-10:00,Saturday,5,32,35,20.4,115.0,49.1,High,Clear,1,20,Completed,2
F1234,2024-05-09,Mandal Procurement Centre,Lakshmi Nagar,Krishna,Maize,DHM-117,5.36,11,Mini Truck,3,4,8,08:00-09:00,Thursday,5,25,24,14.1,87.9,36.1,Medium,Clear,0,20,Completed,0
F1235,2025-08-05,Cooperative Collection Centre,Lakshmi Nagar,Krishna,Maize,Pioneer-3396,19.97,40,Mini Truck,1,5,6,08:00-09:00,Tuesday,8,40,37,31.0,135.7,64.9,High,Clear,0,20,Completed,3
F1236,2025-05-09,Rural Market Yard,Kisanpur,Krishna,Cotton,NCS-145,3.63,8,Auto,2,3,4,08:00-09:00,Friday,5,32,31,10.9,86.7,32.6,High,Clear,0,20,Completed,0
F1237,2025-02-05,Rural Market Yard,Rythu Colony,Krishna,Maize,Pioneer-3396,9.8,20,Mini Truck,2,3,6,09:00-10:00,Wednesday,2,36,38,18.7,126.8,50.4,High,Clear,0,20,Cancelled,2
F1238,2025-07-26,Mandal Procurement Centre,Lakshmi Nagar,Krishna,Cotton,NCS-145,7.67,16,Tractor,3,5,5,14:00-15:00,Saturday,7,32,39,15.1,107.7,42.0,High,Clear,1,25,Completed,2
F1239,2025-03-24,Mandal Procurement Centre,Kisanpur,Krishna,Paddy,Sona Masuri,6.96,14,Auto,1,5,12,14:00-15:00,Monday,3,18,13,13.7,35.8,22.6,Low,Clear,0,25,Completed,0
F1240,2025-11-11,Cooperative Collection Centre,Lakshmi Nagar,Krishna,Maize,Pioneer-3396,11.8,24,Auto,3,2,12,11:00-12:00,Tuesday,11,35,34,20.3,107.6,47.2,High,Clear,1,25,Completed,1
F1241,2025-02-01,Mandal Procurement Centre,Greenfield,Krishna,Cotton,Bt Cotton,18.14,37,Tractor,3,4,11,09:00-10:00,Saturday,2,32,29,29.7,141.6,65.1,High,Cloudy,0,20,Completed,3
F1242,2024-03-14,Mandal Procurement Centre,Kisanpur,Krishna,Cotton,NCS-145,6.48,13,Tractor,3,2,8,10:00-11:00,Thursday,3,33,36,18.1,99.2,42.9,High,Clear,0,25,Completed,2
F1243,2025-05-26,Cooperative Collection Centre,Greenfield,Krishna,Cotton,Bt Cotton,11.53,24,Auto,1,3,12,14:00-15:00,Monday,5,22,24,22.9,94.5,46.5,High,Clear,0,25,Completed,1
F1244,2024-06-28,Rural Market Yard,Lakshmi Nagar,Krishna,Maize,DHM-117,3.44,7,Tractor,2,5,11,08:00-09:00,Friday,6,30,35,13.1,93.0,36.4,High,Cloudy,0,20,Cancelled,0
F1245,2025-11-02,Cooperative Collection Centre,Lakshmi Nagar,Krishna,Maize,Pioneer-3396,5.94,12,Tractor,1,3,12,09:00-10:00,Sunday,11,42,36,14.6,100.8,39.8,High,Clear,0,20,Completed,2
F1246,2025-05-14,Rural Market Yard,Kisanpur,Krishna,Paddy,BPT-5204,10.77,22,Mini Truck,2,4,10,15:00-16:00,Wednesday,5,26,30,18.8,92.7,42.0,High,Cloudy,0,25,Completed,1
F1247,2025-07-05,Cooperative Collection Centre,Kisanpur,Krishna,Cotton,Bt Cotton,14.98,30,Auto,3,4,4,09:00-10:00,Saturday,7,31,39,25.1,150.5,62.7,High,Rainy,0,20,Cancelled,3
F1248,2025-08-22,Mandal Procurement Centre,Rythu Colony,Krishna,Cotton,Bt Cotton,13.53,28,Mini Truck,3,2,11,08:00-09:00,Friday,8,35,34,26.3,146.2,62.8,High,Clear,0,20,Cancelled,3
F1249,2025-04-19,Mandal Procurement Centre,Greenfield,Krishna,Paddy,BPT-5204,9.44,19,Tractor,2,3,12,10:00-11:00,Saturday,4,29,24,19.6,97.2,43.9,High,Clear,0,25,Completed,1
F1250,2025-07-25,Cooperative Collection Centre,Lakshmi Nagar,Krishna,Paddy,BPT-5204,10.01,21,Tractor,3,4,5,10:00-11:00,Friday,7,27,24,19.1,101.7,44.5,High,Clear,0,25,Completed,1
F1251,2025-04-10,Cooperative Collection Centre,Kisanpur,Krishna,Paddy,Sona Masuri,17.64,36,Auto,2,5,4,08:00-09:00,Thursday,4,32,28,30.2,119.0,60.0,High,Cloudy,0,20,Completed,3
F1252,2025-06-03,Rural Market Yard,Greenfield,Krishna,Cotton,NCS-145,6.59,14,Auto,2,3,4,08:00-09:00,Tuesday,6,35,32,20.9,117.5,50.3,High,Clear,0,20,Completed,2
F1253,2025-07-07,Rural Market Yard,Kisanpur,Krishna,Paddy,BPT-5204,12.43,25,Tractor,2,4,6,12:00-13:00,Monday,7,15,9,25.6,72.2,43.7,Medium,Cloudy,0,20,Completed,1
F1254,2025-04-10,Cooperative Collection Centre,Kisanpur,Krishna,Paddy,BPT-5204,3.99,8,Tractor,2,4,12,09:00-10:00,Thursday,4,22,30,13.3,77.3,32.6,High,Rainy,0,20,Cancelled,0
F1255,2024-05-31,Mandal Procurement Centre,Rythu Colony,Krishna,Paddy,BPT-5204,11.14,23,Mini Truck,3,2,4,09:00-10:00,Friday,5,24,14,21.7,103.9,47.7,High,Rainy,1,20,Completed,1
F1256,2025-09-15,Cooperative Collection Centre,Kisanpur,Krishna,Paddy,BPT-5204,3.51,8,Tractor,1,2,12,09:00-10:00,Monday,9,33,35,12.8,73.1,31.1,High,Rainy,0,20,Completed,0
F1257,2025-02-16,Mandal Procurement Centre,Rythu Colony,Krishna,Paddy,Sona Masuri,14.39,29,Tractor,3,5,12,15:00-16:00,Sunday,2,19,20,24.9,83.9,45.9,Medium,Clear,0,25,Completed,1
F1258,2025-10-09,Mandal Procurement Centre,Greenfield,Krishna,Paddy,BPT-5204,5.42,11,Mini Truck,3,2,11,08:00-09:00,Thursday,10,41,36,14.0,138.5,48.6,High,Clear,0,20,Cancelled,2
F1259,2024-11-05,Rural Market Yard,Rythu Colony,Krishna,Paddy,BPT-5204,13.21,27,Mini Truck,2,4,8,11:00-12:00,Tuesday,11,41,38,22.1,107.5,49.0,High,Clear,0,25,Completed,1
F1260,2025-03-19,Cooperative Collection Centre,Kisanpur,Krishna,Paddy,BPT-5204,7.73,16,Auto,3,3,6,08:00-09:00,Wednesday,3,28,25,18.6,96.9,42.8,High,Clear,1,20,Completed,0
F1261,2025-08-22,Rural Market Yard,Kisanpur,Krishna,Paddy,Sona Masuri,6.71,14,Mini Truck,3,2,4,16:00-17:00,Friday,8,18,15,12.1,73.7,30.5,Medium,Cloudy,0,20,Completed,0
F1262,2025-04-02,Rural Market Yard,Rythu Colony,Krishna,Maize,Pioneer-3396,11.28,23,Auto,3,3,5,09:00-10:00,Wednesday,4,26,23,22.2,111.4,50.0,High,Clear,0,20,Completed,1
F1263,2024-05-24,Mandal Procurement Centre,Kisanpur,Krishna,Paddy,Sona Masuri,7.92,16,Tractor,3,4,10,10:00-11:00,Friday,5,38,39,16.4,102.1,41.9,High,Clear,0,25,Cancelled,2
F1264,2024-08-21,Rural Market Yard,Kisanpur,Krishna,Maize,DHM-117,7.81,16,Tractor,3,5,12,15:00-16:00,Wednesday,8,11,15,17.9,52.8,31.1,Medium,Clear,0,25,Completed,0
F1265,2024-01-27,Mandal Procurement Centre,Kisanpur,Krishna,Maize,DHM-117,3.02,7,Tractor,1,4,11,11:00-12:00,Saturday,1,42,43,12.5,98.1,37.0,High,Clear,0,25,Cancelled,2
F1266,2024-06-17,Rural Market Yard,Lakshmi Nagar,Krishna,Cotton,Bt Cotton,8.13,17,Mini Truck,2,4,8,09:00-10:00,Monday,6,29,31,17.2,97.7,41.6,High,Cloudy,0,20,Cancelled,0
F1267,2025-02-02,Cooperative Collection Centre,Lakshmi Nagar,Krishna,Cotton,NCS-145,7.05,15,Tractor,3,2,7,08:00-09:00,Sunday,2,30,37,16.0,144.9,52.2,High,Clear,0,20,Cancelled,2
F1268,2024-12-16,Cooperative Collection Centre,Rythu Colony,Krishna,Maize,Pioneer-3396,19.72,40,Tractor,3,2,8,09:00-10:00,Monday,12,44,41,30.6,174.2,74.2,High,Clear,0,20,Cancelled,3
F1269,2024-09-19,Mandal Procurement Centre,Greenfield,Krishna,Maize,DHM-117,6.42,13,Mini Truck,1,5,5,08:00-09:00,Thursday,9,40,37,15.3,78.4,34.9,High,Clear,0,20,Completed,0
F1270,2025-07-31,Rural Market Yard,Rythu Colony,Krishna,Cotton,Bt Cotton,8.38,17,Tractor,1,3,5,10:00-11:00,Thursday,7,33,27,17.2,77.9,36.7,Medium,Cloudy,0,25,Completed,0
F1271,2025-06-28,Mandal Procurement Centre,Rythu Colony,Krishna,Paddy,Sona Masuri,8.5,17,Tractor,1,5,11,08:00-09:00,Saturday,6,42,46,19.2,119.5,49.1,High,Clear,0,20,Cancelled,2
F1272,2024-03-09,Rural Market Yard,Kisanpur,Krishna,Paddy,BPT-5204,14.36,29,Mini Truck,2,4,7,11:00-12:00,Saturday,3,21,20,27.9,98.8,52.6,High,Clear,0,25,Cancelled,1
F1273,2024-04-09,Mandal Procurement Centre,Rythu Colony,Krishna,Paddy,BPT-5204,8.01,17,Tractor,3,4,11,10:00-11:00,Tuesday,4,35,30,19.2,92.0,42.2,High,Clear,0,25,Cancelled,0
F1274,2024-08-21,Cooperative Collection Centre,Greenfield,Krishna,Cotton,Bt Cotton,4.85,10,Mini Truck,2,3,5,15:00-16:00,Wednesday,8,17,14,12.7,58.3,27.3,Medium,Cloudy,0,25,Completed,0
F1275,2025-06-20,Mandal Procurement Centre,Kisanpur,Krishna,Cotton,NCS-145,18.0,36,Tractor,2,5,8,14:00-15:00,Friday,6,20,21,31.3,108.8,58.5,High,Clear,0,25,Completed,1
F1276,2025-06-20,Mandal Procurement Centre,Rythu Colony,Krishna,Maize,DHM-117,5.87,12,Auto,1,3,12,11:00-12:00,Friday,6,20,17,16.2,49.2,28.5,Medium,Cloudy,0,25,Completed,0
F1277,2024-04-24,Mandal Procurement Centre,Lakshmi Nagar,Krishna,Paddy,Sona Masuri,13.19,27,Mini Truck,1,2,4,08:00-09:00,Wednesday,4,23,27,24.3,115.9,53.3,High,Rainy,0,20,Completed,1
F1278,2024-08-11,Rural Market Yard,Greenfield,Krishna,Paddy,Sona Masuri,7.84,16,Mini Truck,1,2,4,10:00-11:00,Sunday,8,37,39,13.2,112.5,41.3,High,Clear,0,25,Completed,2
F1279,2024-03-05,Cooperative Collection Centre,Kisanpur,Krishna,Cotton,NCS-145,4.05,9,Mini Truck,3,4,5,12:00-13:00,Tuesday,3,18,18,22.9,84.0,43.9,Medium,Clear,0,20,Cancelled,0
F1280,2024-09-14,Mandal Procurement Centre,Greenfield,Krishna,Maize,Pioneer-3396,6.21,13,Tractor,3,5,11,09:00-10:00,Saturday,9,38,35,15.5,108.0,42.5,High,Clear,0,20,Cancelled,2
F1281,2024-06-21,Mandal Procurement Centre,Lakshmi Nagar,Krishna,Cotton,Bt Cotton,12.64,26,Auto,1,4,8,12:00-13:00,Friday,6,24,24,27.4,97.9,51.9,High,Cloudy,0,20,Completed,1
F1282,2024-07-25,Cooperative Collection Centre,Lakshmi Nagar,Krishna,Maize,DHM-117,4.18,9,Auto,3,4,12,10:00-11:00,Thursday,7,33,34,9.9,72.7,28.1,High,Clear,0,25,Cancelled,0
F1283,2025-01-17,Rural Market Yard,Kisanpur,Krishna,Cotton,NCS-145,7.56,16,Auto,1,2,9,08:00-09:00,Friday,1,50,51,20.2,146.2,56.8,High,Clear,0,20,Completed,2
F1284,2025-08-28,Mandal Procurement Centre,Rythu Colony,Krishna,Paddy,BPT-5204,2.86,6,Auto,1,3,7,09:00-10:00,Thursday,8,37,36,14.1,104.6,40.2,High,Clear,0,20,Completed,2
F1285,2024-05-09,Rural Market Yard,Lakshmi Nagar,Krishna,Cotton,Bt Cotton,5.37,11,Tractor,3,3,11,08:00-09:00,Thursday,5,29,28,16.2,92.5,39.3,High,Rainy,1,20,Completed,0
F1286,2025-11-12,Cooperative Collection Centre,Greenfield,Krishna,Cotton,Bt Cotton,7.94,16,Mini Truck,3,4,8,14:00-15:00,Wednesday,11,35,30,11.6,92.9,34.8,High,Clear,0,25,Completed,0
F1287,2025-01-02,Cooperative Collection Centre,Lakshmi Nagar,Krishna,Cotton,NCS-145,11.18,23,Tractor,3,4,11,15:00-16:00,Thursday,1,38,39,23.2,104.1,49.2,High,Clear,0,25,Cancelled,2
F1288,2024-01-30,Rural Market Yard,Greenfield,Krishna,Paddy,BPT-5204,8.76,18,Tractor,1,4,6,15:00-16:00,Tuesday,1,31,29,19.9,80.2,40.0,Medium,Rainy,0,25,Completed,0
F1289,2025-11-04,Rural Market Yard,Lakshmi Nagar,Krishna,Cotton,Bt Cotton,8.62,18,Tractor,2,3,9,11:00-12:00,Tuesday,11,26,26,18.0,100.5,43.1,High,Clear,0,25,Completed,0
F1290,2025-05-29,Cooperative Collection Centre,Greenfield,Krishna,Cotton,NCS-145,13.56,28,Tractor,3,2,11,15:00-16:00,Thursday,5,10,12,27.4,92.8,50.6,High,Rainy,0,25,Completed,1
F1291,2024-12-18,Cooperative Collection Centre,Lakshmi Nagar,Krishna,Maize,DHM-117,2.0,4,Tractor,1,4,5,14:00-15:00,Wednesday,12,41,44,12.9,92.9,36.1,High,Clear,0,25,Completed,2
F1292,2024-07-20,Mandal Procurement Centre,Greenfield,Krishna,Paddy,Sona Masuri,7.78,16,Tractor,2,5,5,08:00-09:00,Saturday,7,40,48,19.3,147.4,56.2,High,Cloudy,0,20,Completed,2
F1293,2025-03-09,Mandal Procurement Centre,Lakshmi Nagar,Krishna,Maize,Pioneer-3396,6.73,14,Tractor,1,4,11,09:00-10:00,Sunday,3,43,40,16.3,106.0,42.8,High,Clear,0,20,Completed,2
F1294,2025-04-14,Rural Market Yard,Lakshmi Nagar,Krishna,Maize,Pioneer-3396,4.94,10,Mini Truck,3,4,11,10:00-11:00,Monday,4,38,36,13.7,100.4,38.8,High,Clear,0,25,Completed,2
F1295,2024-04-27,Mandal Procurement Centre,Greenfield,Krishna,Maize,Pioneer-3396,10.03,21,Tractor,1,3,8,10:00-11:00,Saturday,4,46,52,19.8,142.3,55.4,High,Clear,0,25,Completed,2
F1296,2024-10-25,Mandal Procurement Centre,Rythu Colony,Krishna,Paddy,BPT-5204,19.29,39,Mini Truck,1,5,8,10:00-11:00,Friday,10,44,47,32.9,136.6,67.0,High,Clear,0,25,Completed,3
F1297,2024-06-28,Cooperative Collection Centre,Greenfield,Krishna,Cotton,Bt Cotton,3.74,8,Mini Truck,2,3,5,14:00-15:00,Friday,6,9,10,15.3,50.2,27.9,Medium,Rainy,0,25,Completed,0
F1298,2024-01-02,Rural Market Yard,Kisanpur,Krishna,Paddy,Sona Masuri,13.68,28,Tractor,3,4,10,09:00-10:00,Tuesday,1,51,54,23.5,152.4,61.6,High,Clear,0,20,Completed,3
F1299,2025-08-06,Rural Market Yard,Kisanpur,Krishna,Paddy,Sona Masuri,2.76,6,Mini Truck,1,4,4,09:00-10:00,Wednesday,8,45,42,9.1,100.2,34.1,High,Clear,0,20,Completed,2
F1300,2024-10-21,Rural Market Yard,Rythu Colony,Krishna,Maize,DHM-117,4.0,8,Tractor,3,3,6,11:00-12:00,Monday,10,33,28,12.0,92.6,35.1,High,Clear,0,25,Completed,0
F1301,2024-01-02,Rural Market Yard,Greenfield,Krishna,Cotton,Bt Cotton,7.63,16,Mini Truck,2,2,6,16:00-17:00,Tuesday,1,32,31,18.0,117.5,47.4,High,Clear,0,20,Completed,2
F1302,2025-06-26,Rural Market Yard,Rythu Colony,Krishna,Cotton,NCS-145,3.99,8,Tractor,1,4,12,11:00-12:00,Thursday,6,22,15,15.0,37.5,24.4,Low,Cloudy,0,25,Completed,0
F1303,2024-02-05,Cooperative Collection Centre,Rythu Colony,Krishna,Cotton,Bt Cotton,8.91,18,Tractor,3,4,5,08:00-09:00,Monday,2,35,26,20.9,121.1,51.2,High,Clear,0,20,Cancelled,1
F1304,2025-08-29,Cooperative Collection Centre,Lakshmi Nagar,Krishna,Paddy,Sona Masuri,20.45,41,Auto,2,3,11,08:00-09:00,Friday,8,33,26,35.3,145.2,71.6,High,Cloudy,0,20,Completed,3
F1305,2025-05-24,Cooperative Collection Centre,Lakshmi Nagar,Krishna,Paddy,BPT-5204,7.9,16,Auto,3,2,10,16:00-17:00,Saturday,5,20,23,20.1,108.8,47.3,High,Clear,0,20,Completed,1
F1306,2025-04-28,Cooperative Collection Centre,Greenfield,Krishna,Paddy,Sona Masuri,10.24,21,Mini Truck,2,4,12,09:00-10:00,Monday,4,26,26,16.8,93.6,40.2,High,Rainy,1,20,Completed,0
F1307,2025-03-04,Rural Market Yard,Kisanpur,Krishna,Maize,Pioneer-3396,2.0,4,Auto,3,2,7,10:00-11:00,Tuesday,3,37,29,12.3,83.4,33.2,Medium,Cloudy,0,25,Completed,0
F1308,2025-12-22,Mandal Procurement Centre,Kisanpur,Krishna,Maize,DHM-117,12.14,25,Tractor,2,2,8,09:00-10:00,Monday,12,42,39,21.2,136.7,55.4,High,Rainy,0,20,Completed,2
F1309,2025-02-19,Cooperative Collection Centre,Lakshmi Nagar,Krishna,Cotton,NCS-145,14.91,30,Tractor,3,2,8,09:00-10:00,Wednesday,2,23,19,28.5,113.2,56.8,High,Rainy,0,20,Completed,1
F1310,2024-05-27,Rural Market Yard,Kisanpur,Krishna,Paddy,BPT-5204,13.63,28,Tractor,3,2,7,15:00-16:00,Monday,5,24,25,22.9,101.9,48.4,High,Cloudy,0,25,Cancelled,1
F1311,2025-10-11,Rural Market Yard,Lakshmi Nagar,Krishna,Maize,DHM-117,7.96,16,Tractor,3,5,6,14:00-15:00,Saturday,10,33,26,17.7,84.1,38.7,Medium,Rainy,0,25,Completed,0
F1312,2025-12-18,Rural Market Yard,Rythu Colony,Krishna,Cotton,Bt Cotton,15.22,31,Mini Truck,1,3,9,08:00-09:00,Thursday,12,41,31,25.7,120.7,55.9,High,Rainy,0,20,Cancelled,1
F1313,2025-03-18,Mandal Procurement Centre,Kisanpur,Krishna,Paddy,BPT-5204,8.28,17,Mini Truck,3,5,10,09:00-10:00,Tuesday,3,34,31,18.7,103.9,44.7,High,Clear,0,20,Completed,2
F1314,2025-08-30,Rural Market Yard,Greenfield,Krishna,Paddy,BPT-5204,4.26,9,Tractor,2,3,8,09:00-10:00,Saturday,8,33,30,15.7,109.5,43.1,High,Cloudy,0,20,Completed,0
F1315,2025-10-26,Cooperative Collection Centre,Rythu Colony,Krishna,Cotton,Bt Cotton,9.95,20,Tractor,2,5,5,14:00-15:00,Sunday,10,29,33,18.6,89.4,41.0,Medium,Cloudy,1,25,Completed,1
F1316,2025-05-28,Cooperative Collection Centre,Kisanpur,Krishna,Cotton,Bt Cotton,9.22,19,Auto,2,5,8,08:00-09:00,Wednesday,5,30,22,19.2,67.3,36.0,Medium,Clear,0,20,Completed,0
F1317,2024-05-21,Rural Market Yard,Greenfield,Krishna,Paddy,Sona Masuri,7.43,15,Tractor,2,5,7,16:00-17:00,Tuesday,5,14,13,17.7,42.8,28.4,Low,Rainy,0,20,Completed,0
F1318,2025-11-08,Cooperative Collection Centre,Greenfield,Krishna,Cotton,NCS-145,3.12,7,Tractor,3,2,4,14:00-15:00,Saturday,11,30,34,12.8,102.3,38.4,High,Rainy,0,25,Completed,0
F1319,2024-08-25,Mandal Procurement Centre,Greenfield,Krishna,Paddy,Sona Masuri,5.19,11,Auto,1,4,6,14:00-15:00,Sunday,8,19,24,14.7,71.8,32.6,Medium,Cloudy,0,25,Completed,0
F1320,2024-05-24,Rural Market Yard,Greenfield,Krishna,Cotton,Bt Cotton,6.41,13,Mini Truck,3,3,5,09:00-10:00,Friday,5,44,47,16.3,137.7,50.7,High,Clear,0,20,Completed,2
F1321,2024-10-23,Mandal Procurement Centre,Kisanpur,Krishna,Cotton,Bt Cotton,6.7,14,Tractor,1,5,9,09:00-10:00,Wednesday,10,50,44,14.0,110.2,41.5,High,Clear,0,20,Completed,2
F1322,2025-07-14,Rural Market Yard,Rythu Colony,Krishna,Paddy,BPT-5204,3.25,7,Mini Truck,2,5,7,11:00-12:00,Monday,7,18,14,12.7,34.7,21.4,Low,Rainy,0,25,Completed,0
F1323,2025-10-01,Rural Market Yard,Greenfield,Krishna,Cotton,Bt Cotton,13.45,27,Auto,2,2,5,11:00-12:00,Wednesday,10,38,35,23.7,114.6,52.3,High,Clear,0,25,Completed,1
F1324,2025-08-06,Mandal Procurement Centre,Kisanpur,Krishna,Paddy,Sona Masuri,21.37,43,Tractor,3,2,11,11:00-12:00,Wednesday,8,15,11,33.2,130.5,65.8,High,Clear,0,25,Completed,3
F1325,2025-11-23,Mandal Procurement Centre,Greenfield,Krishna,Maize,Pioneer-3396,13.74,28,Auto,3,5,5,10:00-11:00,Sunday,11,51,51,27.1,148.3,64.2,High,Clear,0,25,Cancelled,3
F1326,2024-01-27,Rural Market Yard,Rythu Colony,Krishna,Paddy,BPT-5204,13.29,27,Tractor,1,4,4,08:00-09:00,Saturday,1,49,50,26.0,154.6,64.7,High,Clear,0,20,Completed,3
F1327,2025-11-10,Mandal Procurement Centre,Rythu Colony,Krishna,Paddy,BPT-5204,11.01,23,Auto,3,4,4,15:00-16:00,Monday,11,15,18,20.9,89.6,43.3,Medium,Rainy,0,25,Cancelled,1
F1328,2025-03-17,Mandal Procurement Centre,Kisanpur,Krishna,Paddy,Sona Masuri,14.91,30,Tractor,1,2,8,12:00-13:00,Monday,3,18,14,26.5,84.7,47.7,Medium,Clear,0,20,Completed,1
F1329,2024-10-08,Cooperative Collection Centre,Greenfield,Krishna,Maize,Pioneer-3396,15.49,31,Tractor,2,4,5,16:00-17:00,Tuesday,10,33,33,26.7,146.7,63.4,High,Clear,0,20,Completed,3
F1330,2024-12-05,Mandal Procurement Centre,Lakshmi Nagar,Krishna,Cotton,Bt Cotton,6.79,14,Mini Truck,1,4,6,15:00-16:00,Thursday,12,34,33,18.2,88.9,40.4,Medium,Rainy,0,25,Completed,0
F1331,2025-04-12,Mandal Procurement Centre,Lakshmi Nagar,Krishna,Maize,DHM-117,11.51,24,Tractor,3,3,9,15:00-16:00,Saturday,4,29,28,20.1,108.3,47.2,High,Cloudy,0,25,Completed,1
F1332,2025-06-23,Rural Market Yard,Kisanpur,Krishna,Paddy,Sona Masuri,8.6,18,Auto,1,3,5,14:00-15:00,Monday,6,20,23,16.1,76.9,35.3,Medium,Clear,0,25,Cancelled,0
F1333,2024-01-30,Mandal Procurement Centre,Greenfield,Krishna,Paddy,Sona Masuri,17.98,36,Tractor,2,4,10,09:00-10:00,Tuesday,1,34,29,30.6,113.1,58.9,High,Rainy,0,20,Completed,3
F1334,2025-01-26,Rural Market Yard,Kisanpur,Krishna,Paddy,Sona Masuri,15.07,31,Mini Truck,2,2,11,08:00-09:00,Sunday,1,44,45,26.8,159.7,66.7,High,Rainy,0,20,Completed,3
F1335,2024-01-26,Rural Market Yard,Greenfield,Krishna,Paddy,Sona Masuri,6.37,13,Mini Truck,1,3,12,09:00-10:00,Friday,1,50,53,12.3,125.7,43.7,High,Clear,0,20,Cancelled,2
F1336,2025-10-27,Rural Market Yard,Lakshmi Nagar,Krishna,Paddy,Sona Masuri,13.69,28,Mini Truck,2,5,9,08:00-09:00,Monday,10,39,33,22.3,130.5,54.9,High,Rainy,0,20,Completed,1
F1337,2024-01-04,Rural Market Yard,Greenfield,Krishna,Paddy,Sona Masuri,14.43,29,Auto,3,3,10,11:00-12:00,Thursday,1,28,26,24.1,96.7,48.3,High,Rainy,0,25,Completed,1
F1338,2025-12-19,Rural Market Yard,Lakshmi Nagar,Krishna,Maize,DHM-117,7.09,15,Auto,1,2,5,11:00-12:00,Friday,12,38,35,16.2,91.3,39.0,High,Cloudy,0,25,Completed,0
F1339,2024-03-03,Mandal Procurement Centre,Greenfield,Krishna,Paddy,Sona Masuri,11.03,23,Mini Truck,3,4,12,14:00-15:00,Sunday,3,34,35,19.0,96.3,43.1,High,Clear,0,25,Completed,2
F1340,2025-02-02,Rural Market Yard,Lakshmi Nagar,Krishna,Cotton,Bt Cotton,5.8,12,Auto,2,2,9,09:00-10:00,Sunday,2,46,47,14.4,136.7,48.6,High,Cloudy,0,20,Completed,2
F1341,2024-11-01,Cooperative Collection Centre,Greenfield,Krishna,Paddy,Sona Masuri,12.4,25,Mini Truck,3,2,4,08:00-09:00,Friday,11,39,46,24.0,171.1,66.8,High,Rainy,0,20,Completed,3
F1342,2025-01-07,Rural Market Yard,Greenfield,Krishna,Cotton,NCS-145,8.66,18,Auto,3,5,11,11:00-12:00,Tuesday,1,28,30,16.7,82.8,37.4,Medium,Rainy,0,25,Completed,0
F1343,2025-06-02,Cooperative Collection Centre,Kisanpur,Krishna,Cotton,NCS-145,8.21,17,Tractor,1,4,11,08:00-09:00,Monday,6,34,35,15.6,92.6,38.8,High,Clear,0,20,Completed,2
F1344,2025-04-05,Cooperative Collection Centre,Greenfield,Krishna,Cotton,Bt Cotton,6.17,13,Mini Truck,3,4,8,08:00-09:00,Saturday,4,40,44,17.6,133.8,51.1,High,Cloudy,0,20,Completed,2
F1345,2024-04-06,Cooperative Collection Centre,Greenfield,Krishna,Maize,Pioneer-3396,9.9,20,Mini Truck,3,5,11,14:00-15:00,Saturday,4,38,31,18.8,100.5,43.9,High,Clear,0,25,Completed,1
F1346,2025-04-15,Rural Market Yard,Greenfield,Krishna,Paddy,BPT-5204,7.86,16,Mini Truck,1,4,12,10:00-11:00,Tuesday,4,30,34,18.7,91.0,41.5,High,Rainy,0,25,Completed,2
F1347,2025-03-27,Cooperative Collection Centre,Kisanpur,Krishna,Cotton,NCS-145,8.29,17,Mini Truck,3,3,11,11:00-12:00,Thursday,3,24,27,19.3,102.5,44.9,High,Clear,0,25,Completed,1
F1348,2025-10-08,Mandal Procurement Centre,Greenfield,Krishna,Cotton,Bt Cotton,7.93,16,Tractor,1,3,9,08:00-09:00,Wednesday,10,53,57,15.9,148.1,52.9,High,Clear,0,20,Cancelled,2
F1349,2024-04-13,Mandal Procurement Centre,Kisanpur,Krishna,Maize,DHM-117,6.75,14,Tractor,3,3,12,14:00-15:00,Saturday,4,29,32,15.7,102.5,41.3,High,Cloudy,0,25,Completed,2
F1350,2024-03-04,Mandal Procurement Centre,Greenfield,Krishna,Paddy,Sona Masuri,9.88,20,Tractor,1,5,10,11:00-12:00,Monday,3,23,23,23.2,74.5,41.8,Medium,Cloudy,0,25,Completed,1
F1351,2025-04-25,Cooperative Collection Centre,Kisanpur,Krishna,Maize,DHM-117,12.99,26,Tractor,3,4,10,15:00-16:00,Friday,4,27,25,23.1,90.3,45.7,High,Cloudy,0,25,Completed,1
F1352,2024-12-29,Cooperative Collection Centre,Rythu Colony,Krishna,Maize,DHM-117,5.39,11,Tractor,1,4,5,14:00-15:00,Sunday,12,45,45,14.2,96.5,38.3,High,Cloudy,0,25,Completed,2
F1353,2024-03-21,Mandal Procurement Centre,Kisanpur,Krishna,Maize,Pioneer-3396,4.16,9,Tractor,1,4,10,12:00-13:00,Thursday,3,26,22,12.5,60.8,27.7,Medium,Clear,0,20,Completed,0
F1354,2024-01-25,Cooperative Collection Centre,Greenfield,Krishna,Maize,DHM-117,13.11,27,Auto,1,2,4,10:00-11:00,Thursday,1,33,38,24.5,105.8,51.0,High,Rainy,0,25,Cancelled,1
F1355,2025-05-28,Cooperative Collection Centre,Lakshmi Nagar,Krishna,Paddy,BPT-5204,2.0,4,Tractor,1,5,8,10:00-11:00,Wednesday,5,26,27,5.7,51.4,18.6,Medium,Rainy,0,25,Completed,0
F1356,2024-01-27,Cooperative Collection Centre,Rythu Colony,Krishna,Paddy,Sona Masuri,3.09,7,Tractor,2,4,6,08:00-09:00,Saturday,1,48,48,11.0,114.5,39.6,High,Rainy,0,20,Completed,2
F1357,2025-11-07,Cooperative Collection Centre,Kisanpur,Krishna,Maize,Pioneer-3396,3.8,8,Auto,1,3,10,14:00-15:00,Friday,11,25,27,10.3,53.1,23.6,Medium,Rainy,0,25,Completed,0
F1358,2024-08-24,Rural Market Yard,Lakshmi Nagar,Krishna,Paddy,BPT-5204,10.42,21,Mini Truck,1,5,10,08:00-09:00,Saturday,8,38,47,21.9,128.4,54.0,High,Clear,0,20,Cancelled,2
F1359,2024-06-04,Mandal Procurement Centre,Greenfield,Krishna,Paddy,BPT-5204,6.33,13,Mini Truck,3,2,5,09:00-10:00,Tuesday,6,39,44,16.4,144.5,52.5,High,Cloudy,0,20,Completed,2
F1360,2024-07-16,Mandal Procurement Centre,Lakshmi Nagar,Krishna,Cotton,Bt Cotton,10.94,22,Tractor,2,2,8,09:00-10:00,Tuesday,7,31,27,24.2,111.9,52.2,High,Clear,0,20,Cancelled,1
F1361,2024-04-20,Rural Market Yard,Rythu Colony,Krishna,Cotton,Bt Cotton,3.13,7,Mini Truck,3,5,6,11:00-12:00,Saturday,4,25,34,14.0,75.7,32.9,High,Clear,0,25,Completed,0
F1362,2024-02-28,Cooperative Collection Centre,Kisanpur,Krishna,Cotton,Bt Cotton,5.63,12,Tractor,3,4,10,14:00-15:00,Wednesday,2,22,18,14.7,49.4,27.0,Medium,Cloudy,0,25,Cancelled,0
F1363,2024-12-18,Rural Market Yard,Lakshmi Nagar,Krishna,Paddy,BPT-5204,7.72,16,Auto,2,2,4,11:00-12:00,Wednesday,12,27,27,18.4,97.2,42.7,High,Cloudy,0,25,Cancelled,0
F1364,2025-07-27,Cooperative Collection Centre,Greenfield,Krishna,Paddy,Sona Masuri,15.35,31,Mini Truck,1,3,10,09:00-10:00,Sunday,7,27,25,24.5,112.6,52.6,High,Rainy,0,20,Completed,1
F1365,2025-01-11,Mandal Procurement Centre,Lakshmi Nagar,Krishna,Cotton,Bt Cotton,22.71,46,Tractor,2,4,11,11:00-12:00,Saturday,1,33,26,36.0,115.4,64.8,High,Clear,0,25,Completed,3
F1366,2025-03-27,Cooperative Collection Centre,Lakshmi Nagar,Krishna,Cotton,NCS-145,10.12,21,Mini Truck,1,4,4,16:00-17:00,Thursday,3,22,26,22.0,86.9,43.7,Medium,Cloudy,0,20,Cancelled,1
F1367,2025-05-03,Cooperative Collection Centre,Rythu Colony,Krishna,Cotton,Bt Cotton,4.61,10,Auto,1,2,10,14:00-15:00,Saturday,5,35,35,12.9,77.1,32.2,High,Clear,0,25,Completed,0
F1368,2025-07-27,Rural Market Yard,Kisanpur,Krishna,Cotton,Bt Cotton,4.86,10,Auto,2,2,4,10:00-11:00,Sunday,7,33,37,13.1,92.9,36.3,High,Clear,0,25,Cancelled,0
F1369,2025-07-22,Cooperative Collection Centre,Rythu Colony,Krishna,Paddy,BPT-5204,6.58,14,Mini Truck,2,2,12,09:00-10:00,Tuesday,7,27,30,18.2,97.9,42.7,High,Rainy,0,20,Completed,0
F1370,2024-11-29,Rural Market Yard,Kisanpur,Krishna,Maize,Pioneer-3396,6.96,14,Tractor,3,2,8,11:00-12:00,Friday,11,34,41,13.5,117.2,42.8,High,Clear,0,25,Completed,2
F1371,2025-06-24,Mandal Procurement Centre,Kisanpur,Krishna,Maize,Pioneer-3396,8.56,18,Tractor,2,2,10,08:00-09:00,Tuesday,6,35,33,17.4,93.4,40.8,High,Clear,0,20,Completed,0
F1372,2025-01-14,Mandal Procurement Centre,Kisanpur,Krishna,Cotton,Bt Cotton,4.85,10,Tractor,3,2,12,09:00-10:00,Tuesday,1,47,49,11.8,150.3,49.4,High,Cloudy,0,20,Cancelled,2
F1373,2024-04-17,Cooperative Collection Centre,Rythu Colony,Krishna,Paddy,BPT-5204,7.83,16,Mini Truck,3,4,7,10:00-11:00,Wednesday,4,30,27,17.4,73.8,35.8,Medium,Clear,0,25,Completed,0
F1374,2024-07-14,Mandal Procurement Centre,Greenfield,Krishna,Maize,DHM-117,7.86,16,Tractor,3,4,10,11:00-12:00,Sunday,7,30,32,14.6,92.9,37.8,High,Clear,0,25,Completed,0
F1375,2025-05-16,Mandal Procurement Centre,Lakshmi Nagar,Krishna,Paddy,Sona Masuri,8.28,17,Mini Truck,1,3,9,14:00-15:00,Friday,5,23,23,19.3,67.6,36.2,Medium,Clear,0,25,Cancelled,0
F1376,2025-02-24,Rural Market Yard,Lakshmi Nagar,Krishna,Cotton,Bt Cotton,12.18,25,Mini Truck,2,3,5,10:00-11:00,Monday,2,31,25,26.8,96.8,51.0,High,Rainy,0,25,Completed,1
F1377,2024-03-15,Rural Market Yard,Greenfield,Krishna,Maize,Pioneer-3396,16.38,33,Tractor,1,2,5,14:00-15:00,Friday,3,22,20,27.1,107.4,54.0,High,Cloudy,0,25,Cancelled,1
F1378,2024-09-01,Rural Market Yard,Kisanpur,Krishna,Cotton,Bt Cotton,4.62,10,Tractor,1,2,10,11:00-12:00,Sunday,9,23,25,10.1,70.9,27.8,Medium,Clear,0,25,Completed,0
F1379,2025-03-12,Mandal Procurement Centre,Lakshmi Nagar,Krishna,Paddy,BPT-5204,14.16,29,Tractor,3,4,7,09:00-10:00,Wednesday,3,25,24,21.4,99.6,46.3,High,Rainy,1,20,Cancelled,1
F1380,2025-11-28,Cooperative Collection Centre,Lakshmi Nagar,Krishna,Paddy,Sona Masuri,3.86,8,Tractor,3,5,9,15:00-16:00,Friday,11,29,30,13.3,76.6,32.5,Medium,Clear,0,25,Completed,0
F1381,2025-10-07,Mandal Procurement Centre,Greenfield,Krishna,Cotton,Bt Cotton,7.9,16,Tractor,1,4,9,15:00-16:00,Tuesday,10,23,24,19.1,78.6,38.8,Medium,Rainy,0,25,Completed,0
F1382,2025-07-09,Rural Market Yard,Lakshmi Nagar,Krishna,Maize,Pioneer-3396,5.92,12,Mini Truck,2,4,6,09:00-10:00,Wednesday,7,39,36,14.8,106.2,41.4,High,Clear,0,20,Cancelled,2
F1383,2025-07-09,Mandal Procurement Centre,Kisanpur,Krishna,Maize,Pioneer-3396,10.61,22,Mini Truck,2,5,7,16:00-17:00,Wednesday,7,23,24,19.9,87.8,41.8,Medium,Clear,0,20,Completed,1
F1384,2024-05-31,Cooperative Collection Centre,Rythu Colony,Krishna,Paddy,Sona Masuri,8.19,17,Mini Truck,1,3,5,14:00-15:00,Friday,5,18,14,18.6,66.9,35.3,Medium,Clear,0,25,Cancelled,0
F1385,2024-04-26,Mandal Procurement Centre,Kisanpur,Krishna,Paddy,BPT-5204,25.41,51,Auto,2,4,11,10:00-11:00,Friday,4,37,37,36.2,147.5,73.1,High,Clear,0,25,Completed,3
F1386,2025-09-10,Mandal Procurement Centre,Kisanpur,Krishna,Paddy,Sona Masuri,12.08,25,Mini Truck,1,4,8,10:00-11:00,Wednesday,9,30,34,19.4,105.6,45.8,High,Clear,1,25,Completed,1
F1387,2024-06-19,Cooperative Collection Centre,Rythu Colony,Krishna,Paddy,BPT-5204,9.31,19,Tractor,2,4,8,10:00-11:00,Wednesday,6,35,34,22.8,93.9,46.3,High,Cloudy,0,25,Completed,1
F1388,2025-05-11,Cooperative Collection Centre,Kisanpur,Krishna,Paddy,Sona Masuri,16.81,34,Mini Truck,1,3,6,08:00-09:00,Sunday,5,37,39,25.7,158.0,65.2,High,Cloudy,0,20,Completed,3
F1389,2024-02-07,Mandal Procurement Centre,Lakshmi Nagar,Krishna,Cotton,NCS-145,7.17,15,Tractor,3,5,9,10:00-11:00,Wednesday,2,22,20,15.3,55.1,29.1,Medium,Rainy,0,25,Completed,0
F1390,2024-11-16,Cooperative Collection Centre,Kisanpur,Krishna,Cotton,NCS-145,14.4,29,Mini Truck,1,5,8,12:00-13:00,Saturday,11,47,50,24.6,141.2,59.9,High,Cloudy,0,20,Completed,3
F1391,2025-06-22,Rural Market Yard,Lakshmi Nagar,Krishna,Cotton,NCS-145,6.48,13,Tractor,3,3,4,11:00-12:00,Sunday,6,27,21,15.2,83.4,36.0,Medium,Clear,0,25,Completed,0
F1392,2025-04-13,Cooperative Collection Centre,Kisanpur,Krishna,Paddy,BPT-5204,9.77,20,Auto,1,4,9,10:00-11:00,Sunday,4,50,48,19.7,108.4,46.8,High,Clear,0,25,Completed,2
F1393,2025-09-20,Cooperative Collection Centre,Greenfield,Krishna,Cotton,Bt Cotton,15.99,32,Mini Truck,1,2,5,14:00-15:00,Saturday,9,19,21,28.1,98.6,52.8,High,Clear,0,25,Completed,1
F1394,2025-04-15,Mandal Procurement Centre,Lakshmi Nagar,Krishna,Paddy,Sona Masuri,6.1,13,Tractor,1,2,10,09:00-10:00,Tuesday,4,36,39,15.1,120.4,45.2,High,Clear,0,20,Completed,2
F1395,2024-09-10,Mandal Procurement Centre,Rythu Colony,Krishna,Maize,Pioneer-3396,7.7,16,Tractor,2,4,8,11:00-12:00,Tuesday,9,16,12,15.6,41.3,25.9,Low,Clear,0,25,Completed,0
F1396,2025-10-08,Rural Market Yard,Lakshmi Nagar,Krishna,Cotton,Bt Cotton,13.2,27,Mini Truck,3,2,11,08:00-09:00,Wednesday,10,41,48,23.6,166.4,65.2,High,Cloudy,0,20,Cancelled,3
F1397,2024-04-02,Mandal Procurement Centre,Lakshmi Nagar,Krishna,Cotton,NCS-145,4.37,9,Tractor,1,4,5,15:00-16:00,Tuesday,4,22,31,15.4,74.2,34.0,Medium,Clear,0,25,Completed,0
F1398,2024-05-16,Rural Market Yard,Greenfield,Krishna,Maize,Pioneer-3396,6.92,14,Tractor,1,2,11,08:00-09:00,Thursday,5,33,27,13.1,89.3,35.4,Medium,Cloudy,0,20,Completed,0
F1399,2024-03-23,Mandal Procurement Centre,Rythu Colony,Krishna,Maize,DHM-117,7.46,15,Tractor,2,5,4,10:00-11:00,Saturday,3,40,32,18.8,96.5,42.9,High,Cloudy,0,25,Completed,2
F1400,2025-11-07,Cooperative Collection Centre,Kisanpur,Krishna,Maize,Pioneer-3396,5.74,12,Mini Truck,3,5,7,08:00-09:00,Friday,11,50,43,16.3,114.3,44.9,High,Clear,0,20,Completed,2
F1401,2025-05-12,Mandal Procurement Centre,Kisanpur,Krishna,Cotton,Bt Cotton,2.0,4,Mini Truck,2,3,12,08:00-09:00,Monday,5,28,30,9.5,86.9,31.2,High,Clear,0,20,Completed,0
F1402,2025-03-21,Rural Market Yard,Greenfield,Krishna,Maize,Pioneer-3396,7.27,15,Mini Truck,2,4,7,09:00-10:00,Friday,3,41,42,18.6,140.0,53.6,High,Clear,0,20,Completed,2
F1403,2024-01-31,Rural Market Yard,Rythu Colony,Krishna,Maize,DHM-117,13.5,27,Tractor,2,2,7,11:00-12:00,Wednesday,1,43,43,24.1,136.7,58.3,High,Cloudy,0,25,Completed,3
F1404,2024-03-11,Rural Market Yard,Kisanpur,Krishna,Maize,DHM-117,15.3,31,Tractor,1,3,10,09:00-10:00,Monday,3,32,22,25.7,99.4,50.5,High,Clear,1,20,Completed,1
F1405,2024-02-08,Rural Market Yard,Kisanpur,Krishna,Maize,Pioneer-3396,7.51,16,Tractor,1,4,7,11:00-12:00,Thursday,2,29,22,16.6,65.3,32.9,Medium,Clear,0,25,Completed,0
F1406,2025-10-13,Mandal Procurement Centre,Lakshmi Nagar,Krishna,Paddy,Sona Masuri,10.81,22,Tractor,3,2,12,10:00-11:00,Monday,10,46,47,23.9,151.1,61.7,High,Clear,0,25,Cancelled,2
F1407,2025-11-04,Rural Market Yard,Kisanpur,Krishna,Maize,Pioneer-3396,12.67,26,Tractor,3,2,9,10:00-11:00,Tuesday,11,47,45,24.6,156.7,63.8,High,Rainy,0,25,Completed,3
F1408,2025-05-23,Cooperative Collection Centre,Rythu Colony,Krishna,Paddy,Sona Masuri,17.04,35,Mini Truck,3,5,9,09:00-10:00,Friday,5,47,47,27.7,168.9,69.9,High,Cloudy,0,20,Completed,3
F1409,2025-07-03,Cooperative Collection Centre,Greenfield,Krishna,Paddy,Sona Masuri,17.56,36,Mini Truck,1,4,11,09:00-10:00,Thursday,7,34,38,27.2,142.0,62.7,High,Rainy,0,20,Completed,3
F1410,2024-05-06,Mandal Procurement Centre,Greenfield,Krishna,Maize,DHM-117,8.77,18,Tractor,1,2,10,12:00-13:00,Monday,5,23,18,19.2,81.2,39.5,Medium,Clear,0,20,Cancelled,0
F1411,2024-09-18,Cooperative Collection Centre,Greenfield,Krishna,Maize,DHM-117,23.59,48,Tractor,1,5,8,09:00-10:00,Wednesday,9,28,28,37.8,132.9,71.0,High,Clear,0,20,Completed,3
F1412,2024-04-01,Cooperative Collection Centre,Rythu Colony,Krishna,Paddy,Sona Masuri,12.0,24,Tractor,2,2,10,15:00-16:00,Monday,4,10,7,21.3,62.1,36.8,Medium,Rainy,0,25,Completed,1
F1413,2024-01-08,Rural Market Yard,Lakshmi Nagar,Krishna,Maize,Pioneer-3396,4.67,10,Tractor,3,4,10,10:00-11:00,Monday,1,41,38,11.8,94.9,35.5,High,Cloudy,0,25,Completed,2
F1414,2024-12-12,Rural Market Yard,Greenfield,Krishna,Paddy,BPT-5204,8.36,17,Tractor,1,4,4,11:00-12:00,Thursday,12,37,40,18.6,90.3,41.2,High,Clear,0,25,Cancelled,2
F1415,2025-03-05,Mandal Procurement Centre,Kisanpur,Krishna,Cotton,NCS-145,13.1,27,Auto,3,3,5,08:00-09:00,Wednesday,3,33,37,22.1,150.4,59.7,High,Cloudy,0,20,Cancelled,2
F1416,2024-10-18,Rural Market Yard,Rythu Colony,Krishna,Paddy,BPT-5204,7.55,16,Mini Truck,1,3,9,15:00-16:00,Friday,10,34,32,20.0,88.2,42.0,Medium,Clear,0,25,Completed,0
F1417,2025-04-22,Mandal Procurement Centre,Rythu Colony,Krishna,Cotton,NCS-145,6.52,14,Tractor,1,5,5,08:00-09:00,Tuesday,4,28,29,16.0,90.2,38.5,High,Cloudy,0,20,Completed,0
F1418,2025-07-01,Cooperative Collection Centre,Greenfield,Krishna,Paddy,Sona Masuri,11.48,23,Mini Truck,1,4,9,10:00-11:00,Tuesday,7,23,20,18.0,51.0,30.8,Medium,Rainy,0,25,Completed,0
F1419,2024-05-13,Mandal Procurement Centre,Kisanpur,Krishna,Cotton,NCS-145,11.76,24,Mini Truck,2,2,6,10:00-11:00,Monday,5,24,21,22.9,93.4,46.2,High,Cloudy,0,25,Completed,1
F1420,2024-10-25,Rural Market Yard,Rythu Colony,Krishna,Paddy,Sona Masuri,8.34,17,Mini Truck,2,3,11,09:00-10:00,Friday,10,51,52,18.9,156.6,58.0,High,Clear,0,20,Completed,2
F1421,2024-09-02,Cooperative Collection Centre,Kisanpur,Krishna,Paddy,Sona Masuri,5.88,12,Mini Truck,3,3,8,14:00-15:00,Monday,9,19,17,16.7,75.6,35.6,Medium,Clear,0,25,Completed,0
F1422,2024-03-14,Rural Market Yard,Rythu Colony,Krishna,Maize,DHM-117,5.62,12,Mini Truck,1,3,11,10:00-11:00,Thursday,3,40,31,11.5,64.9,27.7,Medium,Clear,0,25,Completed,0
F1423,2025-05-18,Cooperative Collection Centre,Lakshmi Nagar,Krishna,Cotton,Bt Cotton,4.84,10,Mini Truck,3,5,6,09:00-10:00,Sunday,5,35,34,10.6,100.5,35.7,High,Clear,0,20,Cancelled,0
F1424,2025-01-30,Mandal Procurement Centre,Kisanpur,Krishna,Cotton,Bt Cotton,7.98,16,Mini Truck,1,3,6,14:00-15:00,Thursday,1,35,31,16.5,73.4,34.9,Medium,Clear,0,25,Completed,0
F1425,2024-01-05,Mandal Procurement Centre,Lakshmi Nagar,Krishna,Paddy,BPT-5204,5.14,11,Mini Truck,1,5,11,12:00-13:00,Friday,1,38,43,13.0,103.9,39.0,High,Clear,0,20,Cancelled,2
F1426,2025-02-06,Cooperative Collection Centre,Kisanpur,Krishna,Maize,Pioneer-3396,7.05,15,Tractor,2,4,5,12:00-13:00,Thursday,2,21,22,18.2,95.7,42.1,High,Cloudy,0,20,Cancelled,0
F1427,2024-11-07,Mandal Procurement Centre,Lakshmi Nagar,Krishna,Paddy,Sona Masuri,15.41,31,Mini Truck,3,2,5,12:00-13:00,Thursday,11,37,39,28.7,158.6,68.3,High,Clear,0,20,Completed,3
F1428,2024-07-27,Mandal Procurement Centre,Rythu Colony,Krishna,Maize,DHM-117,2.57,6,Tractor,3,4,8,14:00-15:00,Saturday,7,33,36,9.9,83.7,30.8,High,Clear,0,25,Cancelled,0
F1429,2024-12-29,Cooperative Collection Centre,Greenfield,Krishna,Maize,DHM-117,3.74,8,Tractor,2,4,8,14:00-15:00,Sunday,12,31,33,13.1,69.5,30.5,Medium,Clear,0,25,Cancelled,0
F1430,2025-09-21,Mandal Procurement Centre,Greenfield,Krishna,Cotton,Bt Cotton,4.67,10,Tractor,2,4,8,11:00-12:00,Sunday,9,26,22,14.1,56.1,28.1,Medium,Cloudy,0,25,Cancelled,0
F1431,2025-03-16,Cooperative Collection Centre,Rythu Colony,Krishna,Cotton,NCS-145,4.33,9,Mini Truck,3,5,11,10:00-11:00,Sunday,3,40,36,18.5,81.2,38.8,High,Cloudy,0,25,Completed,0
F1432,2024-03-03,Cooperative Collection Centre,Rythu Colony,Krishna,Paddy,BPT-5204,9.16,19,Mini Truck,1,5,12,10:00-11:00,Sunday,3,37,33,19.4,90.4,42.0,High,Clear,0,25,Completed,1
F1433,2025-08-25,Mandal Procurement Centre,Greenfield,Krishna,Maize,DHM-117,9.33,19,Auto,2,4,9,09:00-10:00,Monday,8,36,38,18.4,109.2,45.7,High,Clear,0,20,Completed,2
F1434,2025-06-06,Mandal Procurement Centre,Greenfield,Krishna,Maize,Pioneer-3396,11.99,24,Tractor,3,4,10,14:00-15:00,Friday,6,6,3,26.0,68.5,43.1,Medium,Rainy,0,25,Completed,1
F1435,2024-06-22,Mandal Procurement Centre,Kisanpur,Krishna,Cotton,NCS-145,6.0,12,Mini Truck,3,2,8,11:00-12:00,Saturday,6,26,23,21.4,91.5,44.3,High,Cloudy,0,25,Completed,0
F1436,2025-12-14,Mandal Procurement Centre,Lakshmi Nagar,Krishna,Cotton,Bt Cotton,13.04,27,Auto,2,5,11,08:00-09:00,Sunday,12,54,58,26.7,172.9,69.9,High,Cloudy,0,20,Completed,3
F1437,2025-04-27,Cooperative Collection Centre,Greenfield,Krishna,Cotton,NCS-145,2.04,5,Mini Truck,3,2,9,15:00-16:00,Sunday,4,24,23,11.5,74.7,30.2,Medium,Clear,0,25,Cancelled,0
F1438,2025-08-08,Cooperative Collection Centre,Rythu Colony,Krishna,Maize,Pioneer-3396,15.67,32,Mini Truck,1,2,4,09:00-10:00,Friday,8,30,31,30.4,131.8,63.4,High,Cloudy,0,20,Cancelled,3
F1439,2025-03-13,Rural Market Yard,Rythu Colony,Krishna,Cotton,Bt Cotton,6.57,14,Mini Truck,3,5,6,10:00-11:00,Thursday,3,36,37,13.8,92.2,36.9,High,Clear,0,25,Completed,2
F1440,2024-06-19,Mandal Procurement Centre,Greenfield,Krishna,Maize,Pioneer-3396,7.32,15,Tractor,3,2,4,10:00-11:00,Wednesday,6,35,32,19.6,121.8,50.0,High,Clear,0,25,Cancelled,2
F1441,2025-07-07,Rural Market Yard,Kisanpur,Krishna,Cotton,NCS-145,11.59,24,Tractor,1,2,8,12:00-13:00,Monday,7,21,19,21.7,97.5,46.1,High,Rainy,0,20,Completed,1
F1442,2025-08-07,Cooperative Collection Centre,Greenfield,Krishna,Cotton,Bt Cotton,9.6,20,Mini Truck,3,3,6,11:00-12:00,Thursday,8,18,20,20.7,73.5,39.1,Medium,Rainy,0,25,Cancelled,1
F1443,2024-07-09,Cooperative Collection Centre,Kisanpur,Krishna,Maize,Pioneer-3396,9.05,19,Tractor,3,5,4,10:00-11:00,Tuesday,7,37,38,21.4,117.1,50.7,High,Clear,1,25,Completed,2
F1444,2025-03-23,Mandal Procurement Centre,Kisanpur,Krishna,Maize,DHM-117,12.27,25,Tractor,1,4,12,14:00-15:00,Sunday,3,30,27,21.7,84.7,42.9,Medium,Clear,0,25,Cancelled,1
F1445,2025-09-20,Cooperative Collection Centre,Rythu Colony,Krishna,Cotton,NCS-145,9.38,19,Mini Truck,3,3,9,14:00-15:00,Saturday,9,27,26,22.1,83.0,42.9,Medium,Cloudy,0,25,Cancelled,1
F1446,2024-10-06,Mandal Procurement Centre,Lakshmi Nagar,Krishna,Cotton,Bt Cotton,22.85,46,Mini Truck,3,3,8,11:00-12:00,Sunday,10,28,23,39.1,151.7,77.0,High,Rainy,0,25,Completed,3
F1447,2025-04-10,Rural Market Yard,Greenfield,Krishna,Paddy,Sona Masuri,6.26,13,Mini Truck,3,2,11,09:00-10:00,Thursday,4,36,41,16.0,139.2,50.8,High,Clear,0,20,Completed,2
F1448,2025-04-07,Cooperative Collection Centre,Greenfield,Krishna,Maize,DHM-117,22.18,45,Tractor,1,3,9,12:00-13:00,Monday,4,20,26,32.0,131.7,64.9,High,Clear,0,20,Completed,3
F1449,2025-04-01,Mandal Procurement Centre,Rythu Colony,Krishna,Maize,DHM-117,3.26,7,Auto,2,3,10,09:00-10:00,Tuesday,4,44,42,11.6,130.3,44.2,High,Cloudy,0,20,Completed,2
F1450,2025-12-02,Cooperative Collection Centre,Kisanpur,Krishna,Paddy,Sona Masuri,14.35,29,Mini Truck,2,2,5,15:00-16:00,Tuesday,12,31,26,26.2,102.0,51.7,High,Clear,0,25,Completed,1
F1451,2025-01-24,Rural Market Yard,Rythu Colony,Krishna,Maize,DHM-117,13.25,27,Auto,3,4,5,10:00-11:00,Friday,1,48,45,19.3,137.4,53.7,High,Clear,0,25,Completed,2
F1452,2024-12-11,Cooperative Collection Centre,Rythu Colony,Krishna,Maize,Pioneer-3396,5.32,11,Tractor,1,5,6,09:00-10:00,Wednesday,12,44,39,16.5,94.3,40.1,High,Rainy,0,20,Completed,2
F1453,2024-05-09,Mandal Procurement Centre,Rythu Colony,Krishna,Cotton,NCS-145,8.12,17,Tractor,3,3,11,11:00-12:00,Thursday,5,14,17,16.8,78.3,36.4,Medium,Rainy,0,25,Cancelled,0
F1454,2025-06-26,Cooperative Collection Centre,Kisanpur,Krishna,Maize,Pioneer-3396,3.88,8,Auto,2,4,8,09:00-10:00,Thursday,6,20,22,9.3,56.7,23.5,Medium,Rainy,0,20,Completed,0
F1455,2024-04-19,Cooperative Collection Centre,Lakshmi Nagar,Krishna,Paddy,Sona Masuri,10.58,22,Mini Truck,2,2,7,09:00-10:00,Friday,4,31,35,17.7,114.4,46.3,High,Clear,1,20,Completed,2
F1456,2025-03-10,Cooperative Collection Centre,Lakshmi Nagar,Krishna,Paddy,Sona Masuri,7.76,16,Auto,1,3,9,08:00-09:00,Monday,3,37,32,19.0,98.8,43.7,High,Clear,1,20,Completed,2
F1457,2025-07-10,Rural Market Yard,Lakshmi Nagar,Krishna,Cotton,NCS-145,8.24,17,Auto,2,2,11,16:00-17:00,Thursday,7,20,22,21.7,95.3,45.5,High,Clear,0,20,Completed,1
F1458,2024-06-13,Rural Market Yard,Rythu Colony,Krishna,Paddy,BPT-5204,12.33,25,Tractor,1,5,7,09:00-10:00,Thursday,6,38,41,23.1,124.9,54.3,High,Clear,0,20,Completed,2
F1459,2025-10-19,Rural Market Yard,Kisanpur,Krishna,Maize,DHM-117,11.81,24,Mini Truck,2,3,5,15:00-16:00,Sunday,10,41,38,22.9,132.8,56.1,High,Cloudy,0,25,Cancelled,2
F1460,2024-06-30,Rural Market Yard,Greenfield,Krishna,Cotton,Bt Cotton,3.93,8,Tractor,2,3,7,12:00-13:00,Sunday,6,30,38,10.7,110.1,38.2,High,Cloudy,0,20,Completed,2
F1461,2024-06-04,Mandal Procurement Centre,Rythu Colony,Krishna,Paddy,Sona Masuri,9.22,19,Auto,1,3,8,10:00-11:00,Tuesday,6,37,34,17.2,93.6,40.6,High,Cloudy,0,25,Completed,2
F1462,2024-02-12,Mandal Procurement Centre,Lakshmi Nagar,Krishna,Maize,DHM-117,6.21,13,Auto,1,2,6,14:00-15:00,Monday,2,24,22,13.5,80.9,33.7,Medium,Clear,0,25,Completed,0
F1463,2024-03-27,Rural Market Yard,Kisanpur,Krishna,Maize,DHM-117,9.47,19,Mini Truck,1,2,4,12:00-13:00,Wednesday,3,26,25,18.0,99.1,42.8,High,Cloudy,0,20,Completed,1
F1464,2024-01-21,Cooperative Collection Centre,Rythu Colony,Krishna,Maize,Pioneer-3396,2.0,4,Mini Truck,2,4,7,16:00-17:00,Sunday,1,27,28,10.8,66.9,27.5,High,Rainy,0,20,Completed,0
F1465,2024-12-27,Rural Market Yard,Rythu Colony,Krishna,Cotton,NCS-145,10.76,22,Mini Truck,2,4,8,10:00-11:00,Friday,12,46,46,20.6,125.0,51.9,High,Cloudy,0,25,Completed,2
F1466,2024-10-07,Cooperative Collection Centre,Lakshmi Nagar,Krishna,Maize,DHM-117,8.95,18,Tractor,2,4,4,11:00-12:00,Monday,10,35,39,20.7,110.5,48.3,High,Clear,0,25,Completed,2
F1467,2025-06-20,Mandal Procurement Centre,Greenfield,Krishna,Cotton,NCS-145,8.86,18,Mini Truck,1,5,8,09:00-10:00,Friday,6,33,32,18.3,113.4,46.7,High,Clear,0,20,Completed,2
F1468,2025-11-14,Rural Market Yard,Greenfield,Krishna,Paddy,BPT-5204,14.62,30,Tractor,1,2,7,10:00-11:00,Friday,11,34,34,27.2,130.2,59.8,High,Rainy,0,25,Completed,3
F1469,2024-05-09,Rural Market Yard,Greenfield,Krishna,Cotton,NCS-145,3.14,7,Tractor,3,5,8,08:00-09:00,Thursday,5,33,35,12.1,105.2,38.4,High,Clear,1,20,Cancelled,2
F1470,2024-02-03,Cooperative Collection Centre,Kisanpur,Krishna,Maize,DHM-117,5.6,12,Tractor,1,3,5,14:00-15:00,Saturday,2,15,16,14.3,47.2,26.1,Medium,Rainy,0,25,Completed,0
F1471,2025-03-13,Mandal Procurement Centre,Kisanpur,Krishna,Cotton,Bt Cotton,12.12,25,Tractor,2,5,6,11:00-12:00,Thursday,3,21,25,20.3,83.4,41.2,Medium,Cloudy,0,25,Completed,1
F1472,2025-10-09,Rural Market Yard,Kisanpur,Krishna,Paddy,Sona Masuri,6.34,13,Tractor,2,3,9,09:00-10:00,Thursday,10,51,52,15.7,134.3,49.3,High,Clear,0,20,Completed,2
F1473,2024-02-10,Rural Market Yard,Rythu Colony,Krishna,Maize,Pioneer-3396,3.88,8,Mini Truck,3,3,8,09:00-10:00,Saturday,2,42,48,14.8,140.7,50.0,High,Clear,0,20,Completed,2
F1474,2024-06-30,Cooperative Collection Centre,Greenfield,Krishna,Cotton,NCS-145,15.73,32,Tractor,3,5,4,10:00-11:00,Sunday,6,29,28,31.2,103.0,57.0,High,Clear,0,25,Completed,1
F1475,2025-08-04,Rural Market Yard,Greenfield,Krishna,Paddy,Sona Masuri,13.97,28,Auto,2,4,12,15:00-16:00,Monday,8,12,8,28.0,66.0,44.5,Medium,Rainy,0,25,Completed,1
F1476,2025-11-02,Rural Market Yard,Kisanpur,Krishna,Cotton,Bt Cotton,8.92,18,Tractor,2,5,5,15:00-16:00,Sunday,11,38,40,15.1,99.7,40.0,High,Cloudy,0,25,Completed,2
F1477,2024-10-29,Mandal Procurement Centre,Greenfield,Krishna,Cotton,NCS-145,12.45,25,Mini Truck,2,5,7,11:00-12:00,Tuesday,10,38,39,21.8,114.7,50.5,High,Clear,0,25,Completed,2
F1478,2024-07-10,Cooperative Collection Centre,Rythu Colony,Krishna,Paddy,Sona Masuri,6.22,13,Mini Truck,3,4,8,09:00-10:00,Wednesday,7,35,36,13.4,108.3,40.5,High,Clear,0,20,Completed,2
F1479,2024-04-25,Mandal Procurement Centre,Greenfield,Krishna,Cotton,NCS-145,9.99,20,Tractor,1,3,4,08:00-09:00,Thursday,4,35,36,14.5,113.3,42.8,High,Clear,0,20,Completed,2
F1480,2024-06-18,Mandal Procurement Centre,Greenfield,Krishna,Paddy,BPT-5204,12.54,26,Tractor,3,4,10,08:00-09:00,Tuesday,6,36,30,22.9,109.7,50.3,High,Cloudy,0,20,Completed,1
F1481,2025-03-04,Cooperative Collection Centre,Greenfield,Krishna,Maize,Pioneer-3396,6.94,14,Auto,3,4,10,09:00-10:00,Tuesday,3,25,26,17.6,98.6,42.2,High,Rainy,0,20,Cancelled,0
F1482,2024-02-17,Mandal Procurement Centre,Kisanpur,Krishna,Cotton,Bt Cotton,8.44,17,Tractor,3,5,5,15:00-16:00,Saturday,2,23,25,19.3,67.7,36.2,Medium,Clear,0,25,Cancelled,0
F1483,2024-10-18,Mandal Procurement Centre,Greenfield,Krishna,Cotton,Bt Cotton,8.09,17,Tractor,3,2,12,08:00-09:00,Friday,10,48,47,20.3,130.2,52.8,High,Clear,0,20,Completed,2
F1484,2025-08-28,Rural Market Yard,Greenfield,Krishna,Cotton,NCS-145,11.0,22,Mini Truck,1,3,10,15:00-16:00,Thursday,8,13,10,23.4,54.6,37.0,Medium,Rainy,0,25,Completed,1
F1485,2025-10-16,Cooperative Collection Centre,Rythu Colony,Krishna,Cotton,NCS-145,12.23,25,Mini Truck,3,3,12,11:00-12:00,Thursday,10,31,33,22.4,109.0,49.6,High,Cloudy,0,25,Completed,1
F1486,2024-03-02,Rural Market Yard,Lakshmi Nagar,Krishna,Cotton,Bt Cotton,8.32,17,Tractor,2,5,4,15:00-16:00,Saturday,3,26,22,18.3,75.0,37.0,Medium,Clear,0,25,Completed,0
F1487,2024-09-11,Cooperative Collection Centre,Greenfield,Krishna,Paddy,BPT-5204,7.7,16,Mini Truck,1,4,5,15:00-16:00,Wednesday,9,19,11,14.8,44.3,25.9,Low,Clear,0,25,Completed,0
F1488,2024-11-23,Cooperative Collection Centre,Kisanpur,Krishna,Cotton,NCS-145,3.21,7,Mini Truck,2,3,6,09:00-10:00,Saturday,11,47,49,11.0,131.1,43.8,High,Rainy,0,20,Completed,2
F1489,2025-07-14,Mandal Procurement Centre,Lakshmi Nagar,Krishna,Cotton,NCS-145,20.92,42,Mini Truck,2,5,8,15:00-16:00,Monday,7,21,26,34.0,106.7,60.7,High,Clear,0,25,Completed,3
F1490,2025-11-02,Rural Market Yard,Lakshmi Nagar,Krishna,Cotton,Bt Cotton,6.58,14,Mini Truck,2,4,6,11:00-12:00,Sunday,11,36,43,15.2,122.0,45.7,High,Cloudy,0,25,Completed,2
F1491,2024-10-29,Mandal Procurement Centre,Lakshmi Nagar,Krishna,Cotton,Bt Cotton,10.35,21,Mini Truck,3,5,10,15:00-16:00,Tuesday,10,33,31,22.1,94.8,45.8,High,Clear,0,25,Cancelled,1
F1492,2024-02-25,Mandal Procurement Centre,Rythu Colony,Krishna,Paddy,BPT-5204,5.19,11,Auto,2,2,5,11:00-12:00,Sunday,2,17,15,14.6,61.9,30.1,Medium,Rainy,0,25,Cancelled,0
F1493,2024-04-08,Mandal Procurement Centre,Kisanpur,Krishna,Paddy,BPT-5204,4.86,10,Tractor,1,3,11,08:00-09:00,Monday,4,20,20,14.9,72.1,32.9,Medium,Rainy,0,20,Completed,0
F1494,2024-08-30,Cooperative Collection Centre,Rythu Colony,Krishna,Maize,Pioneer-3396,10.44,21,Tractor,2,2,6,08:00-09:00,Friday,8,38,38,21.2,130.3,53.8,High,Clear,0,20,Completed,2
F1495,2024-05-16,Rural Market Yard,Greenfield,Krishna,Cotton,NCS-145,11.55,24,Auto,3,5,12,14:00-15:00,Thursday,5,28,27,23.4,100.9,48.6,High,Clear,0,25,Cancelled,1
F1496,2024-12-26,Cooperative Collection Centre,Lakshmi Nagar,Krishna,Maize,DHM-117,6.22,13,Tractor,2,2,5,11:00-12:00,Thursday,12,16,14,15.9,80.0,35.9,Medium,Rainy,0,25,Completed,0
F1497,2025-03-13,Mandal Procurement Centre,Rythu Colony,Krishna,Maize,DHM-117,6.04,13,Tractor,2,5,11,10:00-11:00,Thursday,3,27,26,14.4,81.9,34.9,Medium,Cloudy,0,25,Completed,0
F1498,2025-12-08,Mandal Procurement Centre,Rythu Colony,Krishna,Maize,DHM-117,11.2,23,Mini Truck,3,5,7,16:00-17:00,Monday,12,23,19,17.5,78.8,37.2,Medium,Rainy,0,20,Completed,0
F1499,2024-05-26,Cooperative Collection Centre,Kisanpur,Krishna,Paddy,BPT-5204,9.16,19,Auto,3,2,8,12:00-13:00,Sunday,5,33,30,20.8,135.5,54.7,High,Clear,0,20,Completed,2
F1500,2024-11-29,Rural Market Yard,Lakshmi Nagar,Krishna,Maize,DHM-117,4.68,10,Mini Truck,2,3,11,16:00-17:00,Friday,11,25,28,18.4,95.4,42.2,High,Rainy,0,20,Cancelled,0
F1501,2024-09-17,Mandal Procurement Centre,Lakshmi Nagar,Krishna,Paddy,Sona Masuri,5.66,12,Mini Truck,1,4,12,12:00-13:00,Tuesday,9,21,16,15.3,60.6,30.5,Medium,Clear,1,20,Completed,0
F1502,2025-07-25,Cooperative Collection Centre,Greenfield,Krishna,Cotton,Bt Cotton,5.48,11,Tractor,1,3,12,10:00-11:00,Friday,7,34,30,12.1,61.6,27.5,Medium,Cloudy,0,25,Completed,0
F1503,2025-10-22,Mandal Procurement Centre,Lakshmi Nagar,Krishna,Cotton,NCS-145,4.72,10,Mini Truck,3,4,7,08:00-09:00,Wednesday,10,50,47,15.8,125.0,47.0,High,Clear,0,20,Completed,2
F1504,2024-12-30,Rural Market Yard,Greenfield,Krishna,Maize,DHM-117,2.73,6,Auto,1,5,12,08:00-09:00,Monday,12,42,37,9.7,71.6,27.6,High,Rainy,0,20,Cancelled,0
F1505,2024-06-29,Cooperative Collection Centre,Greenfield,Krishna,Paddy,BPT-5204,8.76,18,Auto,1,4,5,08:00-09:00,Saturday,6,33,34,19.2,91.6,42.1,High,Rainy,0,20,Completed,2
F1506,2025-08-16,Mandal Procurement Centre,Kisanpur,Krishna,Maize,DHM-117,11.94,24,Tractor,3,4,6,09:00-10:00,Saturday,8,35,30,22.3,103.5,48.2,High,Clear,0,20,Completed,1
F1507,2025-11-11,Mandal Procurement Centre,Kisanpur,Krishna,Maize,Pioneer-3396,9.26,19,Tractor,1,5,12,10:00-11:00,Tuesday,11,46,42,21.2,92.9,44.4,High,Rainy,1,25,Completed,2
F1508,2024-12-10,Cooperative Collection Centre,Rythu Colony,Krishna,Paddy,Sona Masuri,25.96,52,Auto,3,3,4,14:00-15:00,Tuesday,12,25,27,37.5,153.0,75.8,High,Rainy,0,25,Completed,3
F1509,2025-05-16,Mandal Procurement Centre,Greenfield,Krishna,Cotton,Bt Cotton,8.45,17,Mini Truck,2,5,10,15:00-16:00,Friday,5,17,19,25.0,66.3,41.6,Medium,Clear,0,25,Completed,1
F1510,2025-07-28,Cooperative Collection Centre,Rythu Colony,Krishna,Cotton,Bt Cotton,14.66,30,Tractor,3,2,6,08:00-09:00,Monday,7,39,47,23.9,173.4,67.2,High,Clear,0,20,Completed,3
F1511,2024-03-13,Mandal Procurement Centre,Lakshmi Nagar,Krishna,Cotton,Bt Cotton,11.15,23,Mini Truck,3,5,7,11:00-12:00,Wednesday,3,19,21,21.2,76.7,40.4,Medium,Clear,0,25,Completed,1
F1512,2024-03-12,Rural Market Yard,Lakshmi Nagar,Krishna,Maize,Pioneer-3396,16.82,34,Auto,1,3,11,11:00-12:00,Tuesday,3,17,18,31.0,90.7,53.7,High,Clear,0,25,Completed,1
F1513,2025-09-22,Mandal Procurement Centre,Kisanpur,Krishna,Paddy,Sona Masuri,10.87,22,Mini Truck,2,2,11,12:00-13:00,Monday,9,17,13,23.1,74.4,41.7,Medium,Clear,0,20,Cancelled,1
F1514,2025-01-28,Cooperative Collection Centre,Greenfield,Krishna,Cotton,Bt Cotton,10.26,21,Tractor,2,5,7,09:00-10:00,Tuesday,1,42,44,19.7,140.2,54.8,High,Cloudy,0,20,Completed,2
F1515,2024-11-06,Rural Market Yard,Lakshmi Nagar,Krishna,Paddy,BPT-5204,5.65,12,Tractor,3,2,5,10:00-11:00,Wednesday,11,44,41,15.3,114.0,43.8,High,Cloudy,0,25,Completed,2
F1516,2024-12-09,Mandal Procurement Centre,Lakshmi Nagar,Krishna,Maize,Pioneer-3396,13.15,27,Auto,2,2,4,09:00-10:00,Monday,12,50,50,23.9,173.2,67.2,High,Cloudy,1,20,Completed,3
F1517,2024-05-08,Cooperative Collection Centre,Kisanpur,Krishna,Maize,DHM-117,7.84,16,Tractor,1,2,6,08:00-09:00,Wednesday,5,26,26,19.1,106.5,45.7,High,Cloudy,1,20,Cancelled,1
F1518,2025-02-07,Cooperative Collection Centre,Kisanpur,Krishna,Maize,DHM-117,13.54,28,Auto,1,4,10,12:00-13:00,Friday,2,21,21,26.0,93.7,49.4,High,Clear,0,20,Completed,1
F1519,2024-10-17,Rural Market Yard,Kisanpur,Krishna,Paddy,Sona Masuri,8.85,18,Tractor,2,3,10,09:00-10:00,Thursday,10,49,46,20.1,124.4,51.2,High,Clear,0,20,Completed,2
F1520,2025-01-15,Cooperative Collection Centre,Lakshmi Nagar,Krishna,Paddy,BPT-5204,10.88,22,Auto,1,3,12,14:00-15:00,Wednesday,1,30,28,20.4,92.9,43.6,High,Cloudy,0,25,Completed,1
F1521,2025-05-09,Cooperative Collection Centre,Greenfield,Krishna,Paddy,Sona Masuri,8.99,18,Tractor,1,5,8,10:00-11:00,Friday,5,36,36,20.1,76.6,39.2,High,Clear,0,25,Completed,0
F1522,2024-05-10,Cooperative Collection Centre,Kisanpur,Krishna,Cotton,NCS-145,17.37,35,Tractor,2,2,10,16:00-17:00,Friday,5,22,19,29.7,107.1,56.5,High,Clear,0,20,Cancelled,1
F1523,2025-04-08,Rural Market Yard,Kisanpur,Krishna,Maize,Pioneer-3396,4.99,10,Mini Truck,3,3,4,09:00-10:00,Tuesday,4,38,38,12.6,117.8,42.0,High,Clear,0,20,Cancelled,2
F1524,2024-09-05,Mandal Procurement Centre,Rythu Colony,Krishna,Maize,DHM-117,7.95,16,Mini Truck,3,2,10,15:00-16:00,Thursday,9,8,11,16.1,57.7,30.5,Medium,Rainy,0,25,Completed,0
F1525,2025-07-02,Mandal Procurement Centre,Rythu Colony,Krishna,Paddy,Sona Masuri,6.71,14,Tractor,2,5,12,11:00-12:00,Wednesday,7,22,29,14.3,64.8,30.5,Medium,Cloudy,1,25,Completed,0
F1526,2024-10-09,Cooperative Collection Centre,Greenfield,Krishna,Maize,DHM-117,17.7,36,Mini Truck,1,3,9,08:00-09:00,Wednesday,10,53,52,25.8,158.2,65.3,High,Clear,0,20,Completed,3
F1527,2024-06-02,Cooperative Collection Centre,Kisanpur,Krishna,Cotton,NCS-145,11.31,23,Mini Truck,2,4,10,08:00-09:00,Sunday,6,30,29,18.2,111.3,46.0,High,Clear,0,20,Completed,1
F1528,2025-09-29,Mandal Procurement Centre,Kisanpur,Krishna,Maize,DHM-117,14.89,30,Tractor,1,2,10,14:00-15:00,Monday,9,17,19,24.5,77.4,43.9,Medium,Clear,0,25,Completed,1
F1529,2025-09-26,Mandal Procurement Centre,Rythu Colony,Krishna,Cotton,Bt Cotton,5.19,11,Mini Truck,1,3,12,16:00-17:00,Friday,9,18,21,15.8,75.8,34.8,Medium,Clear,0,20,Completed,0
F1530,2024-07-07,Rural Market Yard,Greenfield,Krishna,Paddy,Sona Masuri,11.86,24,Tractor,2,4,8,14:00-15:00,Sunday,7,28,24,24.1,82.7,44.8,Medium,Clear,0,25,Completed,1
F1531,2025-12-23,Cooperative Collection Centre,Kisanpur,Krishna,Paddy,BPT-5204,16.14,33,Mini Truck,1,2,6,10:00-11:00,Tuesday,12,54,45,27.2,144.7,63.4,High,Clear,0,25,Completed,3
F1532,2024-10-20,Rural Market Yard,Greenfield,Krishna,Paddy,BPT-5204,7.55,16,Mini Truck,2,5,11,11:00-12:00,Sunday,10,31,27,17.8,73.2,36.1,Medium,Rainy,0,25,Cancelled,0
F1533,2025-08-28,Mandal Procurement Centre,Rythu Colony,Krishna,Paddy,BPT-5204,10.93,22,Auto,3,3,5,11:00-12:00,Thursday,8,10,13,22.2,85.2,43.5,Medium,Rainy,0,25,Completed,1
F1534,2025-11-25,Mandal Procurement Centre,Kisanpur,Krishna,Paddy,Sona Masuri,17.98,36,Mini Truck,3,3,11,15:00-16:00,Tuesday,11,39,42,29.6,158.4,69.2,High,Clear,0,25,Completed,3
F1535,2025-06-27,Mandal Procurement Centre,Lakshmi Nagar,Krishna,Maize,Pioneer-3396,5.22,11,Tractor,1,2,6,11:00-12:00,Friday,6,29,32,14.0,92.2,37.0,High,Clear,0,25,Completed,0
F1536,2024-01-15,Cooperative Collection Centre,Kisanpur,Krishna,Maize,DHM-117,10.88,22,Auto,2,3,11,11:00-12:00,Monday,1,33,32,24.8,100.8,50.0,High,Clear,1,25,Completed,1
F1537,2024-07-16,Cooperative Collection Centre,Greenfield,Krishna,Cotton,Bt Cotton,19.37,39,Mini Truck,3,4,7,10:00-11:00,Tuesday,7,27,24,28.6,130.6,61.2,High,Cloudy,0,25,Completed,3
F1538,2024-07-30,Cooperative Collection Centre,Rythu Colony,Krishna,Paddy,BPT-5204,6.09,13,Tractor,3,4,9,15:00-16:00,Tuesday,7,28,25,12.3,73.8,30.8,Medium,Cloudy,0,25,Completed,0
F1539,2025-01-30,Rural Market Yard,Kisanpur,Krishna,Cotton,NCS-145,2.52,6,Mini Truck,3,3,11,08:00-09:00,Thursday,1,47,41,10.6,118.8,40.3,High,Clear,0,20,Completed,2
F1540,2025-04-17,Cooperative Collection Centre,Lakshmi Nagar,Krishna,Maize,Pioneer-3396,8.81,18,Tractor,3,2,8,10:00-11:00,Thursday,4,27,28,21.5,103.2,47.3,High,Clear,0,25,Completed,1
F1541,2024-10-04,Cooperative Collection Centre,Kisanpur,Krishna,Cotton,NCS-145,6.53,14,Auto,3,2,6,09:00-10:00,Friday,10,47,51,13.4,159.9,53.4,High,Clear,0,20,Completed,2
F1542,2024-10-04,Rural Market Yard,Greenfield,Krishna,Cotton,NCS-145,17.45,35,Mini Truck,1,2,4,10:00-11:00,Friday,10,46,46,29.0,154.4,67.6,High,Clear,1,25,Completed,3
F1543,2024-05-09,Rural Market Yard,Rythu Colony,Krishna,Cotton,NCS-145,19.81,40,Auto,1,3,7,15:00-16:00,Thursday,5,8,3,29.3,73.9,47.8,Medium,Clear,0,25,Cancelled,1
F1544,2024-09-06,Rural Market Yard,Kisanpur,Krishna,Paddy,BPT-5204,20.92,42,Mini Truck,1,4,10,16:00-17:00,Friday,9,26,18,34.7,113.0,63.0,High,Clear,0,20,Completed,3
F1545,2025-06-03,Cooperative Collection Centre,Lakshmi Nagar,Krishna,Paddy,BPT-5204,17.04,35,Auto,1,5,12,08:00-09:00,Tuesday,6,28,26,27.4,106.4,54.0,High,Clear,0,20,Completed,1
F1546,2025-11-29,Cooperative Collection Centre,Greenfield,Krishna,Paddy,BPT-5204,5.76,12,Mini Truck,2,5,5,10:00-11:00,Saturday,11,46,47,14.4,93.8,37.9,High,Clear,0,25,Completed,2
F1547,2024-08-27,Cooperative Collection Centre,Rythu Colony,Krishna,Paddy,Sona Masuri,19.85,40,Tractor,2,4,6,12:00-13:00,Tuesday,8,33,30,30.6,133.9,64.1,High,Cloudy,0,20,Completed,3
F1548,2024-04-11,Rural Market Yard,Kisanpur,Krishna,Cotton,Bt Cotton,8.02,17,Mini Truck,2,4,4,10:00-11:00,Thursday,4,39,44,20.3,100.7,45.5,High,Cloudy,1,25,Completed,2
F1549,2024-02-03,Rural Market Yard,Kisanpur,Krishna,Paddy,BPT-5204,16.3,33,Tractor,3,2,4,11:00-12:00,Saturday,2,22,25,29.5,142.8,65.2,High,Cloudy,0,25,Completed,3
F1550,2025-04-09,Mandal Procurement Centre,Lakshmi Nagar,Krishna,Paddy,Sona Masuri,9.87,20,Mini Truck,2,3,4,10:00-11:00,Wednesday,4,37,34,18.6,114.3,47.2,High,Clear,0,25,Completed,2
F1551,2024-10-08,Mandal Procurement Centre,Kisanpur,Krishna,Cotton,NCS-145,6.14,13,Auto,3,2,7,16:00-17:00,Tuesday,10,33,40,13.5,138.0,48.0,High,Clear,0,20,Completed,2
F1552,2024-06-26,Rural Market Yard,Lakshmi Nagar,Krishna,Paddy,Sona Masuri,15.14,31,Tractor,3,3,5,11:00-12:00,Wednesday,6,18,19,26.0,114.0,54.5,High,Clear,0,25,Completed,1
F1553,2024-07-06,Mandal Procurement Centre,Greenfield,Krishna,Paddy,BPT-5204,10.28,21,Tractor,2,5,12,08:00-09:00,Saturday,7,39,38,20.0,103.3,45.8,High,Clear,0,20,Completed,2
F1554,2025-10-16,Rural Market Yard,Greenfield,Krishna,Maize,DHM-117,8.5,17,Tractor,1,2,8,11:00-12:00,Thursday,10,36,37,17.7,106.7,44.4,High,Cloudy,0,25,Completed,2
F1555,2025-10-28,Mandal Procurement Centre,Lakshmi Nagar,Krishna,Cotton,NCS-145,5.76,12,Tractor,3,2,12,09:00-10:00,Tuesday,10,52,40,12.6,120.5,42.7,High,Cloudy,0,20,Completed,2
F1556,2024-11-12,Mandal Procurement Centre,Greenfield,Krishna,Maize,Pioneer-3396,4.04,9,Tractor,1,2,4,14:00-15:00,Tuesday,11,39,39,12.7,98.1,37.2,High,Cloudy,0,25,Completed,2
F1557,2025-01-11,Mandal Procurement Centre,Greenfield,Krishna,Maize,Pioneer-3396,8.14,17,Mini Truck,1,5,8,09:00-10:00,Saturday,1,51,52,17.2,131.3,50.0,High,Clear,0,20,Completed,2
F1558,2024-05-14,Rural Market Yard,Rythu Colony,Krishna,Maize,Pioneer-3396,5.0,10,Mini Truck,1,2,11,08:00-09:00,Tuesday,5,36,35,12.3,101.6,37.7,High,Clear,1,20,Cancelled,2
F1559,2024-01-30,Cooperative Collection Centre,Lakshmi Nagar,Krishna,Paddy,Sona Masuri,5.48,11,Mini Truck,3,4,4,08:00-09:00,Tuesday,1,38,37,11.8,106.0,38.3,High,Rainy,0,20,Completed,2
F1560,2024-02-03,Mandal Procurement Centre,Greenfield,Krishna,Maize,Pioneer-3396,5.78,12,Mini Truck,1,5,8,11:00-12:00,Saturday,2,27,22,13.9,55.2,27.7,Medium,Cloudy,0,25,Completed,0
F1561,2025-03-11,Cooperative Collection Centre,Lakshmi Nagar,Krishna,Maize,Pioneer-3396,9.43,19,Mini Truck,2,4,10,08:00-09:00,Tuesday,3,36,37,20.2,126.4,51.8,High,Clear,0,20,Completed,2
F1562,2025-03-02,Mandal Procurement Centre,Greenfield,Krishna,Maize,Pioneer-3396,5.55,12,Auto,1,5,10,09:00-10:00,Sunday,3,46,44,15.7,102.8,41.4,High,Clear,0,20,Completed,2
F1563,2025-03-08,Cooperative Collection Centre,Lakshmi Nagar,Krishna,Cotton,NCS-145,6.56,14,Tractor,3,5,11,09:00-10:00,Saturday,3,38,39,18.1,122.7,48.8,High,Cloudy,0,20,Completed,2
F1564,2024-09-06,Mandal Procurement Centre,Kisanpur,Krishna,Cotton,Bt Cotton,5.2,11,Mini Truck,1,2,9,08:00-09:00,Friday,9,33,39,12.7,103.1,38.5,High,Clear,0,20,Completed,2
F1565,2024-02-11,Mandal Procurement Centre,Lakshmi Nagar,Krishna,Maize,Pioneer-3396,5.95,12,Mini Truck,1,2,8,08:00-09:00,Sunday,2,40,44,15.9,134.2,49.4,High,Cloudy,0,20,Cancelled,2
F1566,2025-01-21,Mandal Procurement Centre,Greenfield,Krishna,Cotton,Bt Cotton,8.46,17,Tractor,1,5,6,16:00-17:00,Tuesday,1,28,31,20.0,98.0,44.5,High,Clear,0,20,Completed,1
F1567,2024-01-17,Rural Market Yard,Kisanpur,Krishna,Paddy,BPT-5204,14.62,30,Tractor,2,3,4,08:00-09:00,Wednesday,1,56,51,26.9,161.8,67.3,High,Clear,0,20,Cancelled,3
F1568,2025-05-20,Mandal Procurement Centre,Lakshmi Nagar,Krishna,Paddy,Sona Masuri,7.0,14,Tractor,3,3,5,15:00-16:00,Tuesday,5,17,17,17.5,65.7,33.9,Medium,Clear,0,25,Completed,0
F1569,2025-07-03,Cooperative Collection Centre,Lakshmi Nagar,Krishna,Maize,Pioneer-3396,7.61,16,Tractor,3,3,10,11:00-12:00,Thursday,7,25,27,19.7,96.2,43.8,High,Cloudy,0,25,Completed,0
F1570,2024-01-16,Rural Market Yard,Rythu Colony,Krishna,Maize,DHM-117,13.39,27,Mini Truck,3,5,5,09:00-10:00,Tuesday,1,44,42,22.5,134.1,56.0,High,Clear,0,20,Completed,2
F1571,2024-01-01,Mandal Procurement Centre,Kisanpur,Krishna,Maize,DHM-117,10.1,21,Mini Truck,2,4,7,14:00-15:00,Monday,1,21,23,18.6,85.3,39.9,Medium,Rainy,0,25,Completed,1
F1572,2024-12-14,Cooperative Collection Centre,Lakshmi Nagar,Krishna,Paddy,BPT-5204,13.66,28,Mini Truck,2,3,6,11:00-12:00,Saturday,12,41,36,26.0,124.9,57.2,High,Rainy,1,25,Cancelled,3
F1573,2024-08-02,Mandal Procurement Centre,Greenfield,Krishna,Cotton,Bt Cotton,9.71,20,Tractor,3,4,12,11:00-12:00,Friday,8,27,24,14.8,98.9,39.5,High,Clear,0,25,Cancelled,0
F1574,2025-08-18,Cooperative Collection Centre,Greenfield,Krishna,Maize,Pioneer-3396,8.47,17,Tractor,1,4,7,09:00-10:00,Monday,8,28,33,17.4,94.9,41.1,High,Clear,0,20,Completed,2
F1575,2025-08-11,Mandal Procurement Centre,Greenfield,Krishna,Paddy,BPT-5204,8.16,17,Tractor,2,5,4,09:00-10:00,Monday,8,30,33,13.7,111.0,41.5,High,Cloudy,0,20,Completed,2
F1576,2024-07-31,Mandal Procurement Centre,Kisanpur,Krishna,Cotton,Bt Cotton,15.68,32,Mini Truck,2,3,9,12:00-13:00,Wednesday,7,20,21,26.3,97.4,50.7,High,Clear,0,20,Completed,1
F1577,2025-10-04,Cooperative Collection Centre,Kisanpur,Krishna,Paddy,BPT-5204,6.89,14,Tractor,1,3,8,15:00-16:00,Saturday,10,38,37,15.0,77.3,34.3,High,Clear,0,25,Completed,0
F1578,2025-09-14,Mandal Procurement Centre,Kisanpur,Krishna,Maize,DHM-117,16.09,33,Auto,1,4,12,15:00-16:00,Sunday,9,36,39,30.2,126.8,61.9,High,Cloudy,0,25,Cancelled,3
F1579,2025-08-24,Cooperative Collection Centre,Lakshmi Nagar,Krishna,Maize,Pioneer-3396,11.81,24,Mini Truck,3,5,4,09:00-10:00,Sunday,8,45,41,21.1,142.5,56.7,High,Clear,0,20,Completed,2
F1580,2024-12-17,Cooperative Collection Centre,Rythu Colony,Krishna,Paddy,BPT-5204,7.85,16,Tractor,1,5,5,11:00-12:00,Tuesday,12,35,38,18.0,92.8,41.2,High,Clear,0,25,Completed,2
F1581,2025-02-10,Cooperative Collection Centre,Lakshmi Nagar,Krishna,Maize,DHM-117,9.55,20,Tractor,1,5,12,12:00-13:00,Monday,2,17,18,23.5,66.7,40.2,Medium,Cloudy,0,20,Cancelled,1
F1582,2025-07-14,Rural Market Yard,Kisanpur,Krishna,Cotton,Bt Cotton,14.32,29,Mini Truck,2,4,6,15:00-16:00,Monday,7,20,12,27.1,77.1,46.4,Medium,Rainy,0,25,Completed,1
F1583,2025-04-29,Mandal Procurement Centre,Kisanpur,Krishna,Maize,DHM-117,12.18,25,Tractor,2,5,11,14:00-15:00,Tuesday,4,19,17,20.7,59.2,35.5,Medium,Cloudy,0,25,Completed,1
F1584,2024-10-14,Rural Market Yard,Greenfield,Krishna,Maize,Pioneer-3396,17.64,36,Mini Truck,1,3,4,08:00-09:00,Monday,10,49,54,34.1,185.2,80.4,High,Clear,0,20,Cancelled,3
F1585,2025-03-24,Rural Market Yard,Kisanpur,Krishna,Paddy,BPT-5204,6.91,14,Auto,3,3,11,14:00-15:00,Monday,3,17,15,15.1,82.0,35.6,Medium,Cloudy,0,25,Cancelled,0
F1586,2024-10-12,Rural Market Yard,Greenfield,Krishna,Cotton,Bt Cotton,20.17,41,Auto,3,4,7,10:00-11:00,Saturday,10,51,59,31.3,195.9,80.3,High,Clear,0,25,Completed,3
F1587,2024-10-29,Cooperative Collection Centre,Rythu Colony,Krishna,Paddy,BPT-5204,14.45,29,Auto,2,5,5,12:00-13:00,Tuesday,10,36,36,25.1,122.5,55.7,High,Cloudy,0,20,Cancelled,3
F1588,2025-05-11,Rural Market Yard,Rythu Colony,Krishna,Paddy,BPT-5204,11.41,23,Mini Truck,3,2,7,09:00-10:00,Sunday,5,35,36,20.4,146.1,56.9,High,Clear,0,20,Completed,2
F1589,2024-06-15,Mandal Procurement Centre,Lakshmi Nagar,Krishna,Paddy,BPT-5204,6.85,14,Auto,2,2,9,14:00-15:00,Saturday,6,24,30,19.1,87.3,40.9,Medium,Clear,0,25,Completed,0
F1590,2024-09-29,Rural Market Yard,Lakshmi Nagar,Krishna,Cotton,NCS-145,7.36,15,Tractor,1,2,10,09:00-10:00,Sunday,9,37,33,15.8,90.8,38.5,High,Cloudy,0,20,Completed,0
F1591,2024-03-27,Cooperative Collection Centre,Rythu Colony,Krishna,Maize,Pioneer-3396,2.0,4,Tractor,1,2,4,09:00-10:00,Wednesday,3,33,31,11.7,86.8,33.4,High,Cloudy,0,20,Completed,0
F1592,2024-07-05,Cooperative Collection Centre,Rythu Colony,Krishna,Maize,DHM-117,12.09,25,Tractor,1,5,5,15:00-16:00,Friday,7,11,6,24.2,42.2,34.8,Low,Clear,0,25,Cancelled,1
F1593,2025-06-17,Cooperative Collection Centre,Kisanpur,Krishna,Paddy,BPT-5204,14.79,30,Mini Truck,2,3,5,12:00-13:00,Tuesday,6,22,28,27.9,130.3,60.5,High,Cloudy,0,20,Completed,3
F1594,2025-10-10,Rural Market Yard,Kisanpur,Krishna,Maize,Pioneer-3396,20.67,42,Auto,3,4,10,10:00-11:00,Friday,10,43,38,31.9,144.6,68.0,High,Clear,0,25,Completed,3
F1595,2025-05-29,Mandal Procurement Centre,Kisanpur,Krishna,Paddy,Sona Masuri,6.95,14,Mini Truck,2,4,4,12:00-13:00,Thursday,5,17,16,16.0,80.5,36.1,Medium,Clear,0,20,Cancelled,0
F1596,2025-11-18,Mandal Procurement Centre,Rythu Colony,Krishna,Cotton,Bt Cotton,5.15,11,Tractor,2,5,9,08:00-09:00,Tuesday,11,47,49,14.7,139.5,49.6,High,Cloudy,0,20,Completed,2
F1597,2024-05-09,Mandal Procurement Centre,Lakshmi Nagar,Krishna,Paddy,BPT-5204,23.32,47,Tractor,2,4,5,15:00-16:00,Thursday,5,22,24,33.4,141.9,68.9,High,Cloudy,0,25,Completed,3
F1598,2024-03-06,Rural Market Yard,Greenfield,Krishna,Cotton,Bt Cotton,5.49,11,Auto,2,3,6,11:00-12:00,Wednesday,3,16,8,12.2,54.5,25.8,Medium,Clear,0,25,Completed,0
F1599,2024-12-31,Mandal Procurement Centre,Rythu Colony,Krishna,Maize,DHM-117,12.31,25,Auto,3,2,12,08:00-09:00,Tuesday,12,39,36,21.9,133.8,55.4,High,Rainy,0,20,Completed,2
F1600,2024-10-16,Mandal Procurement Centre,Lakshmi Nagar,Krishna,Cotton,NCS-145,14.71,30,Auto,1,3,12,09:00-10:00,Wednesday,10,41,44,30.7,152.4,68.8,High,Rainy,0,20,Cancelled,3
F1601,2025-08-20,Rural Market Yard,Kisanpur,Krishna,Cotton,Bt Cotton,8.57,18,Mini Truck,2,4,9,14:00-15:00,Wednesday,8,25,27,20.8,91.2,43.6,High,Clear,0,25,Completed,1
F1602,2025-06-12,Cooperative Collection Centre,Greenfield,Krishna,Maize,Pioneer-3396,9.11,19,Auto,2,5,10,08:00-09:00,Thursday,6,42,36,20.5,109.2,47.8,High,Cloudy,0,20,Completed,2
F1603,2025-02-20,Mandal Procurement Centre,Kisanpur,Krishna,Maize,DHM-117,5.88,12,Tractor,2,5,11,08:00-09:00,Thursday,2,37,38,15.2,98.9,39.9,High,Cloudy,0,20,Completed,2
F1604,2024-06-11,Cooperative Collection Centre,Greenfield,Krishna,Cotton,NCS-145,7.57,16,Tractor,2,5,4,11:00-12:00,Tuesday,6,9,8,17.0,56.1,31.0,Medium,Rainy,0,25,Completed,0
F1605,2025-11-06,Cooperative Collection Centre,Kisanpur,Krishna,Maize,Pioneer-3396,6.08,13,Mini Truck,1,2,9,12:00-13:00,Thursday,11,37,37,12.3,110.0,39.8,High,Clear,1,20,Completed,2
F1606,2025-03-17,Mandal Procurement Centre,Kisanpur,Krishna,Maize,Pioneer-3396,19.6,40,Tractor,2,3,9,11:00-12:00,Monday,3,8,3,30.9,72.5,49.0,Medium,Rainy,0,25,Cancelled,1
F1607,2024-08-26,Mandal Procurement Centre,Rythu Colony,Krishna,Cotton,NCS-145,6.62,14,Auto,3,3,4,09:00-10:00,Monday,8,32,31,17.1,115.8,46.0,High,Rainy,0,20,Completed,2
F1608,2024-07-30,Rural Market Yard,Rythu Colony,Krishna,Maize,DHM-117,7.03,15,Auto,2,4,6,10:00-11:00,Tuesday,7,22,19,15.1,64.3,31.2,Medium,Clear,0,25,Completed,0
F1609,2024-06-18,Mandal Procurement Centre,Kisanpur,Krishna,Maize,Pioneer-3396,19.44,39,Auto,1,2,11,12:00-13:00,Tuesday,6,20,21,33.1,129.4,65.5,High,Cloudy,0,20,Completed,3
F1610,2025-05-20,Cooperative Collection Centre,Kisanpur,Krishna,Paddy,BPT-5204,8.65,18,Mini Truck,3,3,6,09:00-10:00,Tuesday,5,35,32,18.3,121.0,48.5,High,Clear,0,20,Completed,2
F1611,2024-12-12,Mandal Procurement Centre,Kisanpur,Krishna,Cotton,NCS-145,7.9,16,Auto,3,3,12,08:00-09:00,Thursday,12,43,38,16.0,100.3,41.1,High,Clear,0,20,Completed,2
F1612,2025-06-20,Rural Market Yard,Rythu Colony,Krishna,Maize,Pioneer-3396,10.83,22,Tractor,2,4,12,09:00-10:00,Friday,6,28,27,21.8,97.5,46.2,High,Cloudy,0,20,Completed,1
F1613,2024-09-07,Rural Market Yard,Kisanpur,Krishna,Cotton,NCS-145,4.05,9,Mini Truck,1,2,6,12:00-13:00,Saturday,9,35,33,13.1,98.5,37.7,High,Cloudy,0,20,Completed,0
F1614,2024-01-10,Cooperative Collection Centre,Lakshmi Nagar,Krishna,Paddy,Sona Masuri,7.52,16,Mini Truck,2,4,11,10:00-11:00,Wednesday,1,48,52,14.8,121.4,45.2,High,Cloudy,0,25,Completed,2
F1615,2025-09-08,Cooperative Collection Centre,Greenfield,Krishna,Paddy,Sona Masuri,7.97,16,Auto,2,5,4,09:00-10:00,Monday,9,34,33,18.5,107.1,45.3,High,Clear,0,20,Completed,2
F1616,2025-03-31,Rural Market Yard,Greenfield,Krishna,Paddy,BPT-5204,12.08,25,Mini Truck,2,4,10,10:00-11:00,Monday,3,31,32,21.1,105.0,47.4,High,Clear,0,25,Completed,1
F1617,2025-03-26,Cooperative Collection Centre,Lakshmi Nagar,Krishna,Paddy,Sona Masuri,8.79,18,Mini Truck,1,4,7,15:00-16:00,Wednesday,3,22,15,19.0,41.0,29.2,Low,Clear,0,25,Completed,0
F1618,2024-06-15,Mandal Procurement Centre,Kisanpur,Krishna,Maize,Pioneer-3396,7.47,15,Auto,3,3,11,11:00-12:00,Saturday,6,23,29,17.3,88.6,39.5,Medium,Clear,0,25,Completed,0
F1619,2024-12-29,Cooperative Collection Centre,Rythu Colony,Krishna,Paddy,Sona Masuri,5.97,12,Auto,1,2,10,08:00-09:00,Sunday,12,48,45,18.3,124.4,49.4,High,Cloudy,0,20,Cancelled,2
F1620,2025-10-19,Mandal Procurement Centre,Greenfield,Krishna,Maize,Pioneer-3396,5.31,11,Tractor,1,2,10,12:00-13:00,Sunday,10,40,46,17.9,125.4,49.2,High,Cloudy,0,20,Cancelled,2
F1621,2025-03-09,Mandal Procurement Centre,Greenfield,Krishna,Paddy,Sona Masuri,6.99,14,Auto,3,2,7,10:00-11:00,Sunday,3,39,45,20.0,138.4,54.6,High,Clear,0,25,Completed,2
F1622,2025-12-28,Rural Market Yard,Rythu Colony,Krishna,Cotton,NCS-145,14.39,29,Auto,2,4,9,12:00-13:00,Sunday,12,30,34,23.0,113.1,51.3,High,Cloudy,0,20,Completed,1
F1623,2024-10-16,Rural Market Yard,Rythu Colony,Krishna,Cotton,NCS-145,13.13,27,Mini Truck,2,4,12,10:00-11:00,Wednesday,10,53,50,24.6,131.6,57.5,High,Clear,0,25,Completed,2
F1624,2024-11-30,Cooperative Collection Centre,Greenfield,Krishna,Maize,DHM-117,10.34,21,Mini Truck,2,5,5,12:00-13:00,Saturday,11,23,22,19.9,95.6,43.8,High,Rainy,0,20,Cancelled,1
F1625,2025-01-17,Rural Market Yard,Rythu Colony,Krishna,Paddy,Sona Masuri,6.49,13,Tractor,3,5,4,09:00-10:00,Friday,1,42,39,18.0,127.8,50.0,High,Cloudy,0,20,Completed,2
F1626,2024-03-04,Rural Market Yard,Greenfield,Krishna,Cotton,Bt Cotton,8.29,17,Auto,2,4,10,08:00-09:00,Monday,3,28,19,16.0,90.1,38.5,High,Clear,0,20,Cancelled,0
F1627,2024-07-09,Mandal Procurement Centre,Rythu Colony,Krishna,Maize,Pioneer-3396,8.82,18,Tractor,1,5,9,15:00-16:00,Tuesday,7,14,7,19.5,41.9,30.0,Low,Clear,0,25,Completed,0
F1628,2024-05-02,Cooperative Collection Centre,Kisanpur,Krishna,Paddy,Sona Masuri,10.72,22,Mini Truck,2,4,12,09:00-10:00,Thursday,5,28,26,19.0,101.9,44.5,High,Clear,0,20,Completed,1
F1629,2024-05-03,Mandal Procurement Centre,Rythu Colony,Krishna,Paddy,BPT-5204,15.67,32,Tractor,2,2,9,14:00-15:00,Friday,5,18,19,26.2,113.3,54.5,High,Clear,0,25,Completed,1
F1630,2024-08-06,Mandal Procurement Centre,Rythu Colony,Krishna,Cotton,NCS-145,10.31,21,Tractor,3,4,5,09:00-10:00,Tuesday,8,42,34,21.5,132.7,54.7,High,Clear,0,20,Completed,2
F1631,2024-05-29,Cooperative Collection Centre,Lakshmi Nagar,Krishna,Paddy,BPT-5204,3.44,7,Tractor,2,3,6,12:00-13:00,Wednesday,5,17,20,11.9,67.9,28.9,Medium,Clear,0,20,Completed,0
F1632,2024-08-13,Mandal Procurement Centre,Greenfield,Krishna,Maize,Pioneer-3396,18.96,38,Tractor,1,2,6,11:00-12:00,Tuesday,8,11,10,31.4,101.9,56.9,High,Rainy,0,25,Completed,1
F1633,2025-06-03,Mandal Procurement Centre,Kisanpur,Krishna,Cotton,NCS-145,14.08,29,Auto,2,3,8,16:00-17:00,Tuesday,6,21,14,24.9,80.5,45.0,Medium,Cloudy,0,20,Cancelled,1
F1634,2024-08-17,Mandal Procurement Centre,Rythu Colony,Krishna,Cotton,NCS-145,8.94,18,Auto,1,5,10,16:00-17:00,Saturday,8,30,32,16.7,81.7,37.1,High,Cloudy,0,20,Completed,0
F1635,2024-04-14,Cooperative Collection Centre,Rythu Colony,Krishna,Cotton,NCS-145,6.81,14,Auto,2,2,9,16:00-17:00,Sunday,4,33,39,13.9,129.2,46.2,High,Clear,0,20,Cancelled,2
F1636,2025-03-01,Rural Market Yard,Greenfield,Krishna,Maize,DHM-117,2.92,6,Mini Truck,3,4,10,16:00-17:00,Saturday,3,28,31,14.2,88.6,36.3,High,Clear,1,20,Cancelled,0
F1637,2024-06-24,Rural Market Yard,Kisanpur,Krishna,Cotton,NCS-145,7.12,15,Tractor,3,4,12,09:00-10:00,Monday,6,29,28,16.0,90.6,38.6,High,Clear,0,20,Cancelled,0
F1638,2024-05-20,Cooperative Collection Centre,Greenfield,Krishna,Cotton,Bt Cotton,9.17,19,Mini Truck,3,4,11,11:00-12:00,Monday,5,28,28,18.8,90.1,41.3,High,Clear,0,25,Completed,0
F1639,2024-05-01,Cooperative Collection Centre,Greenfield,Krishna,Paddy,BPT-5204,11.83,24,Mini Truck,2,2,11,11:00-12:00,Wednesday,5,14,18,22.9,80.4,43.0,Medium,Rainy,0,25,Cancelled,1
F1640,2025-01-13,Rural Market Yard,Lakshmi Nagar,Krishna,Cotton,Bt Cotton,6.77,14,Tractor,2,4,8,09:00-10:00,Monday,1,50,47,13.1,120.8,43.3,High,Clear,0,20,Completed,2
F1641,2024-08-14,Rural Market Yard,Rythu Colony,Krishna,Paddy,BPT-5204,4.23,9,Tractor,2,5,7,11:00-12:00,Wednesday,8,21,24,12.0,56.3,26.1,Medium,Cloudy,0,25,Completed,0
F1642,2024-06-23,Cooperative Collection Centre,Rythu Colony,Krishna,Maize,Pioneer-3396,10.87,22,Auto,2,4,9,10:00-11:00,Sunday,6,41,46,20.2,124.4,51.3,High,Cloudy,0,25,Completed,2
F1643,2025-11-11,Rural Market Yard,Rythu Colony,Krishna,Paddy,Sona Masuri,5.57,12,Tractor,1,3,7,09:00-10:00,Tuesday,11,36,27,13.5,84.7,34.7,Medium,Rainy,0,20,Cancelled,0
F1644,2025-08-10,Rural Market Yard,Lakshmi Nagar,Krishna,Cotton,Bt Cotton,12.15,25,Tractor,3,5,10,08:00-09:00,Sunday,8,42,47,20.0,141.8,55.5,High,Clear,0,20,Cancelled,2
F1645,2024-06-18,Cooperative Collection Centre,Greenfield,Krishna,Cotton,NCS-145,6.65,14,Mini Truck,1,3,5,08:00-09:00,Tuesday,6,44,45,15.9,147.1,52.7,High,Clear,0,20,Completed,2
F1646,2025-08-11,Rural Market Yard,Lakshmi Nagar,Krishna,Maize,Pioneer-3396,14.16,29,Auto,3,5,7,09:00-10:00,Monday,8,28,34,24.9,148.8,62.1,High,Clear,0,20,Completed,3
F1647,2025-10-26,Rural Market Yard,Kisanpur,Krishna,Cotton,Bt Cotton,8.96,18,Tractor,1,4,7,15:00-16:00,Sunday,10,24,31,21.5,96.0,45.5,High,Rainy,0,25,Completed,1
F1648,2025-05-23,Cooperative Collection Centre,Rythu Colony,Krishna,Paddy,BPT-5204,14.24,29,Mini Truck,3,3,11,08:00-09:00,Friday,5,29,28,26.5,127.1,58.3,High,Clear,0,20,Completed,1
F1649,2025-10-26,Mandal Procurement Centre,Kisanpur,Krishna,Paddy,BPT-5204,6.56,14,Tractor,2,5,6,09:00-10:00,Sunday,10,51,50,14.8,133.2,48.1,High,Cloudy,0,20,Cancelled,2
F1650,2025-06-14,Cooperative Collection Centre,Kisanpur,Krishna,Paddy,Sona Masuri,9.57,20,Tractor,1,4,7,10:00-11:00,Saturday,6,36,39,19.1,100.4,44.2,High,Cloudy,0,25,Completed,2
F1651,2024-09-03,Rural Market Yard,Kisanpur,Krishna,Maize,Pioneer-3396,5.94,12,Mini Truck,3,4,12,10:00-11:00,Tuesday,9,34,31,15.6,97.2,39.9,High,Cloudy,0,25,Completed,0
F1652,2024-03-17,Mandal Procurement Centre,Lakshmi Nagar,Krishna,Paddy,BPT-5204,9.61,20,Tractor,3,2,11,09:00-10:00,Sunday,3,36,35,19.3,123.2,50.1,High,Cloudy,0,20,Completed,2
F1653,2024-01-31,Cooperative Collection Centre,Rythu Colony,Krishna,Maize,Pioneer-3396,5.34,11,Auto,1,3,9,10:00-11:00,Wednesday,1,44,45,15.6,112.5,43.7,High,Clear,1,25,Completed,2
F1654,2024-07-21,Rural Market Yard,Kisanpur,Krishna,Paddy,BPT-5204,3.49,7,Tractor,2,4,4,12:00-13:00,Sunday,7,21,25,12.1,83.3,32.9,Medium,Cloudy,0,20,Completed,0
F1655,2025-06-22,Cooperative Collection Centre,Rythu Colony,Krishna,Maize,Pioneer-3396,10.38,21,Tractor,1,3,4,11:00-12:00,Sunday,6,29,21,19.4,87.6,41.3,Medium,Clear,0,25,Completed,1
F1656,2024-05-01,Mandal Procurement Centre,Lakshmi Nagar,Krishna,Maize,Pioneer-3396,8.13,17,Mini Truck,2,4,5,15:00-16:00,Wednesday,5,7,5,15.9,53.2,29.2,Medium,Rainy,0,25,Completed,0
F1657,2025-08-10,Rural Market Yard,Rythu Colony,Krishna,Cotton,NCS-145,6.69,14,Mini Truck,2,4,7,09:00-10:00,Sunday,8,40,38,15.0,118.7,44.7,High,Cloudy,0,20,Completed,2
F1658,2024-04-18,Rural Market Yard,Kisanpur,Krishna,Cotton,NCS-145,9.99,20,Tractor,3,4,10,10:00-11:00,Thursday,4,30,27,21.9,95.6,45.8,High,Cloudy,0,25,Completed,1
F1659,2025-07-10,Cooperative Collection Centre,Kisanpur,Krishna,Cotton,Bt Cotton,7.22,15,Auto,3,5,9,15:00-16:00,Thursday,7,15,21,15.8,66.9,32.5,Medium,Cloudy,0,25,Completed,0
F1660,2025-01-23,Cooperative Collection Centre,Rythu Colony,Krishna,Maize,DHM-117,5.6,12,Tractor,1,4,5,10:00-11:00,Thursday,1,39,43,12.9,111.9,40.9,High,Rainy,0,25,Completed,2
F1661,2024-07-17,Cooperative Collection Centre,Kisanpur,Krishna,Paddy,Sona Masuri,9.21,19,Mini Truck,2,3,10,10:00-11:00,Wednesday,7,27,22,17.2,71.3,35.0,Medium,Cloudy,0,25,Cancelled,0
F1662,2024-12-10,Mandal Procurement Centre,Kisanpur,Krishna,Cotton,Bt Cotton,3.88,8,Tractor,2,3,4,14:00-15:00,Tuesday,12,28,30,14.8,88.6,37.0,Medium,Clear,0,25,Completed,0
F1663,2025-03-07,Mandal Procurement Centre,Lakshmi Nagar,Krishna,Paddy,Sona Masuri,13.03,27,Tractor,3,3,7,16:00-17:00,Friday,3,14,19,20.7,92.8,43.9,High,Rainy,0,20,Completed,1
F1664,2024-06-17,Mandal Procurement Centre,Rythu Colony,Krishna,Cotton,NCS-145,5.3,11,Mini Truck,1,3,6,08:00-09:00,Monday,6,27,20,14.3,78.3,33.9,Medium,Clear,0,20,Cancelled,0
F1665,2025-02-06,Mandal Procurement Centre,Lakshmi Nagar,Krishna,Paddy,BPT-5204,8.0,16,Tractor,3,2,9,14:00-15:00,Thursday,2,25,22,16.2,82.7,36.9,Medium,Clear,0,25,Completed,0
F1666,2025-06-14,Rural Market Yard,Lakshmi Nagar,Krishna,Paddy,Sona Masuri,6.42,13,Tractor,1,4,5,14:00-15:00,Saturday,6,12,15,16.2,45.2,27.5,Medium,Rainy,1,25,Cancelled,0
F1667,2025-10-15,Rural Market Yard,Lakshmi Nagar,Krishna,Cotton,NCS-145,12.22,25,Tractor,3,2,4,11:00-12:00,Wednesday,10,34,31,19.1,117.9,48.6,High,Clear,0,25,Completed,1
F1668,2025-04-02,Mandal Procurement Centre,Rythu Colony,Krishna,Cotton,Bt Cotton,5.4,11,Mini Truck,1,4,6,11:00-12:00,Wednesday,4,14,12,15.4,38.8,25.1,Low,Clear,0,25,Cancelled,0
F1669,2024-05-27,Mandal Procurement Centre,Greenfield,Krishna,Cotton,NCS-145,6.28,13,Mini Truck,2,2,9,10:00-11:00,Monday,5,29,31,14.4,95.5,38.3,High,Clear,0,25,Cancelled,0
F1670,2024-08-28,Rural Market Yard,Kisanpur,Krishna,Cotton,Bt Cotton,6.5,13,Tractor,1,5,6,10:00-11:00,Wednesday,8,28,27,17.8,59.6,32.7,Medium,Rainy,0,25,Completed,0
F1671,2025-04-07,Cooperative Collection Centre,Greenfield,Krishna,Paddy,BPT-5204,3.91,8,Tractor,1,3,5,12:00-13:00,Monday,4,20,20,9.3,79.2,29.1,Medium,Clear,0,20,Cancelled,0
F1672,2025-02-28,Mandal Procurement Centre,Kisanpur,Krishna,Cotton,NCS-145,9.36,19,Mini Truck,1,4,6,09:00-10:00,Friday,2,43,44,21.9,131.9,54.9,High,Clear,0,20,Completed,2
F1673,2024-03-16,Cooperative Collection Centre,Kisanpur,Krishna,Cotton,NCS-145,11.4,23,Auto,3,4,10,09:00-10:00,Saturday,3,45,45,19.9,144.7,56.1,High,Clear,0,20,Cancelled,2
F1674,2024-03-17,Cooperative Collection Centre,Lakshmi Nagar,Krishna,Paddy,Sona Masuri,12.33,25,Tractor,1,5,8,09:00-10:00,Sunday,3,33,29,23.2,100.6,48.3,High,Rainy,0,20,Cancelled,1
F1675,2025-07-13,Rural Market Yard,Kisanpur,Krishna,Cotton,NCS-145,11.67,24,Mini Truck,3,3,11,09:00-10:00,Sunday,7,46,47,19.4,151.8,57.4,High,Cloudy,0,20,Cancelled,2
F1676,2025-02-16,Rural Market Yard,Kisanpur,Krishna,Paddy,Sona Masuri,8.01,17,Tractor,2,3,8,15:00-16:00,Sunday,2,23,19,15.5,67.6,32.4,Medium,Clear,0,25,Completed,0
F1677,2025-12-11,Mandal Procurement Centre,Greenfield,Krishna,Paddy,BPT-5204,13.81,28,Tractor,1,5,8,08:00-09:00,Thursday,12,50,51,25.8,145.0,62.0,High,Clear,0,20,Completed,3
F1678,2025-01-14,Rural Market Yard,Kisanpur,Krishna,Cotton,Bt Cotton,16.1,33,Mini Truck,3,5,8,10:00-11:00,Tuesday,1,58,59,25.5,160.1,65.5,High,Clear,0,25,Completed,3
F1679,2025-12-25,Cooperative Collection Centre,Rythu Colony,Krishna,Cotton,Bt Cotton,7.91,16,Auto,3,4,5,16:00-17:00,Thursday,12,37,35,16.3,117.9,45.8,High,Clear,0,20,Completed,2
F1680,2025-01-19,Cooperative Collection Centre,Rythu Colony,Krishna,Paddy,BPT-5204,7.0,14,Tractor,2,2,8,10:00-11:00,Sunday,1,44,48,19.3,127.5,51.2,High,Rainy,0,25,Completed,2
F1681,2024-05-30,Mandal Procurement Centre,Lakshmi Nagar,Krishna,Paddy,Sona Masuri,11.99,24,Mini Truck,1,5,8,08:00-09:00,Thursday,5,29,38,18.0,119.7,47.9,High,Cloudy,0,20,Completed,2
F1682,2024-01-28,Mandal Procurement Centre,Greenfield,Krishna,Maize,DHM-117,11.76,24,Auto,2,4,6,14:00-15:00,Sunday,1,33,30,24.6,107.2,51.4,High,Rainy,0,25,Completed,1
F1683,2024-09-25,Rural Market Yard,Greenfield,Krishna,Paddy,BPT-5204,5.76,12,Auto,2,3,10,09:00-10:00,Wednesday,9,42,38,11.2,103.4,37.0,High,Clear,0,20,Completed,2
F1684,2025-07-29,Mandal Procurement Centre,Kisanpur,Krishna,Paddy,Sona Masuri,18.83,38,Auto,1,2,4,11:00-12:00,Tuesday,7,27,29,26.9,120.6,57.0,High,Clear,0,25,Completed,3
F1685,2025-02-17,Mandal Procurement Centre,Rythu Colony,Krishna,Paddy,BPT-5204,21.91,44,Mini Truck,3,4,12,09:00-10:00,Monday,2,35,37,38.4,150.1,75.9,High,Clear,0,20,Completed,3
F1686,2024-07-21,Cooperative Collection Centre,Kisanpur,Krishna,Paddy,Sona Masuri,10.23,21,Mini Truck,1,5,11,09:00-10:00,Sunday,7,35,29,19.1,73.8,37.5,High,Cloudy,0,20,Completed,0
F1687,2025-11-04,Mandal Procurement Centre,Lakshmi Nagar,Krishna,Paddy,BPT-5204,17.97,36,Auto,3,5,4,14:00-15:00,Tuesday,11,43,35,29.6,128.4,61.7,High,Clear,0,25,Completed,3
F1688,2024-05-30,Rural Market Yard,Rythu Colony,Krishna,Cotton,NCS-145,6.77,14,Mini Truck,3,2,11,14:00-15:00,Thursday,5,26,27,15.7,79.8,35.6,Medium,Cloudy,0,25,Completed,0
F1689,2024-05-23,Mandal Procurement Centre,Greenfield,Krishna,Paddy,Sona Masuri,17.49,35,Tractor,2,5,7,12:00-13:00,Thursday,5,18,18,31.0,100.3,56.1,High,Clear,0,20,Completed,1
F1690,2024-10-18,Mandal Procurement Centre,Rythu Colony,Krishna,Cotton,NCS-145,9.16,19,Tractor,1,2,7,09:00-10:00,Friday,10,46,43,21.0,129.7,53.4,High,Cloudy,0,20,Completed,2
F1691,2024-08-23,Rural Market Yard,Kisanpur,Krishna,Paddy,BPT-5204,17.16,35,Mini Truck,3,4,11,09:00-10:00,Friday,8,24,26,31.7,138.1,66.2,High,Rainy,0,20,Completed,3
F1692,2024-12-19,Cooperative Collection Centre,Lakshmi Nagar,Krishna,Cotton,Bt Cotton,5.55,12,Tractor,1,2,10,14:00-15:00,Thursday,12,42,43,14.8,109.0,42.0,High,Clear,0,25,Completed,2
F1693,2025-05-23,Rural Market Yard,Rythu Colony,Krishna,Paddy,Sona Masuri,16.6,34,Auto,2,5,11,11:00-12:00,Friday,5,23,17,30.0,102.8,55.7,High,Cloudy,0,25,Completed,1
F1694,2024-05-06,Rural Market Yard,Kisanpur,Krishna,Maize,Pioneer-3396,11.17,23,Tractor,1,3,5,09:00-10:00,Monday,5,38,35,21.9,132.7,55.1,High,Cloudy,0,20,Completed,2
F1695,2025-05-31,Cooperative Collection Centre,Rythu Colony,Krishna,Paddy,BPT-5204,9.05,19,Mini Truck,3,3,6,11:00-12:00,Saturday,5,19,13,19.6,76.0,38.6,Medium,Clear,0,25,Completed,0
F1696,2025-08-19,Rural Market Yard,Greenfield,Krishna,Paddy,BPT-5204,9.66,20,Auto,1,3,9,08:00-09:00,Tuesday,8,35,34,19.6,97.1,43.9,High,Cloudy,0,20,Completed,2
F1697,2025-09-08,Mandal Procurement Centre,Kisanpur,Krishna,Cotton,NCS-145,9.08,19,Auto,2,2,11,08:00-09:00,Monday,9,32,36,13.2,120.8,43.4,High,Cloudy,0,20,Cancelled,2
F1698,2025-01-05,Mandal Procurement Centre,Kisanpur,Krishna,Cotton,NCS-145,6.45,13,Auto,2,5,8,14:00-15:00,Sunday,1,40,49,14.7,108.0,41.7,High,Clear,0,25,Completed,2
F1699,2024-03-20,Mandal Procurement Centre,Greenfield,Krishna,Maize,Pioneer-3396,6.3,13,Auto,2,4,5,16:00-17:00,Wednesday,3,9,3,15.8,35.8,24.8,Low,Rainy,0,20,Completed,0
F1700,2025-01-22,Cooperative Collection Centre,Rythu Colony,Krishna,Maize,Pioneer-3396,10.09,21,Tractor,2,2,4,11:00-12:00,Wednesday,1,44,44,20.3,136.5,54.4,High,Cloudy,0,25,Cancelled,2
F1701,2024-04-03,Rural Market Yard,Greenfield,Krishna,Cotton,Bt Cotton,3.1,7,Mini Truck,2,4,5,08:00-09:00,Wednesday,4,36,40,13.1,110.6,40.8,High,Clear,0,20,Completed,2
F1702,2025-09-20,Cooperative Collection Centre,Rythu Colony,Krishna,Paddy,Sona Masuri,8.43,17,Auto,1,2,11,08:00-09:00,Saturday,9,37,38,19.4,117.6,48.8,High,Rainy,0,20,Cancelled,2
F1703,2024-06-24,Cooperative Collection Centre,Greenfield,Krishna,Paddy,Sona Masuri,6.43,13,Mini Truck,3,2,9,11:00-12:00,Monday,6,30,28,16.0,88.5,38.1,Medium,Clear,0,25,Cancelled,0
F1704,2024-07-12,Cooperative Collection Centre,Lakshmi Nagar,Krishna,Paddy,Sona Masuri,11.75,24,Tractor,1,2,4,12:00-13:00,Friday,7,20,17,23.0,94.0,46.5,High,Cloudy,0,20,Completed,1
F1705,2024-10-25,Cooperative Collection Centre,Kisanpur,Krishna,Maize,Pioneer-3396,11.76,24,Tractor,1,3,9,11:00-12:00,Friday,10,32,29,21.7,90.8,44.4,High,Clear,0,25,Completed,1
F1706,2025-05-16,Mandal Procurement Centre,Rythu Colony,Krishna,Cotton,Bt Cotton,8.27,17,Tractor,3,4,6,15:00-16:00,Friday,5,23,19,17.0,75.4,35.9,Medium,Clear,0,25,Cancelled,0
F1707,2025-11-18,Rural Market Yard,Rythu Colony,Krishna,Maize,DHM-117,16.28,33,Mini Truck,3,3,5,14:00-15:00,Tuesday,11,36,31,27.2,138.4,61.8,High,Clear,0,25,Cancelled,3
F1708,2025-07-27,Mandal Procurement Centre,Kisanpur,Krishna,Paddy,Sona Masuri,14.26,29,Mini Truck,1,3,10,14:00-15:00,Sunday,7,21,19,24.5,70.1,42.0,Medium,Clear,0,25,Cancelled,1
F1709,2024-06-02,Rural Market Yard,Kisanpur,Krishna,Cotton,Bt Cotton,5.99,12,Tractor,1,3,9,09:00-10:00,Sunday,6,30,28,12.3,84.1,33.3,High,Rainy,0,20,Completed,0
F1710,2025-09-04,Rural Market Yard,Kisanpur,Krishna,Paddy,BPT-5204,9.08,19,Tractor,3,5,12,15:00-16:00,Thursday,9,18,15,18.0,65.4,34.4,Medium,Rainy,0,25,Completed,0
F1711,2025-08-27,Mandal Procurement Centre,Greenfield,Krishna,Paddy,Sona Masuri,14.71,30,Mini Truck,1,3,8,08:00-09:00,Wednesday,8,43,40,27.3,124.7,58.5,High,Clear,0,20,Completed,3
F1712,2025-05-05,Rural Market Yard,Lakshmi Nagar,Krishna,Paddy,BPT-5204,8.79,18,Mini Truck,2,3,11,10:00-11:00,Monday,5,26,22,19.7,84.5,40.8,Medium,Rainy,0,25,Completed,0
F1713,2024-03-28,Mandal Procurement Centre,Kisanpur,Krishna,Maize,DHM-117,15.94,32,Mini Truck,1,4,6,08:00-09:00,Thursday,3,40,35,28.2,127.6,60.1,High,Clear,1,20,Completed,3
F1714,2024-09-08,Mandal Procurement Centre,Lakshmi Nagar,Krishna,Cotton,Bt Cotton,7.53,16,Auto,2,5,4,08:00-09:00,Sunday,9,42,41,20.3,120.6,50.5,High,Clear,0,20,Completed,2
F1715,2024-02-28,Rural Market Yard,Greenfield,Krishna,Maize,DHM-117,7.55,16,Tractor,2,2,5,15:00-16:00,Wednesday,2,21,16,17.3,68.8,34.5,Medium,Clear,0,25,Completed,0
F1716,2025-02-02,Rural Market Yard,Lakshmi Nagar,Krishna,Cotton,NCS-145,10.05,21,Tractor,2,4,11,10:00-11:00,Sunday,2,48,50,21.0,125.9,52.5,High,Clear,0,25,Completed,2
F1717,2024-12-19,Mandal Procurement Centre,Rythu Colony,Krishna,Maize,Pioneer-3396,11.04,23,Tractor,3,5,6,09:00-10:00,Thursday,12,43,49,20.1,149.6,57.5,High,Clear,0,20,Completed,2
F1718,2025-04-21,Cooperative Collection Centre,Kisanpur,Krishna,Maize,DHM-117,12.48,25,Auto,3,3,8,14:00-15:00,Monday,4,21,21,22.5,117.9,52.0,High,Clear,0,25,Completed,1
F1719,2024-07-18,Cooperative Collection Centre,Kisanpur,Krishna,Paddy,Sona Masuri,9.86,20,Mini Truck,2,4,9,08:00-09:00,Thursday,7,27,23,18.3,85.4,39.7,Medium,Clear,0,20,Completed,0
F1720,2025-06-04,Cooperative Collection Centre,Greenfield,Krishna,Maize,DHM-117,19.64,40,Tractor,3,3,11,09:00-10:00,Wednesday,6,34,32,35.0,158.6,74.7,High,Clear,0,20,Cancelled,3
F1721,2024-12-29,Mandal Procurement Centre,Greenfield,Krishna,Paddy,BPT-5204,8.81,18,Tractor,2,4,4,09:00-10:00,Sunday,12,52,52,17.1,144.9,53.3,High,Clear,0,20,Completed,2
F1722,2025-08-16,Cooperative Collection Centre,Kisanpur,Krishna,Paddy,BPT-5204,9.71,20,Auto,2,5,8,14:00-15:00,Saturday,8,26,22,18.6,78.5,38.2,Medium,Cloudy,0,25,Completed,0
F1723,2025-02-06,Mandal Procurement Centre,Kisanpur,Krishna,Maize,DHM-117,3.02,7,Tractor,2,2,8,12:00-13:00,Thursday,2,19,14,13.6,73.9,32.1,Medium,Clear,0,20,Cancelled,0
F1724,2025-09-13,Cooperative Collection Centre,Lakshmi Nagar,Krishna,Cotton,Bt Cotton,8.85,18,Tractor,2,5,7,15:00-16:00,Saturday,9,27,32,17.4,88.7,39.6,Medium,Clear,0,25,Completed,0
F1725,2025-11-18,Mandal Procurement Centre,Lakshmi Nagar,Krishna,Maize,Pioneer-3396,4.15,9,Tractor,2,4,8,09:00-10:00,Tuesday,11,42,47,14.3,145.7,50.7,High,Rainy,0,20,Cancelled,2
F1726,2024-11-08,Cooperative Collection Centre,Rythu Colony,Krishna,Maize,DHM-117,10.8,22,Mini Truck,3,4,10,10:00-11:00,Friday,11,49,54,21.6,138.5,56.2,High,Clear,0,25,Completed,2
F1727,2025-09-21,Cooperative Collection Centre,Greenfield,Krishna,Maize,DHM-117,5.51,12,Tractor,3,4,8,14:00-15:00,Sunday,9,31,28,15.2,84.9,36.4,Medium,Cloudy,0,25,Completed,0
F1728,2025-02-25,Mandal Procurement Centre,Greenfield,Krishna,Paddy,BPT-5204,10.64,22,Tractor,2,4,8,11:00-12:00,Tuesday,2,24,26,21.7,93.5,45.1,High,Clear,0,25,Completed,1
F1729,2024-03-21,Rural Market Yard,Rythu Colony,Krishna,Cotton,NCS-145,8.29,17,Tractor,3,2,5,08:00-09:00,Thursday,3,35,35,15.6,133.1,48.9,High,Clear,0,20,Completed,2
F1730,2024-06-03,Rural Market Yard,Kisanpur,Krishna,Maize,DHM-117,5.75,12,Auto,3,5,7,09:00-10:00,Monday,6,31,27,12.1,83.9,33.1,Medium,Clear,0,20,Cancelled,0
F1731,2024-07-20,Rural Market Yard,Kisanpur,Krishna,Paddy,BPT-5204,3.68,8,Tractor,3,2,5,16:00-17:00,Saturday,7,19,16,11.3,77.1,30.6,Medium,Cloudy,0,20,Completed,0
F1732,2025-05-25,Mandal Procurement Centre,Rythu Colony,Krishna,Paddy,Sona Masuri,7.72,16,Tractor,3,4,10,09:00-10:00,Sunday,5,38,42,17.7,131.6,50.6,High,Cloudy,0,20,Completed,2
F1733,2025-03-13,Mandal Procurement Centre,Kisanpur,Krishna,Cotton,NCS-145,4.7,10,Mini Truck,2,5,10,10:00-11:00,Thursday,3,23,15,14.9,34.0,23.4,Low,Rainy,0,25,Completed,0
F1734,2024-11-20,Cooperative Collection Centre,Lakshmi Nagar,Krishna,Maize,Pioneer-3396,5.43,11,Auto,1,2,4,14:00-15:00,Wednesday,11,36,37,15.3,90.2,37.9,High,Clear,0,25,Completed,2
F1735,2024-07-03,Mandal Procurement Centre,Kisanpur,Krishna,Cotton,Bt Cotton,8.5,17,Mini Truck,1,3,12,14:00-15:00,Wednesday,7,14,13,15.1,62.8,30.8,Medium,Clear,0,25,Completed,0
F1736,2025-10-20,Mandal Procurement Centre,Greenfield,Krishna,Paddy,Sona Masuri,5.95,12,Tractor,1,4,9,09:00-10:00,Monday,10,50,52,19.6,132.7,52.8,High,Cloudy,0,20,Completed,2
F1737,2024-04-28,Cooperative Collection Centre,Lakshmi Nagar,Krishna,Paddy,Sona Masuri,9.49,19,Tractor,2,3,9,08:00-09:00,Sunday,4,49,45,15.3,146.7,52.0,High,Clear,0,20,Completed,2
F1738,2025-05-16,Mandal Procurement Centre,Rythu Colony,Krishna,Maize,DHM-117,6.83,14,Mini Truck,2,3,10,10:00-11:00,Friday,5,19,21,16.9,64.2,33.0,Medium,Rainy,0,25,Completed,0
F1739,2024-08-08,Mandal Procurement Centre,Rythu Colony,Krishna,Paddy,Sona Masuri,2.24,5,Mini Truck,3,2,7,09:00-10:00,Thursday,8,28,34,12.5,113.4,40.9,High,Cloudy,0,20,Completed,2
F1740,2025-11-06,Mandal Procurement Centre,Rythu Colony,Krishna,Maize,DHM-117,3.99,8,Mini Truck,3,2,10,11:00-12:00,Thursday,11,32,25,12.9,89.5,35.3,Medium,Cloudy,0,25,Completed,0
F1741,2024-02-24,Mandal Procurement Centre,Greenfield,Krishna,Maize,DHM-117,11.82,24,Tractor,2,5,4,12:00-13:00,Saturday,2,27,25,21.9,114.4,50.5,High,Clear,0,20,Completed,1
F1742,2024-01-26,Mandal Procurement Centre,Rythu Colony,Krishna,Paddy,BPT-5204,13.35,27,Tractor,2,3,6,15:00-16:00,Friday,1,35,41,27.0,146.0,63.5,High,Clear,0,25,Cancelled,3
F1743,2025-05-05,Mandal Procurement Centre,Kisanpur,Krishna,Cotton,Bt Cotton,9.57,20,Auto,3,2,4,12:00-13:00,Monday,5,19,18,16.9,95.3,40.7,High,Cloudy,0,20,Completed,0
F1744,2025-12-08,Rural Market Yard,Lakshmi Nagar,Krishna,Paddy,BPT-5204,6.76,14,Mini Truck,3,2,6,11:00-12:00,Monday,12,37,33,18.2,117.1,47.5,High,Cloudy,0,25,Completed,2
F1745,2024-01-08,Rural Market Yard,Greenfield,Krishna,Paddy,Sona Masuri,13.26,27,Tractor,1,4,9,08:00-09:00,Monday,1,40,42,25.7,120.8,55.9,High,Rainy,0,20,Completed,3
F1746,2025-07-03,Rural Market Yard,Kisanpur,Krishna,Cotton,NCS-145,6.09,13,Tractor,1,4,7,15:00-16:00,Thursday,7,17,14,13.2,43.0,23.9,Low,Rainy,0,25,Completed,0
F1747,2024-04-13,Mandal Procurement Centre,Greenfield,Krishna,Maize,DHM-117,11.61,24,Tractor,1,4,11,12:00-13:00,Saturday,4,19,20,18.7,79.0,38.5,Medium,Clear,0,20,Completed,1
F1748,2025-03-17,Rural Market Yard,Greenfield,Krishna,Cotton,Bt Cotton,11.46,23,Mini Truck,3,2,9,15:00-16:00,Monday,3,13,8,22.4,66.8,39.1,Medium,Clear,0,25,Cancelled,1
F1749,2025-03-08,Rural Market Yard,Rythu Colony,Krishna,Cotton,NCS-145,3.69,8,Auto,1,5,4,16:00-17:00,Saturday,3,24,23,14.1,70.8,31.8,Medium,Clear,0,20,Cancelled,0
F1750,2025-06-28,Cooperative Collection Centre,Lakshmi Nagar,Krishna,Cotton,NCS-145,4.93,10,Tractor,2,4,4,09:00-10:00,Saturday,6,42,41,15.0,116.3,44.1,High,Clear,0,20,Completed,2
F1751,2025-07-13,Rural Market Yard,Kisanpur,Krishna,Paddy,BPT-5204,3.42,7,Mini Truck,1,3,9,12:00-13:00,Sunday,7,23,20,10.3,67.5,27.2,Medium,Cloudy,0,20,Completed,0
F1752,2025-08-12,Mandal Procurement Centre,Kisanpur,Krishna,Paddy,BPT-5204,11.64,24,Tractor,3,4,4,09:00-10:00,Tuesday,8,32,18,21.1,111.0,48.9,High,Clear,0,20,Completed,1
F1753,2025-10-16,Cooperative Collection Centre,Greenfield,Krishna,Paddy,BPT-5204,14.59,30,Tractor,1,3,7,09:00-10:00,Thursday,10,36,27,23.4,116.6,52.5,High,Rainy,0,20,Completed,1
F1754,2024-10-27,Rural Market Yard,Rythu Colony,Krishna,Cotton,NCS-145,14.16,29,Mini Truck,1,5,7,12:00-13:00,Sunday,10,39,35,26.5,127.2,58.3,High,Clear,1,20,Cancelled,3
F1755,2024-05-31,Mandal Procurement Centre,Greenfield,Krishna,Paddy,BPT-5204,5.98,12,Mini Truck,1,3,8,14:00-15:00,Friday,5,21,24,16.5,76.5,35.6,Medium,Clear,0,25,Completed,0
F1756,2024-02-12,Cooperative Collection Centre,Lakshmi Nagar,Krishna,Cotton,Bt Cotton,9.55,20,Tractor,3,2,4,09:00-10:00,Monday,2,39,38,17.6,146.5,54.2,High,Cloudy,0,20,Cancelled,2
F1757,2024-02-29,Mandal Procurement Centre,Greenfield,Krishna,Maize,DHM-117,11.34,23,Tractor,3,4,9,10:00-11:00,Thursday,2,32,27,23.0,101.4,48.4,High,Clear,0,25,Completed,1
F1758,2024-01-09,Mandal Procurement Centre,Kisanpur,Krishna,Maize,Pioneer-3396,6.82,14,Mini Truck,3,5,7,12:00-13:00,Tuesday,1,39,37,18.4,126.5,50.0,High,Cloudy,0,20,Cancelled,2
F1759,2025-11-14,Cooperative Collection Centre,Lakshmi Nagar,Krishna,Cotton,NCS-145,7.69,16,Tractor,3,5,4,08:00-09:00,Friday,11,50,48,16.3,134.9,50.0,High,Clear,0,20,Completed,2
F1760,2024-03-23,Rural Market Yard,Greenfield,Krishna,Paddy,Sona Masuri,18.8,38,Auto,3,2,4,08:00-09:00,Saturday,3,43,48,28.5,205.0,79.8,High,Clear,0,20,Cancelled,3
F1761,2024-08-30,Mandal Procurement Centre,Kisanpur,Krishna,Paddy,BPT-5204,9.39,19,Auto,2,2,11,16:00-17:00,Friday,8,24,16,17.6,73.6,36.0,Medium,Clear,0,20,Cancelled,0
F1762,2025-07-26,Rural Market Yard,Kisanpur,Krishna,Cotton,Bt Cotton,5.31,11,Mini Truck,2,5,10,09:00-10:00,Saturday,7,38,43,16.5,102.2,42.0,High,Clear,0,20,Completed,2
F1763,2025-02-08,Mandal Procurement Centre,Rythu Colony,Krishna,Maize,DHM-117,7.05,15,Mini Truck,3,4,9,10:00-11:00,Saturday,2,39,33,15.8,95.4,39.7,High,Clear,0,25,Completed,0
F1764,2025-05-05,Cooperative Collection Centre,Lakshmi Nagar,Krishna,Cotton,NCS-145,7.34,15,Mini Truck,2,3,7,15:00-16:00,Monday,5,5,3,15.6,44.1,26.6,Low,Rainy,0,25,Completed,0
F1765,2024-12-04,Cooperative Collection Centre,Lakshmi Nagar,Krishna,Paddy,Sona Masuri,14.97,30,Auto,1,4,12,16:00-17:00,Wednesday,12,30,31,27.7,110.8,55.4,High,Cloudy,0,20,Completed,1
F1766,2024-03-20,Cooperative Collection Centre,Lakshmi Nagar,Krishna,Maize,Pioneer-3396,14.58,30,Tractor,2,5,7,08:00-09:00,Wednesday,3,26,22,25.6,115.2,54.4,High,Clear,1,20,Completed,1
F1767,2025-11-18,Mandal Procurement Centre,Kisanpur,Krishna,Cotton,NCS-145,6.45,13,Tractor,3,5,7,15:00-16:00,Tuesday,11,36,32,13.3,90.1,35.8,High,Cloudy,0,25,Completed,0
F1768,2024-10-08,Rural Market Yard,Greenfield,Krishna,Cotton,NCS-145,8.28,17,Mini Truck,1,4,6,10:00-11:00,Tuesday,10,49,46,17.3,98.6,42.0,High,Clear,0,25,Completed,2
F1769,2025-09-23,Rural Market Yard,Greenfield,Krishna,Paddy,BPT-5204,23.82,48,Tractor,1,5,8,09:00-10:00,Tuesday,9,34,31,40.9,155.6,79.8,High,Clear,0,20,Completed,3
F1770,2024-03-30,Mandal Procurement Centre,Rythu Colony,Krishna,Cotton,Bt Cotton,6.23,13,Auto,2,4,7,10:00-11:00,Saturday,3,35,31,15.8,85.2,37.1,Medium,Cloudy,0,25,Completed,0
F1771,2024-07-31,Rural Market Yard,Lakshmi Nagar,Krishna,Maize,DHM-117,4.86,10,Tractor,1,2,10,11:00-12:00,Wednesday,7,25,19,13.3,52.1,26.3,Medium,Clear,0,25,Completed,0
F1772,2024-01-08,Cooperative Collection Centre,Rythu Colony,Krishna,Maize,DHM-117,5.58,12,Auto,3,4,8,09:00-10:00,Monday,1,39,39,16.3,113.8,44.8,High,Rainy,0,20,Completed,2
F1773,2024-07-09,Mandal Procurement Centre,Kisanpur,Krishna,Paddy,BPT-5204,27.74,56,Mini Truck,2,4,7,11:00-12:00,Tuesday,7,19,16,41.2,128.3,73.3,High,Clear,0,25,Completed,3
F1774,2024-11-10,Mandal Procurement Centre,Rythu Colony,Krishna,Cotton,Bt Cotton,12.66,26,Tractor,2,4,12,15:00-16:00,Sunday,11,41,40,21.4,108.9,48.6,High,Clear,0,25,Cancelled,2
F1775,2024-11-29,Mandal Procurement Centre,Greenfield,Krishna,Cotton,NCS-145,4.56,10,Mini Truck,3,5,8,11:00-12:00,Friday,11,32,25,13.3,60.5,28.4,Medium,Cloudy,0,25,Completed,0
F1776,2024-07-12,Rural Market Yard,Lakshmi Nagar,Krishna,Cotton,NCS-145,8.2,17,Mini Truck,1,2,12,15:00-16:00,Friday,7,24,21,18.2,53.7,31.6,Medium,Cloudy,0,25,Completed,0
F1777,2024-04-21,Cooperative Collection Centre,Rythu Colony,Krishna,Paddy,Sona Masuri,5.84,12,Tractor,2,5,4,10:00-11:00,Sunday,4,53,56,16.7,132.9,49.9,High,Cloudy,0,25,Completed,2
F1778,2025-01-18,Mandal Procurement Centre,Lakshmi Nagar,Krishna,Paddy,BPT-5204,4.54,10,Auto,2,5,7,11:00-12:00,Saturday,1,34,31,11.6,73.8,30.0,Medium,Clear,0,25,Completed,0
F1779,2024-12-15,Rural Market Yard,Kisanpur,Krishna,Paddy,Sona Masuri,6.78,14,Tractor,2,5,10,08:00-09:00,Sunday,12,48,49,16.4,133.1,49.7,High,Clear,0,20,Completed,2
F1780,2025-06-24,Rural Market Yard,Kisanpur,Krishna,Paddy,BPT-5204,2.14,5,Mini Truck,3,3,11,11:00-12:00,Tuesday,6,27,29,10.2,62.3,25.8,Medium,Cloudy,0,25,Completed,0
F1781,2024-03-03,Rural Market Yard,Lakshmi Nagar,Krishna,Maize,Pioneer-3396,6.27,13,Mini Truck,1,4,12,09:00-10:00,Sunday,3,43,44,12.7,118.4,42.3,High,Clear,0,20,Completed,2
F1782,2024-12-15,Rural Market Yard,Greenfield,Krishna,Cotton,Bt Cotton,6.64,14,Tractor,1,5,5,15:00-16:00,Sunday,12,33,28,17.9,68.7,35.1,Medium,Clear,0,25,Completed,0
F1783,2024-01-04,Mandal Procurement Centre,Lakshmi Nagar,Krishna,Paddy,BPT-5204,5.86,12,Auto,2,3,10,08:00-09:00,Thursday,1,40,44,14.3,118.0,43.8,High,Cloudy,0,20,Completed,2
F1784,2025-03-18,Rural Market Yard,Kisanpur,Krishna,Cotton,Bt Cotton,17.98,36,Mini Truck,2,2,12,15:00-16:00,Tuesday,3,17,15,30.2,104.5,56.3,High,Clear,1,25,Completed,1
F1785,2025-05-24,Mandal Procurement Centre,Kisanpur,Krishna,Cotton,Bt Cotton,12.69,26,Tractor,3,5,12,14:00-15:00,Saturday,5,28,25,25.2,90.6,47.8,High,Clear,0,25,Completed,1
F1786,2024-01-05,Mandal Procurement Centre,Rythu Colony,Krishna,Maize,DHM-117,9.33,19,Tractor,2,4,7,09:00-10:00,Friday,1,42,46,14.6,127.7,46.5,High,Rainy,1,20,Cancelled,2
F1787,2024-10-25,Cooperative Collection Centre,Rythu Colony,Krishna,Maize,DHM-117,18.01,37,Mini Truck,2,4,9,15:00-16:00,Friday,10,22,19,30.5,100.3,55.6,High,Rainy,0,25,Completed,1
F1788,2025-03-20,Rural Market Yard,Lakshmi Nagar,Krishna,Maize,Pioneer-3396,22.31,45,Mini Truck,1,4,6,12:00-13:00,Thursday,3,8,9,30.6,89.1,52.9,Medium,Rainy,0,20,Completed,1
F1789,2024-07-30,Cooperative Collection Centre,Rythu Colony,Krishna,Cotton,Bt Cotton,7.27,15,Auto,1,5,5,09:00-10:00,Tuesday,7,27,32,16.9,95.7,40.8,High,Clear,0,20,Completed,0
F1790,2024-06-30,Mandal Procurement Centre,Greenfield,Krishna,Maize,Pioneer-3396,16.95,34,Auto,2,3,4,15:00-16:00,Sunday,6,26,24,30.1,117.7,59.5,High,Clear,0,25,Completed,1
F1791,2025-07-06,Cooperative Collection Centre,Lakshmi Nagar,Krishna,Maize,Pioneer-3396,2.0,4,Mini Truck,1,4,9,09:00-10:00,Sunday,7,38,42,9.9,98.5,34.5,High,Cloudy,0,20,Completed,2
F1792,2024-09-08,Rural Market Yard,Greenfield,Krishna,Paddy,BPT-5204,7.85,16,Auto,2,4,5,12:00-13:00,Sunday,9,16,17,17.6,72.0,35.6,Medium,Clear,0,20,Cancelled,0
F1793,2024-09-29,Mandal Procurement Centre,Kisanpur,Krishna,Maize,Pioneer-3396,4.68,10,Auto,2,5,4,09:00-10:00,Sunday,9,30,29,10.6,60.7,25.8,High,Cloudy,0,20,Completed,0
F1794,2024-02-21,Mandal Procurement Centre,Rythu Colony,Krishna,Maize,Pioneer-3396,9.04,19,Mini Truck,3,4,10,10:00-11:00,Wednesday,2,35,40,18.5,119.6,48.4,High,Clear,0,25,Cancelled,2
F1795,2024-05-31,Cooperative Collection Centre,Rythu Colony,Krishna,Maize,Pioneer-3396,9.76,20,Auto,3,4,8,14:00-15:00,Friday,5,28,25,20.0,92.3,43.1,High,Clear,0,25,Cancelled,1
F1796,2025-09-19,Mandal Procurement Centre,Rythu Colony,Krishna,Cotton,Bt Cotton,18.4,37,Auto,3,4,4,10:00-11:00,Friday,9,29,23,30.5,109.9,58.0,High,Cloudy,0,25,Completed,1
F1797,2025-09-07,Cooperative Collection Centre,Rythu Colony,Krishna,Maize,DHM-117,6.89,14,Mini Truck,3,5,8,11:00-12:00,Sunday,9,20,22,17.7,78.9,37.4,Medium,Cloudy,0,25,Cancelled,0
F1798,2024-08-25,Rural Market Yard,Kisanpur,Krishna,Paddy,Sona Masuri,4.43,9,Tractor,1,4,12,10:00-11:00,Sunday,8,50,48,11.1,87.9,33.1,High,Clear,0,25,Completed,2
F1799,2025-04-26,Cooperative Collection Centre,Lakshmi Nagar,Krishna,Cotton,NCS-145,7.24,15,Mini Truck,2,3,5,10:00-11:00,Saturday,4,31,31,19.0,102.3,44.6,High,Clear,0,25,Cancelled,2
F1800,2025-01-23,Cooperative Collection Centre,Lakshmi Nagar,Krishna,Paddy,BPT-5204,2.0,4,Mini Truck,2,5,7,08:00-09:00,Thursday,1,52,53,11.6,122.6,42.2,High,Clear,0,20,Completed,2
F1801,2025-04-12,Rural Market Yard,Rythu Colony,Krishna,Maize,DHM-117,10.8,22,Mini Truck,3,5,5,11:00-12:00,Saturday,4,21,15,22.0,72.0,40.0,Medium,Cloudy,0,25,Completed,1
F1802,2024-04-13,Mandal Procurement Centre,Lakshmi Nagar,Krishna,Cotton,NCS-145,9.87,20,Tractor,3,3,10,08:00-09:00,Saturday,4,39,35,22.4,124.6,53.5,High,Clear,0,20,Completed,2
F1803,2025-11-23,Mandal Procurement Centre,Kisanpur,Krishna,Maize,DHM-117,10.64,22,Mini Truck,2,5,4,15:00-16:00,Sunday,11,39,32,22.7,95.1,46.5,High,Clear,0,25,Cancelled,1
F1804,2025-06-26,Rural Market Yard,Rythu Colony,Krishna,Maize,Pioneer-3396,6.54,14,Mini Truck,2,2,10,14:00-15:00,Thursday,6,22,24,19.2,77.5,38.6,Medium,Clear,0,25,Completed,0
F1805,2025-09-13,Rural Market Yard,Kisanpur,Krishna,Cotton,NCS-145,32.62,66,Tractor,2,5,7,10:00-11:00,Saturday,9,40,33,50.1,173.4,93.5,High,Clear,0,25,Completed,3
F1806,2025-06-18,Mandal Procurement Centre,Rythu Colony,Krishna,Maize,DHM-117,5.3,11,Mini Truck,3,5,5,09:00-10:00,Wednesday,6,44,43,11.6,137.0,45.9,High,Clear,0,20,Cancelled,2
F1807,2024-03-05,Mandal Procurement Centre,Lakshmi Nagar,Krishna,Paddy,BPT-5204,12.46,25,Auto,1,5,10,12:00-13:00,Tuesday,3,16,20,22.3,64.4,38.4,Medium,Cloudy,0,20,Completed,1
F1808,2025-08-04,Cooperative Collection Centre,Kisanpur,Krishna,Paddy,Sona Masuri,10.86,22,Tractor,2,5,4,16:00-17:00,Monday,8,17,20,21.8,100.9,47.0,High,Clear,0,20,Completed,1
F1809,2025-06-12,Rural Market Yard,Greenfield,Krishna,Cotton,NCS-145,11.82,24,Tractor,3,5,7,08:00-09:00,Thursday,6,41,34,21.5,120.6,51.6,High,Clear,0,20,Completed,1
F1810,2025-09-14,Rural Market Yard,Kisanpur,Krishna,Cotton,NCS-145,10.25,21,Tractor,1,5,11,09:00-10:00,Sunday,9,37,40,23.7,115.8,52.6,High,Clear,0,20,Completed,2
F1811,2024-04-02,Mandal Procurement Centre,Greenfield,Krishna,Cotton,Bt Cotton,9.35,19,Mini Truck,1,4,7,11:00-12:00,Tuesday,4,33,34,20.5,101.1,45.8,High,Clear,1,25,Completed,2
F1812,2024-08-28,Rural Market Yard,Greenfield,Krishna,Paddy,Sona Masuri,10.65,22,Tractor,3,3,9,09:00-10:00,Wednesday,8,29,31,14.9,113.7,43.3,High,Rainy,0,20,Cancelled,2
F1813,2024-04-09,Cooperative Collection Centre,Kisanpur,Krishna,Paddy,Sona Masuri,9.54,20,Tractor,2,2,12,15:00-16:00,Tuesday,4,18,12,20.9,77.1,40.2,Medium,Rainy,0,25,Completed,1
F1814,2025-05-09,Cooperative Collection Centre,Kisanpur,Krishna,Cotton,NCS-145,8.0,16,Mini Truck,3,3,11,10:00-11:00,Friday,5,33,31,14.1,91.1,36.9,High,Cloudy,0,25,Completed,0
F1815,2025-10-31,Mandal Procurement Centre,Greenfield,Krishna,Cotton,NCS-145,2.28,5,Auto,3,4,9,10:00-11:00,Friday,10,45,43,9.4,87.2,31.2,High,Clear,1,25,Completed,2
F1816,2025-04-04,Rural Market Yard,Greenfield,Krishna,Paddy,BPT-5204,16.93,34,Tractor,3,3,6,09:00-10:00,Friday,4,35,33,29.0,151.7,66.9,High,Clear,0,20,Completed,3
F1817,2025-04-03,Rural Market Yard,Kisanpur,Krishna,Cotton,NCS-145,7.02,15,Mini Truck,1,2,10,12:00-13:00,Thursday,4,19,19,18.4,67.8,35.3,Medium,Clear,0,20,Completed,0
F1818,2024-01-19,Mandal Procurement Centre,Lakshmi Nagar,Krishna,Paddy,BPT-5204,6.89,14,Tractor,2,3,4,08:00-09:00,Friday,1,43,44,16.2,134.5,49.8,High,Cloudy,1,20,Completed,2
F1819,2024-12-12,Rural Market Yard,Lakshmi Nagar,Krishna,Maize,DHM-117,10.56,22,Auto,1,4,10,12:00-13:00,Thursday,12,40,40,22.8,123.8,53.8,High,Clear,0,20,Cancelled,2
F1820,2025-09-02,Mandal Procurement Centre,Kisanpur,Krishna,Maize,Pioneer-3396,11.97,24,Mini Truck,1,5,12,12:00-13:00,Tuesday,9,16,14,21.9,74.9,40.6,Medium,Clear,1,20,Completed,1
F1821,2024-10-20,Cooperative Collection Centre,Greenfield,Krishna,Maize,Pioneer-3396,7.67,16,Tractor,3,3,10,16:00-17:00,Sunday,10,42,46,17.0,134.5,50.6,High,Clear,0,20,Completed,2
F1822,2025-04-13,Rural Market Yard,Greenfield,Krishna,Cotton,Bt Cotton,11.58,24,Tractor,1,5,8,09:00-10:00,Sunday,4,37,40,21.8,129.3,54.1,High,Clear,0,20,Cancelled,2
F1823,2024-09-24,Cooperative Collection Centre,Rythu Colony,Krishna,Cotton,Bt Cotton,26.83,54,Tractor,1,3,7,12:00-13:00,Tuesday,9,20,19,42.1,132.6,75.2,High,Clear,0,20,Completed,3
F1824,2025-05-25,Rural Market Yard,Lakshmi Nagar,Krishna,Paddy,BPT-5204,11.36,23,Tractor,2,3,4,09:00-10:00,Sunday,5,38,41,23.8,151.4,61.7,High,Clear,0,20,Completed,2
F1825,2025-07-26,Mandal Procurement Centre,Lakshmi Nagar,Krishna,Paddy,Sona Masuri,20.11,41,Mini Truck,3,2,6,15:00-16:00,Saturday,7,26,27,34.6,137.1,68.9,High,Clear,0,25,Completed,3
F1826,2025-08-12,Cooperative Collection Centre,Kisanpur,Krishna,Maize,DHM-117,8.33,17,Mini Truck,3,4,8,09:00-10:00,Tuesday,8,34,34,16.3,114.4,44.9,High,Clear,0,20,Completed,2
F1827,2025-12-10,Rural Market Yard,Rythu Colony,Krishna,Paddy,Sona Masuri,9.91,20,Tractor,2,2,11,10:00-11:00,Wednesday,12,51,58,20.3,149.2,57.6,High,Clear,0,25,Completed,2
F1828,2025-03-21,Rural Market Yard,Kisanpur,Krishna,Paddy,BPT-5204,5.21,11,Mini Truck,1,3,7,16:00-17:00,Friday,3,20,20,12.7,81.3,33.0,Medium,Cloudy,0,20,Completed,0
F1829,2025-07-17,Mandal Procurement Centre,Rythu Colony,Krishna,Paddy,Sona Masuri,10.61,22,Mini Truck,2,5,10,09:00-10:00,Thursday,7,28,30,19.3,94.2,42.9,High,Rainy,0,20,Completed,1
F1830,2024-10-01,Cooperative Collection Centre,Rythu Colony,Krishna,Cotton,Bt Cotton,4.87,10,Mini Truck,3,2,5,14:00-15:00,Tuesday,10,37,38,12.6,113.7,41.0,High,Clear,0,25,Completed,2
F1831,2024-02-25,Mandal Procurement Centre,Kisanpur,Krishna,Cotton,Bt Cotton,9.97,20,Auto,1,5,10,11:00-12:00,Sunday,2,32,34,17.9,101.8,43.3,High,Cloudy,0,25,Cancelled,2
F1832,2024-07-10,Mandal Procurement Centre,Kisanpur,Krishna,Maize,Pioneer-3396,7.1,15,Mini Truck,1,2,11,15:00-16:00,Wednesday,7,22,25,15.1,71.6,33.0,Medium,Clear,0,25,Completed,0
F1833,2024-11-07,Rural Market Yard,Greenfield,Krishna,Paddy,Sona Masuri,11.27,23,Tractor,3,2,5,08:00-09:00,Thursday,11,55,54,19.7,178.6,64.3,High,Clear,1,20,Completed,2
F1834,2024-10-29,Mandal Procurement Centre,Greenfield,Krishna,Cotton,NCS-145,15.2,31,Tractor,1,2,6,15:00-16:00,Tuesday,10,35,35,29.7,131.5,62.6,High,Clear,0,25,Completed,3
F1835,2024-03-17,Mandal Procurement Centre,Lakshmi Nagar,Krishna,Maize,Pioneer-3396,18.12,37,Tractor,2,4,4,15:00-16:00,Sunday,3,20,15,26.7,93.7,50.1,High,Rainy,0,25,Completed,1
F1836,2024-06-11,Cooperative Collection Centre,Kisanpur,Krishna,Cotton,NCS-145,6.76,14,Tractor,3,5,5,08:00-09:00,Tuesday,6,30,31,17.3,104.9,43.5,High,Cloudy,0,20,Completed,2
F1837,2024-02-20,Mandal Procurement Centre,Kisanpur,Krishna,Maize,DHM-117,15.31,31,Mini Truck,3,3,9,09:00-10:00,Tuesday,2,31,31,22.0,117.0,51.2,High,Clear,0,20,Cancelled,1
F1838,2024-01-07,Rural Market Yard,Lakshmi Nagar,Krishna,Cotton,Bt Cotton,28.11,57,Mini Truck,2,2,11,10:00-11:00,Sunday,1,57,55,41.2,193.3,89.5,High,Clear,0,25,Completed,3
F1839,2025-08-20,Mandal Procurement Centre,Kisanpur,Krishna,Paddy,Sona Masuri,13.02,27,Auto,3,3,8,16:00-17:00,Wednesday,8,13,13,23.6,99.5,48.5,High,Rainy,0,20,Completed,1
F1840,2024-09-18,Cooperative Collection Centre,Greenfield,Krishna,Maize,DHM-117,10.42,21,Tractor,1,4,4,09:00-10:00,Wednesday,9,42,42,18.9,112.3,47.0,High,Rainy,0,20,Completed,2
F1841,2024-03-16,Cooperative Collection Centre,Lakshmi Nagar,Krishna,Maize,DHM-117,7.43,15,Mini Truck,3,5,10,10:00-11:00,Saturday,3,53,62,18.3,138.9,53.0,High,Clear,0,25,Completed,2
F1842,2025-09-15,Mandal Procurement Centre,Greenfield,Krishna,Paddy,BPT-5204,9.8,20,Mini Truck,3,5,11,09:00-10:00,Monday,9,20,21,16.9,90.3,39.5,High,Rainy,0,20,Completed,0
F1843,2025-11-03,Cooperative Collection Centre,Kisanpur,Krishna,Paddy,BPT-5204,9.6,20,Auto,3,2,5,09:00-10:00,Monday,11,50,55,20.6,180.9,65.8,High,Clear,1,20,Completed,2
F1844,2025-01-18,Mandal Procurement Centre,Rythu Colony,Krishna,Cotton,Bt Cotton,13.73,28,Mini Truck,1,4,10,12:00-13:00,Saturday,1,42,39,24.5,122.7,55.2,High,Cloudy,0,20,Completed,3
F1845,2024-03-15,Cooperative Collection Centre,Lakshmi Nagar,Krishna,Maize,DHM-117,5.29,11,Auto,3,2,6,11:00-12:00,Friday,3,22,20,14.3,82.6,35.0,Medium,Clear,0,25,Completed,0
F1846,2024-04-11,Rural Market Yard,Kisanpur,Krishna,Paddy,Sona Masuri,3.69,8,Mini Truck,3,4,5,10:00-11:00,Thursday,4,30,30,12.2,87.7,34.1,Medium,Clear,0,25,Completed,0
F1847,2024-11-20,Cooperative Collection Centre,Rythu Colony,Krishna,Maize,Pioneer-3396,4.56,10,Auto,3,2,8,16:00-17:00,Wednesday,11,21,21,13.4,79.0,33.1,Medium,Rainy,0,20,Cancelled,0
F1848,2024-04-03,Rural Market Yard,Kisanpur,Krishna,Maize,Pioneer-3396,17.11,35,Tractor,2,3,6,15:00-16:00,Wednesday,4,29,33,28.1,135.1,61.9,High,Cloudy,0,25,Completed,3
F1849,2025-05-29,Rural Market Yard,Lakshmi Nagar,Krishna,Paddy,BPT-5204,11.12,23,Tractor,1,2,9,09:00-10:00,Thursday,5,35,36,20.8,126.2,52.4,High,Clear,0,20,Completed,2
F1850,2024-11-22,Rural Market Yard,Lakshmi Nagar,Krishna,Maize,Pioneer-3396,3.55,8,Tractor,3,2,5,10:00-11:00,Friday,11,40,38,13.7,96.5,37.8,High,Clear,0,25,Cancelled,2
F1851,2025-04-18,Mandal Procurement Centre,Rythu Colony,Krishna,Cotton,NCS-145,16.22,33,Tractor,3,3,12,11:00-12:00,Friday,4,25,20,26.1,81.7,46.5,Medium,Cloudy,0,25,Completed,1
F1852,2024-03-18,Cooperative Collection Centre,Kisanpur,Krishna,Cotton,Bt Cotton,6.61,14,Tractor,1,4,10,10:00-11:00,Monday,3,35,35,18.5,82.3,39.1,High,Cloudy,0,25,Completed,0
F1853,2025-02-07,Cooperative Collection Centre,Kisanpur,Krishna,Paddy,BPT-5204,9.13,19,Mini Truck,3,5,12,09:00-10:00,Friday,2,35,38,19.9,113.9,48.4,High,Clear,0,20,Completed,2
F1854,2025-07-24,Rural Market Yard,Kisanpur,Krishna,Cotton,NCS-145,11.91,24,Auto,2,3,8,12:00-13:00,Thursday,7,15,10,22.7,82.9,43.4,Medium,Clear,0,20,Cancelled,1
F1855,2024-01-29,Mandal Procurement Centre,Rythu Colony,Krishna,Cotton,Bt Cotton,8.81,18,Mini Truck,1,5,10,15:00-16:00,Monday,1,28,29,21.3,80.1,41.3,Medium,Clear,0,25,Completed,1
F1856,2024-06-16,Mandal Procurement Centre,Lakshmi Nagar,Krishna,Cotton,Bt Cotton,5.94,12,Tractor,2,5,6,09:00-10:00,Sunday,6,41,49,16.7,130.4,49.3,High,Clear,0,20,Cancelled,2
F1857,2025-08-13,Cooperative Collection Centre,Kisanpur,Krishna,Paddy,Sona Masuri,13.17,27,Tractor,1,5,10,11:00-12:00,Wednesday,8,26,19,25.3,64.4,41.4,Medium,Cloudy,0,25,Completed,1
F1858,2024-02-13,Cooperative Collection Centre,Lakshmi Nagar,Krishna,Paddy,BPT-5204,12.51,26,Mini Truck,3,5,4,14:00-15:00,Tuesday,2,16,14,22.6,80.9,42.8,Medium,Cloudy,0,25,Completed,1
F1859,2024-06-10,Mandal Procurement Centre,Rythu Colony,Krishna,Maize,DHM-117,12.36,25,Mini Truck,2,3,6,11:00-12:00,Monday,6,14,10,21.4,77.0,40.6,Medium,Clear,0,25,Completed,1
F1860,2024-02-09,Mandal Procurement Centre,Kisanpur,Krishna,Paddy,Sona Masuri,8.63,18,Tractor,2,4,8,10:00-11:00,Friday,2,28,31,18.1,91.1,40.9,High,Rainy,0,25,Completed,0
F1861,2025-08-15,Rural Market Yard,Rythu Colony,Krishna,Maize,DHM-117,4.7,10,Auto,1,2,7,08:00-09:00,Friday,8,42,40,13.3,121.3,43.6,High,Clear,0,20,Completed,2
F1862,2025-03-11,Rural Market Yard,Greenfield,Krishna,Cotton,Bt Cotton,11.03,23,Tractor,1,5,10,14:00-15:00,Tuesday,3,26,24,22.2,67.1,39.0,Medium,Clear,0,25,Completed,1
F1863,2025-01-31,Cooperative Collection Centre,Greenfield,Krishna,Cotton,Bt Cotton,15.18,31,Auto,3,4,4,15:00-16:00,Friday,1,23,27,25.9,125.2,57.2,High,Rainy,0,25,Completed,1
F1864,2024-01-29,Mandal Procurement Centre,Rythu Colony,Krishna,Cotton,NCS-145,10.66,22,Mini Truck,1,2,8,12:00-13:00,Monday,1,26,26,18.1,103.8,44.0,High,Clear,0,20,Completed,1
F1865,2025-02-07,Rural Market Yard,Rythu Colony,Krishna,Cotton,Bt Cotton,7.95,16,Tractor,2,5,6,08:00-09:00,Friday,2,33,33,15.9,87.8,37.9,High,Clear,0,20,Completed,0
F1866,2025-11-19,Cooperative Collection Centre,Kisanpur,Krishna,Paddy,Sona Masuri,13.18,27,Tractor,3,5,8,10:00-11:00,Wednesday,11,48,49,22.5,139.4,57.4,High,Clear,0,25,Completed,2
F1867,2025-03-30,Cooperative Collection Centre,Lakshmi Nagar,Krishna,Maize,DHM-117,16.19,33,Tractor,3,4,5,15:00-16:00,Sunday,3,15,11,26.0,81.3,46.3,Medium,Rainy,0,25,Completed,1
F1868,2025-05-24,Cooperative Collection Centre,Greenfield,Krishna,Maize,DHM-117,5.84,12,Tractor,1,3,6,12:00-13:00,Saturday,5,26,24,14.1,84.2,35.1,Medium,Clear,0,20,Completed,0
F1869,2025-03-25,Rural Market Yard,Rythu Colony,Krishna,Maize,DHM-117,8.6,18,Mini Truck,2,5,11,10:00-11:00,Tuesday,3,29,26,15.8,73.3,34.1,Medium,Rainy,0,25,Cancelled,0
F1870,2025-09-03,Mandal Procurement Centre,Rythu Colony,Krishna,Cotton,NCS-145,5.17,11,Tractor,1,2,4,09:00-10:00,Wednesday,9,34,34,16.3,114.4,44.9,High,Clear,0,20,Cancelled,2
F1871,2025-07-28,Rural Market Yard,Rythu Colony,Krishna,Maize,DHM-117,8.94,18,Auto,2,3,8,14:00-15:00,Monday,7,18,22,19.0,79.9,39.0,Medium,Clear,1,25,Completed,0
F1872,2025-11-11,Mandal Procurement Centre,Rythu Colony,Krishna,Maize,Pioneer-3396,4.27,9,Tractor,1,5,8,09:00-10:00,Tuesday,11,55,57,12.4,132.3,45.5,High,Cloudy,0,20,Completed,2
F1873,2025-11-09,Cooperative Collection Centre,Greenfield,Krishna,Paddy,BPT-5204,6.94,14,Tractor,1,3,12,08:00-09:00,Sunday,11,50,48,16.1,139.1,50.9,High,Clear,0,20,Cancelled,2
F1874,2025-03-18,Mandal Procurement Centre,Greenfield,Krishna,Paddy,Sona Masuri,21.85,44,Mini Truck,1,2,8,11:00-12:00,Tuesday,3,26,24,33.4,121.7,63.8,High,Clear,1,25,Completed,3
F1875,2024-10-25,Rural Market Yard,Greenfield,Krishna,Maize,DHM-117,5.44,11,Mini Truck,2,4,11,11:00-12:00,Friday,10,37,38,12.3,92.7,35.5,High,Clear,0,25,Completed,2
F1876,2025-04-18,Rural Market Yard,Greenfield,Krishna,Maize,DHM-117,10.28,21,Auto,2,3,10,11:00-12:00,Friday,4,21,24,20.9,83.9,41.9,Medium,Cloudy,0,25,Completed,1
F1877,2025-12-19,Cooperative Collection Centre,Greenfield,Krishna,Paddy,Sona Masuri,9.99,20,Tractor,3,3,4,09:00-10:00,Friday,12,40,36,21.9,130.2,54.4,High,Clear,0,20,Completed,2
F1878,2025-05-26,Cooperative Collection Centre,Greenfield,Krishna,Paddy,BPT-5204,10.13,21,Auto,1,2,6,12:00-13:00,Monday,5,17,5,21.3,49.8,33.8,Medium,Rainy,0,20,Completed,0
F1879,2024-10-26,Cooperative Collection Centre,Greenfield,Krishna,Maize,DHM-117,8.94,18,Tractor,1,4,10,16:00-17:00,Saturday,10,40,31,19.5,88.2,41.5,High,Clear,0,20,Completed,0
F1880,2025-10-22,Mandal Procurement Centre,Kisanpur,Krishna,Cotton,Bt Cotton,8.3,17,Mini Truck,3,4,8,10:00-11:00,Wednesday,10,53,53,17.4,136.0,51.4,High,Clear,0,25,Completed,2
F1881,2025-02-07,Cooperative Collection Centre,Greenfield,Krishna,Maize,Pioneer-3396,10.84,22,Tractor,1,2,8,11:00-12:00,Friday,2,26,30,21.2,97.3,45.5,High,Clear,0,25,Cancelled,1
F1882,2025-04-04,Rural Market Yard,Kisanpur,Krishna,Cotton,Bt Cotton,13.7,28,Auto,2,3,10,10:00-11:00,Friday,4,35,34,26.1,120.1,56.1,High,Clear,0,25,Cancelled,1
F1883,2024-06-01,Rural Market Yard,Rythu Colony,Krishna,Paddy,BPT-5204,14.69,30,Tractor,3,4,8,09:00-10:00,Saturday,6,36,37,26.8,142.2,62.3,High,Clear,0,20,Cancelled,3
F1884,2025-01-15,Cooperative Collection Centre,Rythu Colony,Krishna,Maize,DHM-117,17.28,35,Tractor,2,4,10,11:00-12:00,Wednesday,1,32,38,28.0,120.1,58.0,High,Clear,0,25,Completed,3
F1885,2025-07-31,Cooperative Collection Centre,Rythu Colony,Krishna,Maize,Pioneer-3396,5.74,12,Tractor,2,5,4,12:00-13:00,Thursday,7,26,21,14.7,82.8,35.4,Medium,Cloudy,1,20,Completed,0
F1886,2024-01-21,Mandal Procurement Centre,Rythu Colony,Krishna,Paddy,BPT-5204,21.86,44,Auto,1,4,6,10:00-11:00,Sunday,1,57,50,33.1,155.9,72.1,High,Clear,0,25,Completed,3
F1887,2024-07-14,Mandal Procurement Centre,Kisanpur,Krishna,Maize,Pioneer-3396,18.57,38,Tractor,3,3,10,08:00-09:00,Sunday,7,48,41,31.1,166.8,72.8,High,Cloudy,0,20,Completed,3
F1888,2025-09-13,Cooperative Collection Centre,Rythu Colony,Krishna,Cotton,NCS-145,8.09,17,Auto,3,2,7,15:00-16:00,Saturday,9,20,25,14.6,93.8,38.0,High,Rainy,0,25,Completed,0
F1889,2024-12-24,Cooperative Collection Centre,Kisanpur,Krishna,Maize,Pioneer-3396,11.03,23,Tractor,3,4,11,10:00-11:00,Tuesday,12,44,44,25.4,130.3,58.0,High,Clear,0,25,Completed,2
F1890,2024-05-23,Cooperative Collection Centre,Greenfield,Krishna,Paddy,Sona Masuri,5.94,12,Tractor,2,5,5,11:00-12:00,Thursday,5,24,17,15.9,31.4,23.8,Low,Clear,0,25,Cancelled,0
F1891,2024-07-21,Mandal Procurement Centre,Kisanpur,Krishna,Maize,DHM-117,23.3,47,Tractor,2,5,7,11:00-12:00,Sunday,7,29,24,38.1,120.2,68.2,High,Cloudy,0,25,Cancelled,3
F1892,2025-10-20,Rural Market Yard,Lakshmi Nagar,Krishna,Paddy,BPT-5204,13.93,28,Mini Truck,1,3,10,10:00-11:00,Monday,10,52,52,25.7,145.8,62.2,High,Cloudy,0,25,Completed,3
F1893,2024-06-05,Cooperative Collection Centre,Rythu Colony,Krishna,Cotton,NCS-145,8.01,17,Mini Truck,1,5,6,15:00-16:00,Wednesday,6,24,18,16.4,52.9,29.6,Medium,Cloudy,0,25,Completed,0
F1894,2025-08-05,Cooperative Collection Centre,Lakshmi Nagar,Krishna,Paddy,Sona Masuri,14.36,29,Auto,2,5,5,11:00-12:00,Tuesday,8,25,19,25.8,98.7,50.5,High,Clear,0,25,Completed,1
F1895,2024-09-16,Rural Market Yard,Kisanpur,Krishna,Cotton,Bt Cotton,11.71,24,Tractor,3,2,6,14:00-15:00,Monday,9,16,13,21.8,93.6,45.2,High,Cloudy,0,25,Completed,1
F1896,2025-05-25,Cooperative Collection Centre,Kisanpur,Krishna,Paddy,Sona Masuri,10.78,22,Tractor,3,5,11,10:00-11:00,Sunday,5,26,24,23.5,82.7,44.2,Medium,Clear,0,25,Completed,1
F1897,2025-08-17,Cooperative Collection Centre,Greenfield,Krishna,Paddy,BPT-5204,11.02,23,Tractor,1,5,11,11:00-12:00,Sunday,8,21,18,19.3,49.2,31.6,Medium,Cloudy,0,25,Completed,0
F1898,2024-06-24,Rural Market Yard,Kisanpur,Krishna,Maize,DHM-117,18.9,38,Tractor,1,5,7,15:00-16:00,Monday,6,5,9,31.9,86.1,53.4,Medium,Rainy,0,25,Completed,1
F1899,2024-11-26,Rural Market Yard,Rythu Colony,Krishna,Paddy,Sona Masuri,11.51,24,Tractor,2,4,9,14:00-15:00,Tuesday,11,27,23,21.9,84.5,43.0,Medium,Clear,0,25,Completed,1
F1000,2024-02-19,Mandal Procurement Centre,Kisanpur,Krishna,Paddy,Sona Masuri,10.79,22,Mini Truck,2,4,5,10:00-11:00,Monday,2,34,35,20.2,113.5,48.6,High,Clear,0,25,Completed,2
F1001,2025-08-03,Mandal Procurement Centre,Greenfield,Krishna,Maize,Pioneer-3396,6.12,13,Mini Truck,1,2,12,14:00-15:00,Sunday,8,22,19,15.6,70.7,33.3,Medium,Cloudy,0,25,Completed,0
F1002,2024-08-04,Rural Market Yard,Kisanpur,Krishna,Maize,DHM-117,16.69,34,Tractor,3,2,11,15:00-16:00,Sunday,8,16,13,28.7,90.3,51.3,High,Clear,0,25,Cancelled,1
F1003,2024-09-17,Cooperative Collection Centre,Kisanpur,Krishna,Maize,Pioneer-3396,10.18,21,Mini Truck,1,4,6,11:00-12:00,Tuesday,9,10,12,18.1,54.2,31.7,Medium,Rainy,0,25,Completed,0
F1004,2025-02-10,Cooperative Collection Centre,Lakshmi Nagar,Krishna,Paddy,BPT-5204,5.26,11,Mini Truck,2,5,8,15:00-16:00,Monday,2,25,29,15.2,81.9,35.7,Medium,Clear,0,25,Completed,0
F1005,2025-11-05,Cooperative Collection Centre,Kisanpur,Krishna,Maize,Pioneer-3396,7.02,15,Tractor,3,3,4,09:00-10:00,Wednesday,11,46,46,19.5,133.7,52.9,High,Clear,0,20,Cancelled,2
F1006,2024-09-30,Rural Market Yard,Greenfield,Krishna,Maize,Pioneer-3396,19.28,39,Mini Truck,3,3,8,14:00-15:00,Monday,9,23,16,31.5,108.8,58.7,High,Clear,0,25,Cancelled,1
F1007,2025-06-29,Mandal Procurement Centre,Lakshmi Nagar,Krishna,Maize,DHM-117,14.5,29,Auto,1,5,9,12:00-13:00,Sunday,6,27,31,23.2,109.1,50.5,High,Clear,0,20,Completed,1
F1008,2024-12-18,Cooperative Collection Centre,Lakshmi Nagar,Krishna,Maize,Pioneer-3396,3.93,8,Auto,1,5,7,16:00-17:00,Wednesday,12,33,26,14.4,80.7,34.6,Medium,Clear,0,20,Completed,0
F1009,2025-08-09,Mandal Procurement Centre,Greenfield,Krishna,Maize,DHM-117,6.75,14,Auto,3,2,6,10:00-11:00,Saturday,8,32,28,16.5,99.1,41.3,High,Cloudy,0,25,Cancelled,0
F1010,2024-02-10,Mandal Procurement Centre,Greenfield,Krishna,Paddy,BPT-5204,12.43,25,Mini Truck,1,4,11,11:00-12:00,Saturday,2,22,29,25.5,95.0,49.2,High,Cloudy,0,25,Completed,1
F1011,2025-07-02,Rural Market Yard,Greenfield,Krishna,Maize,Pioneer-3396,9.62,20,Tractor,1,5,11,11:00-12:00,Wednesday,7,21,18,19.8,50.6,32.5,Medium,Clear,0,25,Cancelled,0
F1012,2025-09-06,Rural Market Yard,Kisanpur,Krishna,Paddy,Sona Masuri,9.63,20,Tractor,3,2,11,11:00-12:00,Saturday,9,28,36,19.7,124.2,50.8,High,Clear,1,25,Cancelled,2
F1013,2025-03-14,Mandal Procurement Centre,Kisanpur,Krishna,Paddy,BPT-5204,20.56,42,Mini Truck,1,2,11,11:00-12:00,Friday,3,21,11,31.9,109.4,59.2,High,Clear,0,25,Completed,1
F1014,2024-08-24,Rural Market Yard,Rythu Colony,Krishna,Cotton,Bt Cotton,8.58,18,Tractor,1,5,10,10:00-11:00,Saturday,8,36,38,18.6,87.9,40.6,High,Cloudy,1,25,Completed,2
F1015,2025-04-24,Mandal Procurement Centre,Rythu Colony,Krishna,Maize,DHM-117,13.2,27,Tractor,1,3,7,09:00-10:00,Thursday,4,28,26,21.0,101.2,46.3,High,Rainy,0,20,Completed,1
F1016,2024-11-23,Mandal Procurement Centre,Kisanpur,Krishna,Paddy,Sona Masuri,6.15,13,Tractor,3,5,12,15:00-16:00,Saturday,11,40,44,17.8,115.5,46.7,High,Cloudy,0,25,Completed,2
F1017,2024-11-18,Rural Market Yard,Lakshmi Nagar,Krishna,Cotton,Bt Cotton,7.47,15,Mini Truck,1,5,6,08:00-09:00,Monday,11,19,12,18.2,68.8,35.4,Medium,Rainy,0,20,Completed,0
F1018,2025-12-16,Mandal Procurement Centre,Greenfield,Krishna,Maize,DHM-117,7.37,15,Tractor,3,4,5,08:00-09:00,Tuesday,12,45,38,20.8,126.0,52.3,High,Cloudy,0,20,Completed,2
F1019,2024-03-18,Rural Market Yard,Kisanpur,Krishna,Maize,Pioneer-3396,10.45,21,Mini Truck,1,2,10,11:00-12:00,Monday,3,20,15,18.2,60.7,33.4,Medium,Clear,1,25,Completed,0
F1020,2024-07-02,Mandal Procurement Centre,Lakshmi Nagar,Krishna,Maize,Pioneer-3396,7.55,16,Mini Truck,1,5,12,10:00-11:00,Tuesday,7,25,20,19.1,56.6,33.2,Medium,Clear,0,25,Cancelled,0
F1021,2025-03-06,Mandal Procurement Centre,Kisanpur,Krishna,Maize,DHM-117,10.51,22,Tractor,3,5,12,09:00-10:00,Thursday,3,41,41,24.0,110.6,51.6,High,Cloudy,0,20,Completed,2
F1022,2024-06-01,Mandal Procurement Centre,Lakshmi Nagar,Krishna,Maize,DHM-117,12.11,25,Mini Truck,2,4,9,15:00-16:00,Saturday,6,27,31,20.1,102.2,45.7,High,Cloudy,0,25,Completed,1
F1023,2024-06-11,Cooperative Collection Centre,Kisanpur,Krishna,Cotton,Bt Cotton,6.28,13,Mini Truck,1,3,11,10:00-11:00,Tuesday,6,25,25,15.3,62.8,31.0,Medium,Rainy,0,25,Completed,0
F1024,2024-12-16,Mandal Procurement Centre,Kisanpur,Krishna,Paddy,BPT-5204,6.48,13,Tractor,1,4,7,10:00-11:00,Monday,12,42,44,15.9,91.9,38.9,High,Rainy,0,25,Completed,2
F1025,2025-08-25,Mandal Procurement Centre,Lakshmi Nagar,Krishna,Maize,Pioneer-3396,11.17,23,Mini Truck,3,2,7,15:00-16:00,Monday,8,23,27,20.8,91.0,43.5,High,Clear,0,25,Completed,1
F1026,2024-10-21,Mandal Procurement Centre,Lakshmi Nagar,Krishna,Cotton,NCS-145,4.14,9,Mini Truck,2,5,5,12:00-13:00,Monday,10,30,22,13.4,70.2,31.0,Medium,Rainy,0,20,Completed,0
F1027,2025-11-08,Mandal Procurement Centre,Greenfield,Krishna,Paddy,BPT-5204,9.18,19,Tractor,3,2,5,10:00-11:00,Saturday,11,54,60,19.5,161.7,59.9,High,Rainy,0,25,Completed,2
F1028,2025-09-04,Cooperative Collection Centre,Kisanpur,Krishna,Paddy,Sona Masuri,12.86,26,Mini Truck,3,4,9,16:00-17:00,Thursday,9,14,10,23.3,70.5,40.9,Medium,Clear,0,20,Completed,1
F1029,2024-12-26,Mandal Procurement Centre,Kisanpur,Krishna,Paddy,Sona Masuri,11.33,23,Tractor,3,2,4,10:00-11:00,Thursday,12,44,48,22.5,162.1,63.0,High,Cloudy,0,25,Completed,2
F1030,2024-04-02,Rural Market Yard,Rythu Colony,Krishna,Maize,DHM-117,3.74,8,Mini Truck,3,4,12,11:00-12:00,Tuesday,4,18,24,10.4,57.7,24.8,Medium,Cloudy,0,25,Completed,0
F1031,2025-09-02,Rural Market Yard,Kisanpur,Krishna,Cotton,NCS-145,9.41,19,Tractor,2,3,7,10:00-11:00,Tuesday,9,33,34,18.8,115.1,47.6,High,Clear,0,25,Completed,2
F1032,2025-11-03,Cooperative Collection Centre,Lakshmi Nagar,Krishna,Maize,Pioneer-3396,5.68,12,Tractor,2,3,10,14:00-15:00,Monday,11,43,43,12.4,102.0,37.9,High,Cloudy,0,25,Completed,2
F1033,2024-04-23,Rural Market Yard,Kisanpur,Krishna,Cotton,Bt Cotton,10.49,21,Mini Truck,2,4,9,10:00-11:00,Tuesday,4,42,36,19.9,110.8,47.6,High,Cloudy,0,25,Cancelled,2
F1034,2024-12-13,Cooperative Collection Centre,Kisanpur,Krishna,Cotton,NCS-145,6.83,14,Auto,1,4,7,10:00-11:00,Friday,12,49,44,16.6,105.0,42.9,High,Clear,0,25,Cancelled,2
F1035,2024-01-06,Rural Market Yard,Kisanpur,Krishna,Paddy,Sona Masuri,13.52,28,Tractor,2,2,12,09:00-10:00,Saturday,1,47,45,28.9,148.4,66.0,High,Rainy,0,20,Cancelled,3
F1036,2024-11-27,Mandal Procurement Centre,Greenfield,Krishna,Cotton,Bt Cotton,4.75,10,Mini Truck,3,4,5,09:00-10:00,Wednesday,11,51,49,13.1,140.8,48.3,High,Clear,0,20,Completed,2
F1037,2025-11-22,Cooperative Collection Centre,Greenfield,Krishna,Paddy,Sona Masuri,12.36,25,Mini Truck,3,5,10,14:00-15:00,Saturday,11,35,32,21.7,94.6,45.3,High,Cloudy,0,25,Completed,1
F1038,2024-11-11,Mandal Procurement Centre,Greenfield,Krishna,Paddy,BPT-5204,2.0,4,Tractor,1,5,10,14:00-15:00,Monday,11,36,36,13.4,63.2,29.2,High,Cloudy,0,25,Completed,0
F1039,2025-03-16,Cooperative Collection Centre,Greenfield,Krishna,Maize,DHM-117,2.85,6,Auto,1,5,7,16:00-17:00,Sunday,3,31,32,15.7,76.6,34.8,High,Clear,0,20,Completed,0
F1040,2025-01-21,Cooperative Collection Centre,Lakshmi Nagar,Krishna,Paddy,BPT-5204,16.67,34,Tractor,2,4,12,12:00-13:00,Tuesday,1,33,32,29.1,125.9,60.6,High,Clear,0,20,Completed,3
F1041,2024-07-25,Mandal Procurement Centre,Greenfield,Krishna,Cotton,Bt Cotton,6.21,13,Tractor,2,2,8,12:00-13:00,Thursday,7,21,24,16.2,85.4,37.5,Medium,Clear,0,20,Completed,0
F1042,2025-11-02,Mandal Procurement Centre,Greenfield,Krishna,Cotton,NCS-145,9.51,20,Tractor,1,4,6,15:00-16:00,Sunday,11,44,47,19.4,108.4,46.5,High,Clear,0,25,Cancelled,2
F1043,2025-07-12,Cooperative Collection Centre,Rythu Colony,Krishna,Paddy,BPT-5204,3.84,8,Tractor,3,2,8,10:00-11:00,Saturday,7,38,37,15.5,111.6,43.4,High,Rainy,0,25,Completed,2
F1044,2025-08-15,Mandal Procurement Centre,Rythu Colony,Krishna,Cotton,NCS-145,14.22,29,Mini Truck,3,3,12,10:00-11:00,Friday,8,33,30,22.2,119.7,52.1,High,Clear,0,25,Completed,1
F1045,2025-12-24,Rural Market Yard,Lakshmi Nagar,Krishna,Cotton,Bt Cotton,12.53,26,Mini Truck,1,2,8,14:00-15:00,Wednesday,12,33,36,22.3,113.2,50.6,High,Cloudy,0,25,Completed,1
F1046,2024-06-12,Cooperative Collection Centre,Rythu Colony,Krishna,Maize,DHM-117,12.57,26,Tractor,2,5,6,09:00-10:00,Wednesday,6,34,30,22.5,124.1,53.5,High,Clear,0,20,Cancelled,1
F1047,2025-02-05,Mandal Procurement Centre,Lakshmi Nagar,Krishna,Maize,Pioneer-3396,14.44,29,Mini Truck,1,3,6,09:00-10:00,Wednesday,2,32,28,25.3,114.6,54.0,High,Clear,0,20,Completed,1
F1048,2025-03-11,Rural Market Yard,Lakshmi Nagar,Krishna,Paddy,Sona Masuri,13.4,27,Tractor,2,2,9,11:00-12:00,Tuesday,3,22,15,22.7,76.5,41.8,Medium,Cloudy,1,25,Completed,1
F1049,2024-08-08,Mandal Procurement Centre,Greenfield,Krishna,Maize,Pioneer-3396,7.42,15,Auto,3,2,6,08:00-09:00,Thursday,8,30,36,13.7,125.8,45.1,High,Cloudy,0,20,Cancelled,2
F1050,2024-01-04,Cooperative Collection Centre,Lakshmi Nagar,Krishna,Cotton,Bt Cotton,5.64,12,Mini Truck,1,5,12,12:00-13:00,Thursday,1,35,37,12.3,86.7,34.0,High,Clear,0,20,Cancelled,0
F1051,2025-10-15,Mandal Procurement Centre,Lakshmi Nagar,Krishna,Cotton,NCS-145,3.32,7,Mini Truck,1,5,11,12:00-13:00,Wednesday,10,40,34,14.6,67.1,31.4,High,Clear,0,20,Completed,0
F1052,2024-09-03,Mandal Procurement Centre,Greenfield,Krishna,Paddy,BPT-5204,8.21,17,Tractor,1,3,5,14:00-15:00,Tuesday,9,21,12,16.6,64.3,32.7,Medium,Cloudy,0,25,Completed,0
F1053,2025-08-22,Mandal Procurement Centre,Lakshmi Nagar,Krishna,Maize,DHM-117,17.64,36,Mini Truck,1,3,8,10:00-11:00,Friday,8,31,30,30.3,105.2,56.6,High,Clear,0,25,Completed,3
F1054,2024-03-01,Cooperative Collection Centre,Kisanpur,Krishna,Paddy,BPT-5204,9.02,19,Tractor,3,3,7,09:00-10:00,Friday,3,41,42,17.3,155.7,56.2,High,Clear,1,20,Completed,2
F1055,2024-06-17,Rural Market Yard,Lakshmi Nagar,Krishna,Cotton,NCS-145,4.58,10,Tractor,3,5,7,16:00-17:00,Monday,6,21,17,17.2,67.2,34.0,Medium,Cloudy,0,20,Cancelled,0
F1056,2024-05-21,Rural Market Yard,Greenfield,Krishna,Maize,DHM-117,5.1,11,Auto,2,4,5,09:00-10:00,Tuesday,5,27,23,12.8,82.2,33.4,Medium,Clear,0,20,Completed,0
F1057,2024-03-03,Mandal Procurement Centre,Greenfield,Krishna,Maize,Pioneer-3396,7.27,15,Tractor,3,4,5,14:00-15:00,Sunday,3,26,30,14.0,99.1,38.8,High,Cloudy,0,25,Completed,0
F1058,2024-09-16,Rural Market Yard,Lakshmi Nagar,Krishna,Maize,DHM-117,10.27,21,Mini Truck,3,4,4,16:00-17:00,Monday,9,19,19,19.8,101.2,45.1,High,Clear,0,20,Completed,1
F1059,2025-12-13,Mandal Procurement Centre,Kisanpur,Krishna,Cotton,Bt Cotton,4.76,10,Auto,1,2,11,09:00-10:00,Saturday,12,44,45,15.7,117.2,45.0,High,Rainy,0,20,Completed,2
F1060,2024-03-19,Rural Market Yard,Lakshmi Nagar,Krishna,Cotton,NCS-145,7.87,16,Tractor,3,2,10,15:00-16:00,Tuesday,3,22,21,20.3,76.4,39.4,Medium,Clear,0,25,Completed,0
F1061,2025-04-14,Cooperative Collection Centre,Greenfield,Krishna,Paddy,Sona Masuri,6.88,14,Auto,3,4,7,15:00-16:00,Monday,4,9,7,18.6,40.2,28.7,Low,Rainy,0,25,Completed,0
F1062,2025-03-01,Cooperative Collection Centre,Rythu Colony,Krishna,Maize,DHM-117,4.29,9,Auto,2,5,4,11:00-12:00,Saturday,3,37,41,14.5,100.5,39.6,High,Clear,0,25,Cancelled,2
F1063,2025-11-15,Cooperative Collection Centre,Lakshmi Nagar,Krishna,Cotton,Bt Cotton,10.82,22,Tractor,1,5,9,15:00-16:00,Saturday,11,38,38,19.3,108.0,46.3,High,Clear,0,25,Completed,2
F1064,2025-06-01,Rural Market Yard,Kisanpur,Krishna,Paddy,Sona Masuri,8.03,17,Mini Truck,2,2,12,09:00-10:00,Sunday,6,32,36,19.9,115.1,48.7,High,Cloudy,0,20,Completed,2
F1065,2025-06-26,Cooperative Collection Centre,Lakshmi Nagar,Krishna,Maize,DHM-117,11.48,23,Auto,3,4,9,09:00-10:00,Thursday,6,42,42,22.9,137.9,57.4,High,Cloudy,0,20,Completed,2
F1066,2025-10-27,Mandal Procurement Centre,Rythu Colony,Krishna,Maize,Pioneer-3396,11.16,23,Auto,2,4,8,10:00-11:00,Monday,10,44,41,21.3,126.4,52.9,High,Rainy,0,25,Completed,2
F1067,2025-02-15,Rural Market Yard,Lakshmi Nagar,Krishna,Maize,DHM-117,12.51,26,Mini Truck,2,2,6,15:00-16:00,Saturday,2,15,12,21.7,82.3,42.3,Medium,Rainy,0,25,Completed,1
F1068,2024-07-10,Cooperative Collection Centre,Lakshmi Nagar,Krishna,Maize,Pioneer-3396,9.36,19,Mini Truck,1,3,6,11:00-12:00,Wednesday,7,22,20,17.3,81.9,37.8,Medium,Clear,0,25,Cancelled,0
F1069,2024-11-05,Rural Market Yard,Kisanpur,Krishna,Paddy,BPT-5204,3.8,8,Tractor,3,2,4,10:00-11:00,Tuesday,11,47,48,13.1,124.0,44.1,High,Clear,0,25,Completed,2
F1070,2025-04-02,Rural Market Yard,Greenfield,Krishna,Paddy,BPT-5204,25.2,51,Mini Truck,3,2,5,09:00-10:00,Wednesday,4,25,21,39.0,160.6,79.2,High,Rainy,0,20,Completed,3
F1071,2024-05-23,Cooperative Collection Centre,Rythu Colony,Krishna,Maize,Pioneer-3396,13.27,27,Auto,2,2,4,09:00-10:00,Thursday,5,39,41,22.6,151.4,60.5,High,Cloudy,0,20,Completed,3
F1072,2025-10-24,Cooperative Collection Centre,Kisanpur,Krishna,Cotton,Bt Cotton,3.02,7,Mini Truck,1,3,4,10:00-11:00,Friday,10,56,59,10.5,111.9,38.5,High,Cloudy,0,25,Cancelled,2
F1073,2024-08-09,Rural Market Yard,Rythu Colony,Krishna,Maize,Pioneer-3396,8.96,18,Mini Truck,3,4,9,15:00-16:00,Friday,8,24,23,16.5,90.4,39.1,High,Cloudy,0,25,Cancelled,0
F1074,2025-03-15,Rural Market Yard,Kisanpur,Krishna,Paddy,BPT-5204,12.33,25,Tractor,2,2,11,09:00-10:00,Saturday,3,42,48,23.7,163.3,64.5,High,Cloudy,1,20,Completed,3
F1075,2024-11-18,Mandal Procurement Centre,Greenfield,Krishna,Maize,Pioneer-3396,9.06,19,Tractor,1,5,12,09:00-10:00,Monday,11,47,55,19.8,139.9,54.8,High,Clear,0,20,Completed,2
F1076,2025-09-03,Cooperative Collection Centre,Rythu Colony,Krishna,Paddy,BPT-5204,11.25,23,Tractor,2,3,10,08:00-09:00,Wednesday,9,35,44,18.3,145.2,54.6,High,Clear,0,20,Completed,2
F1077,2025-02-14,Cooperative Collection Centre,Lakshmi Nagar,Krishna,Maize,DHM-117,4.9,10,Tractor,3,2,11,08:00-09:00,Friday,2,20,28,14.7,103.0,40.5,High,Rainy,0,20,Cancelled,0
F1078,2025-12-29,Cooperative Collection Centre,Lakshmi Nagar,Krishna,Maize,Pioneer-3396,4.23,9,Auto,1,2,5,16:00-17:00,Monday,12,39,35,9.4,111.8,37.4,High,Cloudy,0,20,Completed,2
F1079,2024-01-23,Mandal Procurement Centre,Kisanpur,Krishna,Maize,Pioneer-3396,8.98,18,Tractor,1,5,11,15:00-16:00,Tuesday,1,26,34,20.9,84.2,42.0,High,Clear,0,25,Completed,1
F1080,2024-03-04,Cooperative Collection Centre,Rythu Colony,Krishna,Paddy,Sona Masuri,9.09,19,Tractor,1,3,12,16:00-17:00,Monday,3,20,16,17.3,66.6,34.0,Medium,Cloudy,1,20,Cancelled,0
F1081,2025-04-29,Mandal Procurement Centre,Rythu Colony,Krishna,Paddy,BPT-5204,14.68,30,Tractor,3,2,9,14:00-15:00,Tuesday,4,19,23,25.2,100.8,50.4,High,Clear,0,25,Completed,1
F1082,2024-04-05,Mandal Procurement Centre,Rythu Colony,Krishna,Cotton,Bt Cotton,10.23,21,Auto,3,2,10,16:00-17:00,Friday,4,27,35,17.8,137.2,52.1,High,Clear,0,20,Completed,2
F1083,2024-02-28,Mandal Procurement Centre,Kisanpur,Krishna,Cotton,NCS-145,16.87,34,Tractor,3,5,10,16:00-17:00,Wednesday,2,24,28,27.2,122.6,57.8,High,Clear,0,20,Completed,3
F1084,2025-09-26,Mandal Procurement Centre,Lakshmi Nagar,Krishna,Maize,DHM-117,18.98,38,Auto,1,3,10,10:00-11:00,Friday,9,34,25,29.4,109.7,56.8,High,Clear,0,25,Completed,3
F1085,2024-03-06,Mandal Procurement Centre,Kisanpur,Krishna,Paddy,Sona Masuri,9.79,20,Tractor,3,3,7,11:00-12:00,Wednesday,3,17,12,21.5,76.3,40.6,Medium,Rainy,0,25,Completed,1
F1086,2024-12-10,Mandal Procurement Centre,Lakshmi Nagar,Krishna,Paddy,BPT-5204,9.19,19,Auto,3,4,10,11:00-12:00,Tuesday,12,34,34,19.2,89.5,41.6,High,Clear,0,25,Completed,2
F1087,2025-11-25,Mandal Procurement Centre,Greenfield,Krishna,Cotton,NCS-145,13.9,28,Auto,1,2,8,16:00-17:00,Tuesday,11,34,31,26.2,120.0,56.2,High,Clear,0,20,Completed,1
F1088,2024-09-17,Cooperative Collection Centre,Kisanpur,Krishna,Cotton,NCS-145,8.94,18,Mini Truck,3,4,6,10:00-11:00,Tuesday,9,24,23,18.3,73.2,36.6,Medium,Clear,0,25,Completed,0
F1089,2025-04-07,Rural Market Yard,Lakshmi Nagar,Krishna,Maize,DHM-117,6.05,13,Mini Truck,1,5,4,10:00-11:00,Monday,4,44,45,14.0,85.3,35.3,High,Cloudy,0,25,Completed,2
F1090,2025-09-08,Cooperative Collection Centre,Rythu Colony,Krishna,Paddy,Sona Masuri,12.67,26,Mini Truck,2,2,10,11:00-12:00,Monday,9,18,20,23.9,101.4,49.2,High,Clear,1,25,Completed,1
F1091,2025-10-18,Mandal Procurement Centre,Greenfield,Krishna,Cotton,NCS-145,7.75,16,Mini Truck,2,3,7,11:00-12:00,Saturday,10,32,27,18.6,81.7,39.0,Medium,Cloudy,0,25,Completed,0
F1092,2025-12-11,Cooperative Collection Centre,Kisanpur,Krishna,Paddy,BPT-5204,9.98,20,Tractor,1,5,9,10:00-11:00,Thursday,12,49,49,17.8,113.2,46.1,High,Clear,0,25,Completed,2
F1093,2025-08-28,Rural Market Yard,Lakshmi Nagar,Krishna,Cotton,Bt Cotton,17.84,36,Tractor,2,4,9,11:00-12:00,Thursday,8,8,9,28.3,70.6,46.0,Medium,Rainy,0,25,Cancelled,1
F1094,2024-06-02,Mandal Procurement Centre,Lakshmi Nagar,Krishna,Paddy,BPT-5204,13.78,28,Tractor,3,3,6,08:00-09:00,Sunday,6,34,36,23.9,128.1,55.9,High,Clear,0,20,Completed,1
F1095,2024-03-19,Mandal Procurement Centre,Greenfield,Krishna,Paddy,BPT-5204,8.54,18,Tractor,3,2,8,14:00-15:00,Tuesday,3,13,12,19.8,84.2,40.9,Medium,Cloudy,0,25,Completed,0
F1096,2024-10-17,Rural Market Yard,Greenfield,Krishna,Maize,DHM-117,11.24,23,Auto,1,2,4,14:00-15:00,Thursday,10,33,35,20.6,100.2,45.7,High,Clear,0,25,Cancelled,1
F1097,2024-05-07,Cooperative Collection Centre,Kisanpur,Krishna,Cotton,Bt Cotton,10.85,22,Mini Truck,3,5,9,11:00-12:00,Tuesday,5,28,26,21.4,83.5,42.3,Medium,Clear,0,25,Completed,1
F1098,2024-07-08,Mandal Procurement Centre,Greenfield,Krishna,Paddy,Sona Masuri,13.04,27,Mini Truck,3,4,6,14:00-15:00,Monday,7,29,28,21.9,103.1,47.7,High,Cloudy,0,25,Completed,1
F1099,2025-09-03,Cooperative Collection Centre,Greenfield,Krishna,Paddy,BPT-5204,4.05,9,Tractor,2,3,9,10:00-11:00,Wednesday,9,30,29,14.3,73.1,32.6,Medium,Clear,0,25,Cancelled,0
F1100,2025-02-08,Mandal Procurement Centre,Lakshmi Nagar,Krishna,Maize,Pioneer-3396,2.73,6,Tractor,1,2,4,16:00-17:00,Saturday,2,29,36,11.6,99.0,36.4,High,Clear,0,20,Completed,0
F1101,2025-02-22,Rural Market Yard,Greenfield,Krishna,Cotton,Bt Cotton,2.78,6,Tractor,1,5,12,14:00-15:00,Saturday,2,8,10,7.6,13.5,11.0,Low,Rainy,0,25,Completed,0
F1102,2025-12-25,Mandal Procurement Centre,Rythu Colony,Krishna,Paddy,BPT-5204,5.35,11,Tractor,1,3,9,16:00-17:00,Thursday,12,39,38,16.5,103.7,42.4,High,Clear,0,20,Completed,2
F1103,2024-06-12,Cooperative Collection Centre,Greenfield,Krishna,Paddy,BPT-5204,9.39,19,Auto,2,3,12,09:00-10:00,Wednesday,6,31,28,18.5,99.0,43.2,High,Clear,0,20,Completed,1
F1104,2025-02-15,Cooperative Collection Centre,Greenfield,Krishna,Cotton,NCS-145,5.49,11,Tractor,3,4,4,11:00-12:00,Saturday,2,23,27,12.0,73.7,30.4,Medium,Cloudy,0,25,Completed,0
F1105,2024-08-27,Rural Market Yard,Lakshmi Nagar,Krishna,Paddy,BPT-5204,10.41,21,Mini Truck,2,4,4,10:00-11:00,Tuesday,8,35,31,25.8,106.9,52.5,High,Clear,0,25,Completed,1
F1106,2024-08-30,Mandal Procurement Centre,Greenfield,Krishna,Maize,DHM-117,14.58,30,Mini Truck,1,4,6,08:00-09:00,Friday,8,35,38,26.6,135.9,60.6,High,Clear,0,20,Completed,3
F1107,2024-01-31,Mandal Procurement Centre,Rythu Colony,Krishna,Cotton,NCS-145,7.83,16,Auto,2,4,12,09:00-10:00,Wednesday,1,46,45,17.0,112.9,45.2,High,Cloudy,0,20,Completed,2
F1108,2024-03-01,Cooperative Collection Centre,Greenfield,Krishna,Paddy,Sona Masuri,10.93,22,Tractor,1,5,11,15:00-16:00,Friday,3,20,25,23.3,67.1,40.1,Medium,Clear,0,25,Completed,1
F1109,2024-04-29,Rural Market Yard,Lakshmi Nagar,Krishna,Paddy,Sona Masuri,14.36,29,Tractor,1,3,7,09:00-10:00,Monday,4,35,35,26.3,129.2,58.6,High,Clear,0,20,Completed,3
F1110,2025-07-24,Mandal Procurement Centre,Greenfield,Krishna,Maize,Pioneer-3396,16.23,33,Tractor,2,4,10,15:00-16:00,Thursday,7,13,11,26.6,90.0,49.1,Medium,Clear,1,25,Cancelled,1
F1111,2025-11-01,Mandal Procurement Centre,Rythu Colony,Krishna,Paddy,BPT-5204,13.58,28,Tractor,3,4,8,09:00-10:00,Saturday,11,52,54,24.3,159.5,64.2,High,Cloudy,1,20,Cancelled,3
F1112,2024-02-02,Cooperative Collection Centre,Kisanpur,Krishna,Paddy,BPT-5204,8.68,18,Mini Truck,3,4,5,12:00-13:00,Friday,2,15,17,21.6,85.2,42.9,Medium,Rainy,0,20,Completed,1
F1113,2025-01-29,Cooperative Collection Centre,Lakshmi Nagar,Krishna,Paddy,BPT-5204,2.71,6,Tractor,1,5,11,15:00-16:00,Wednesday,1,35,31,8.6,74.3,27.2,Medium,Clear,0,25,Cancelled,0
F1114,2025-05-02,Rural Market Yard,Kisanpur,Krishna,Paddy,Sona Masuri,6.16,13,Auto,1,4,4,10:00-11:00,Friday,5,43,42,18.5,96.2,42.5,High,Clear,0,25,Completed,2
F1115,2024-04-01,Cooperative Collection Centre,Kisanpur,Krishna,Paddy,BPT-5204,12.6,26,Tractor,1,3,6,14:00-15:00,Monday,4,9,5,22.7,60.6,37.9,Medium,Rainy,0,25,Completed,1
F1116,2025-08-24,Rural Market Yard,Kisanpur,Krishna,Paddy,Sona Masuri,16.54,34,Auto,3,3,4,09:00-10:00,Sunday,8,39,45,28.6,182.5,74.2,High,Clear,0,20,Completed,3
F1117,2024-10-04,Cooperative Collection Centre,Lakshmi Nagar,Krishna,Maize,Pioneer-3396,6.52,14,Tractor,1,3,8,10:00-11:00,Friday,10,53,55,15.9,122.8,46.6,High,Cloudy,0,25,Completed,2
F1118,2024-08-21,Cooperative Collection Centre,Lakshmi Nagar,Krishna,Paddy,Sona Masuri,24.34,49,Tractor,1,3,11,12:00-13:00,Wednesday,8,6,3,34.5,80.5,54.6,Medium,Rainy,0,20,Cancelled,1
F1119,2025-05-27,Cooperative Collection Centre,Greenfield,Krishna,Maize,DHM-117,13.51,28,Tractor,1,2,8,09:00-10:00,Tuesday,5,24,24,24.8,109.1,52.1,High,Rainy,0,20,Completed,1
F1120,2024-08-03,Rural Market Yard,Rythu Colony,Krishna,Paddy,Sona Masuri,14.3,29,Tractor,1,4,8,09:00-10:00,Saturday,8,40,39,26.3,146.6,63.0,High,Clear,0,20,Cancelled,3
F1121,2024-12-03,Rural Market Yard,Rythu Colony,Krishna,Cotton,NCS-145,8.81,18,Tractor,3,5,4,14:00-15:00,Tuesday,12,31,30,19.6,86.0,41.1,Medium,Clear,0,25,Completed,0
F1122,2024-06-27,Cooperative Collection Centre,Lakshmi Nagar,Krishna,Maize,DHM-117,18.84,38,Tractor,2,5,12,09:00-10:00,Thursday,6,35,31,30.7,131.4,63.5,High,Clear,0,20,Completed,3
F1123,2024-04-23,Mandal Procurement Centre,Kisanpur,Krishna,Cotton,Bt Cotton,14.77,30,Auto,1,5,8,15:00-16:00,Tuesday,4,23,25,25.7,95.3,49.5,High,Cloudy,0,25,Cancelled,1
F1124,2025-07-08,Rural Market Yard,Rythu Colony,Krishna,Maize,DHM-117,6.42,13,Mini Truck,3,3,8,16:00-17:00,Tuesday,7,15,19,14.3,81.0,34.5,Medium,Rainy,0,20,Cancelled,0
F1125,2024-07-31,Rural Market Yard,Greenfield,Krishna,Paddy,Sona Masuri,4.98,10,Mini Truck,3,5,9,15:00-16:00,Wednesday,7,23,25,14.4,79.9,34.4,Medium,Clear,0,25,Cancelled,0
F1126,2025-05-20,Cooperative Collection Centre,Greenfield,Krishna,Cotton,Bt Cotton,4.31,9,Mini Truck,1,3,11,08:00-09:00,Tuesday,5,25,11,13.5,47.1,25.3,Medium,Cloudy,0,20,Completed,0
F1127,2024-03-31,Cooperative Collection Centre,Lakshmi Nagar,Krishna,Cotton,NCS-145,3.17,7,Tractor,3,3,4,14:00-15:00,Sunday,3,35,37,11.8,85.7,33.2,High,Cloudy,0,25,Completed,0
F1128,2025-02-11,Mandal Procurement Centre,Kisanpur,Krishna,Paddy,Sona Masuri,4.37,9,Mini Truck,3,4,11,15:00-16:00,Tuesday,2,9,10,12.7,42.3,23.3,Low,Rainy,0,25,Completed,0
F1129,2025-04-28,Mandal Procurement Centre,Greenfield,Krishna,Cotton,NCS-145,10.19,21,Mini Truck,3,2,7,09:00-10:00,Monday,4,32,28,22.0,122.9,52.7,High,Clear,0,20,Completed,1
F1130,2025-08-02,Cooperative Collection Centre,Greenfield,Krishna,Cotton,Bt Cotton,14.9,30,Auto,2,3,11,08:00-09:00,Saturday,8,35,45,26.6,139.9,61.6,High,Clear,0,20,Completed,3
F1131,2024-07-15,Mandal Procurement Centre,Kisanpur,Krishna,Cotton,NCS-145,6.77,14,Auto,3,2,6,11:00-12:00,Monday,7,26,22,17.4,74.5,36.0,Medium,Cloudy,0,25,Cancelled,0
F1132,2025-12-07,Rural Market Yard,Lakshmi Nagar,Krishna,Maize,Pioneer-3396,6.25,13,Tractor,3,4,9,10:00-11:00,Sunday,12,44,40,15.5,103.2,41.3,High,Clear,0,25,Completed,2
F1133,2025-03-27,Rural Market Yard,Rythu Colony,Krishna,Cotton,NCS-145,6.48,13,Tractor,2,4,8,12:00-13:00,Thursday,3,22,24,15.6,86.0,37.1,Medium,Cloudy,0,20,Completed,0
F1134,2025-06-28,Rural Market Yard,Greenfield,Krishna,Maize,DHM-117,15.68,32,Auto,3,3,9,09:00-10:00,Saturday,6,32,31,24.4,131.1,57.2,High,Rainy,0,20,Completed,3
F1135,2025-05-03,Rural Market Yard,Rythu Colony,Krishna,Cotton,Bt Cotton,19.17,39,Mini Truck,1,4,9,16:00-17:00,Saturday,5,41,41,31.4,139.6,66.3,High,Clear,0,20,Completed,3
F1136,2025-05-16,Mandal Procurement Centre,Kisanpur,Krishna,Maize,Pioneer-3396,2.49,5,Auto,3,5,11,08:00-09:00,Friday,5,27,24,13.8,73.2,32.1,Medium,Cloudy,0,20,Completed,0
F1137,2024-05-08,Rural Market Yard,Lakshmi Nagar,Krishna,Paddy,BPT-5204,5.84,12,Tractor,3,3,12,16:00-17:00,Wednesday,5,28,27,13.4,92.3,36.5,High,Clear,0,20,Completed,0
F1138,2024-03-05,Mandal Procurement Centre,Greenfield,Krishna,Maize,Pioneer-3396,6.2,13,Auto,1,3,6,15:00-16:00,Tuesday,3,7,5,14.9,38.1,24.4,Low,Rainy,0,25,Completed,0
F1139,2025-10-05,Rural Market Yard,Rythu Colony,Krishna,Maize,DHM-117,15.61,32,Tractor,3,5,4,11:00-12:00,Sunday,10,42,44,26.1,130.7,58.8,High,Clear,0,25,Cancelled,3
F1140,2024-12-18,Cooperative Collection Centre,Kisanpur,Krishna,Maize,DHM-117,9.99,20,Mini Truck,1,4,9,09:00-10:00,Wednesday,12,52,46,22.2,141.9,57.7,High,Clear,1,20,Completed,2
F1141,2024-08-24,Rural Market Yard,Greenfield,Krishna,Maize,DHM-117,8.84,18,Tractor,2,4,10,11:00-12:00,Saturday,8,25,23,18.1,77.1,37.4,Medium,Clear,0,25,Completed,0
F1142,2025-11-06,Rural Market Yard,Kisanpur,Krishna,Cotton,NCS-145,20.96,42,Auto,1,3,12,08:00-09:00,Thursday,11,34,28,30.4,131.0,63.1,High,Rainy,0,20,Completed,3
F1143,2024-12-08,Cooperative Collection Centre,Lakshmi Nagar,Krishna,Maize,Pioneer-3396,18.07,37,Mini Truck,2,4,5,10:00-11:00,Sunday,12,65,67,28.9,187.8,75.8,High,Cloudy,0,25,Cancelled,3
F1144,2024-05-13,Cooperative Collection Centre,Greenfield,Krishna,Paddy,Sona Masuri,7.11,15,Auto,1,2,5,12:00-13:00,Monday,5,19,13,18.7,80.4,38.8,Medium,Clear,0,20,Completed,0
F1145,2025-11-02,Mandal Procurement Centre,Kisanpur,Krishna,Maize,Pioneer-3396,7.18,15,Tractor,2,2,10,08:00-09:00,Sunday,11,62,59,16.9,170.8,59.6,High,Clear,0,20,Completed,2
F1146,2024-07-16,Rural Market Yard,Lakshmi Nagar,Krishna,Maize,Pioneer-3396,12.26,25,Mini Truck,1,5,12,09:00-10:00,Tuesday,7,34,30,23.1,85.9,44.6,High,Clear,0,20,Completed,1
F1147,2024-11-12,Cooperative Collection Centre,Kisanpur,Krishna,Cotton,Bt Cotton,8.95,18,Tractor,1,5,10,08:00-09:00,Tuesday,11,40,35,20.2,93.4,43.5,High,Clear,0,20,Completed,2
F1148,2025-03-15,Rural Market Yard,Rythu Colony,Krishna,Paddy,BPT-5204,9.05,19,Auto,1,4,6,14:00-15:00,Saturday,3,24,26,18.9,80.9,39.1,Medium,Clear,0,25,Completed,0
F1149,2024-09-10,Cooperative Collection Centre,Greenfield,Krishna,Cotton,NCS-145,16.03,33,Tractor,2,3,5,09:00-10:00,Tuesday,9,37,40,27.9,151.3,65.7,High,Clear,1,20,Completed,3
F1150,2024-05-17,Rural Market Yard,Lakshmi Nagar,Krishna,Cotton,NCS-145,8.32,17,Tractor,3,2,5,09:00-10:00,Friday,5,28,29,19.9,122.6,50.5,High,Cloudy,0,20,Cancelled,2
F1151,2025-09-30,Mandal Procurement Centre,Greenfield,Krishna,Cotton,NCS-145,2.0,4,Tractor,2,2,6,10:00-11:00,Tuesday,9,31,33,9.8,71.3,27.6,Medium,Clear,0,25,Cancelled,0
F1152,2024-11-09,Rural Market Yard,Kisanpur,Krishna,Paddy,BPT-5204,11.26,23,Tractor,1,5,10,15:00-16:00,Saturday,11,36,38,20.5,110.0,48.0,High,Clear,1,25,Completed,2
F1153,2024-06-14,Mandal Procurement Centre,Kisanpur,Krishna,Maize,DHM-117,7.55,16,Mini Truck,3,2,10,12:00-13:00,Friday,6,24,26,20.0,118.5,49.6,High,Clear,0,20,Completed,1
F1154,2025-10-21,Rural Market Yard,Kisanpur,Krishna,Maize,Pioneer-3396,24.91,50,Tractor,3,4,7,09:00-10:00,Tuesday,10,51,57,40.6,232.5,98.7,High,Clear,0,20,Completed,3
F1155,2024-01-15,Rural Market Yard,Kisanpur,Krishna,Paddy,Sona Masuri,14.01,29,Tractor,1,4,5,14:00-15:00,Monday,1,32,35,22.6,96.0,46.6,High,Cloudy,0,25,Cancelled,1
F1156,2024-03-22,Cooperative Collection Centre,Lakshmi Nagar,Krishna,Maize,Pioneer-3396,13.63,28,Tractor,2,5,8,09:00-10:00,Friday,3,17,20,24.6,90.7,47.3,High,Rainy,0,20,Cancelled,1
F1157,2024-02-19,Cooperative Collection Centre,Kisanpur,Krishna,Cotton,NCS-145,13.02,27,Mini Truck,1,3,10,11:00-12:00,Monday,2,23,27,23.9,104.7,50.1,High,Clear,0,25,Cancelled,1
F1158,2024-04-08,Mandal Procurement Centre,Kisanpur,Krishna,Maize,DHM-117,4.89,10,Tractor,2,4,4,16:00-17:00,Monday,4,22,21,11.9,79.9,31.9,Medium,Clear,0,20,Completed,0
F1159,2025-06-14,Cooperative Collection Centre,Rythu Colony,Krishna,Paddy,Sona Masuri,15.76,32,Mini Truck,1,4,6,15:00-16:00,Saturday,6,40,40,29.1,129.9,61.6,High,Clear,0,25,Completed,3
F1160,2024-11-22,Mandal Procurement Centre,Greenfield,Krishna,Cotton,NCS-145,3.44,7,Mini Truck,3,4,9,08:00-09:00,Friday,11,43,44,12.6,119.2,42.4,High,Cloudy,0,20,Completed,2
F1161,2024-02-28,Rural Market Yard,Lakshmi Nagar,Krishna,Cotton,Bt Cotton,6.19,13,Tractor,1,5,7,16:00-17:00,Wednesday,2,19,9,14.2,43.4,25.0,Low,Clear,0,20,Completed,0
F1162,2024-05-06,Mandal Procurement Centre,Lakshmi Nagar,Krishna,Maize,DHM-117,6.59,14,Auto,2,2,6,10:00-11:00,Monday,5,30,29,11.5,95.4,35.4,High,Clear,0,25,Completed,0
F1163,2024-07-25,Cooperative Collection Centre,Greenfield,Krishna,Maize,DHM-117,5.64,12,Tractor,1,2,4,12:00-13:00,Thursday,7,16,14,16.1,68.9,33.3,Medium,Rainy,0,20,Completed,0
F1164,2025-01-10,Cooperative Collection Centre,Kisanpur,Krishna,Cotton,Bt Cotton,8.02,17,Auto,2,2,7,10:00-11:00,Friday,1,57,65,20.1,148.4,57.2,High,Cloudy,0,25,Completed,2
F1165,2024-02-27,Mandal Procurement Centre,Greenfield,Krishna,Cotton,Bt Cotton,5.84,12,Mini Truck,3,2,9,10:00-11:00,Tuesday,2,31,28,13.0,98.0,37.5,High,Clear,0,25,Cancelled,0
F1166,2024-12-22,Rural Market Yard,Rythu Colony,Krishna,Cotton,Bt Cotton,6.62,14,Tractor,1,4,12,16:00-17:00,Sunday,12,35,35,16.9,100.1,41.9,High,Clear,0,20,Completed,2
F1167,2025-07-15,Rural Market Yard,Rythu Colony,Krishna,Cotton,Bt Cotton,7.06,15,Tractor,3,5,6,08:00-09:00,Tuesday,7,33,23,18.8,88.0,40.8,Medium,Clear,0,20,Cancelled,0
F1168,2025-07-18,Mandal Procurement Centre,Kisanpur,Krishna,Paddy,Sona Masuri,9.6,20,Tractor,1,2,7,16:00-17:00,Friday,7,26,28,23.1,101.1,48.4,High,Cloudy,0,20,Completed,1
F1169,2024-05-08,Mandal Procurement Centre,Kisanpur,Krishna,Maize,DHM-117,9.18,19,Auto,2,4,9,14:00-15:00,Wednesday,5,19,19,15.9,67.1,32.7,Medium,Clear,0,25,Completed,0
F1170,2024-07-26,Mandal Procurement Centre,Kisanpur,Krishna,Paddy,Sona Masuri,12.85,26,Mini Truck,3,2,4,15:00-16:00,Friday,7,20,22,24.4,108.3,51.5,High,Clear,0,25,Completed,1
F1171,2024-08-14,Mandal Procurement Centre,Kisanpur,Krishna,Paddy,Sona Masuri,7.43,15,Tractor,3,4,4,08:00-09:00,Wednesday,8,35,35,19.5,103.5,45.4,High,Clear,1,20,Completed,2
F1172,2024-05-05,Rural Market Yard,Lakshmi Nagar,Krishna,Paddy,BPT-5204,14.07,29,Mini Truck,3,2,5,14:00-15:00,Sunday,5,22,20,22.8,106.1,49.3,High,Cloudy,0,25,Completed,1
F1173,2024-11-16,Mandal Procurement Centre,Lakshmi Nagar,Krishna,Maize,Pioneer-3396,9.17,19,Mini Truck,2,4,5,08:00-09:00,Saturday,11,57,59,18.3,154.0,56.8,High,Clear,0,20,Completed,2
F1174,2025-10-14,Cooperative Collection Centre,Lakshmi Nagar,Krishna,Paddy,Sona Masuri,17.62,36,Mini Truck,1,3,6,08:00-09:00,Tuesday,10,46,47,31.6,160.4,71.7,High,Clear,0,20,Cancelled,3
F1175,2025-11-09,Cooperative Collection Centre,Greenfield,Krishna,Paddy,BPT-5204,3.03,7,Tractor,3,3,9,09:00-10:00,Sunday,11,50,49,9.0,136.6,43.1,High,Cloudy,0,20,Completed,2
F1176,2024-01-09,Mandal Procurement Centre,Kisanpur,Krishna,Cotton,Bt Cotton,15.75,32,Mini Truck,2,2,5,08:00-09:00,Tuesday,1,52,47,26.8,158.2,66.3,High,Cloudy,0,20,Completed,3
F1177,2024-09-28,Rural Market Yard,Kisanpur,Krishna,Paddy,Sona Masuri,9.02,19,Tractor,2,2,5,16:00-17:00,Saturday,9,29,32,17.3,114.5,45.9,High,Clear,0,20,Completed,2
F1178,2024-05-31,Mandal Procurement Centre,Greenfield,Krishna,Maize,DHM-117,10.47,21,Mini Truck,3,3,9,09:00-10:00,Friday,5,29,24,21.2,104.2,47.2,High,Clear,0,20,Completed,1
F1179,2025-09-22,Cooperative Collection Centre,Rythu Colony,Krishna,Maize,Pioneer-3396,9.82,20,Tractor,2,5,12,11:00-12:00,Monday,9,18,18,19.8,66.9,36.5,Medium,Clear,0,25,Cancelled,0
F1180,2025-10-03,Cooperative Collection Centre,Rythu Colony,Krishna,Maize,DHM-117,15.5,31,Mini Truck,1,4,8,15:00-16:00,Friday,10,42,40,27.0,122.4,57.6,High,Cloudy,0,25,Completed,3
F1181,2025-12-28,Cooperative Collection Centre,Lakshmi Nagar,Krishna,Cotton,NCS-145,3.49,7,Mini Truck,2,2,12,09:00-10:00,Sunday,12,37,37,12.5,106.4,39.1,High,Rainy,0,20,Completed,2
F1182,2025-10-28,Cooperative Collection Centre,Lakshmi Nagar,Krishna,Paddy,Sona Masuri,5.75,12,Mini Truck,2,5,7,10:00-11:00,Tuesday,10,45,46,14.6,109.0,41.9,High,Clear,0,25,Completed,2
F1183,2024-04-27,Rural Market Yard,Kisanpur,Krishna,Paddy,BPT-5204,6.57,14,Mini Truck,3,3,6,08:00-09:00,Saturday,4,53,52,14.1,163.8,55.1,High,Clear,0,20,Completed,2
F1184,2025-04-24,Cooperative Collection Centre,Lakshmi Nagar,Krishna,Cotton,Bt Cotton,7.07,15,Tractor,1,5,5,14:00-15:00,Thursday,4,17,14,16.1,54.0,29.6,Medium,Clear,0,25,Completed,0
F1185,2025-04-16,Cooperative Collection Centre,Greenfield,Krishna,Maize,Pioneer-3396,17.56,36,Tractor,3,4,9,12:00-13:00,Wednesday,4,27,18,28.2,113.7,56.6,High,Clear,0,20,Completed,1
F1186,2024-11-07,Cooperative Collection Centre,Kisanpur,Krishna,Cotton,NCS-145,20.53,42,Tractor,1,2,4,11:00-12:00,Thursday,11,30,36,32.6,141.1,67.9,High,Clear,0,25,Completed,3
F1187,2024-05-10,Cooperative Collection Centre,Rythu Colony,Krishna,Paddy,Sona Masuri,4.38,9,Tractor,3,4,8,12:00-13:00,Friday,5,17,16,11.5,45.4,22.9,Medium,Clear,0,20,Completed,0
F1188,2025-11-25,Cooperative Collection Centre,Lakshmi Nagar,Krishna,Cotton,Bt Cotton,22.53,46,Mini Truck,3,4,6,08:00-09:00,Tuesday,11,47,47,34.5,199.6,84.4,High,Clear,0,20,Cancelled,3
F1189,2025-01-29,Rural Market Yard,Lakshmi Nagar,Krishna,Maize,Pioneer-3396,11.74,24,Mini Truck,3,2,12,15:00-16:00,Wednesday,1,41,39,20.9,123.4,51.8,High,Clear,0,25,Cancelled,2
F1190,2025-07-13,Rural Market Yard,Rythu Colony,Krishna,Cotton,NCS-145,6.31,13,Tractor,3,4,9,15:00-16:00,Sunday,7,20,29,16.5,87.8,38.5,Medium,Rainy,0,25,Completed,0
F1191,2025-09-03,Mandal Procurement Centre,Rythu Colony,Krishna,Cotton,Bt Cotton,5.19,11,Mini Truck,3,3,7,09:00-10:00,Wednesday,9,33,31,13.0,103.7,38.9,High,Clear,0,20,Cancelled,0
F1192,2024-06-23,Mandal Procurement Centre,Kisanpur,Krishna,Maize,DHM-117,4.16,9,Tractor,1,2,9,11:00-12:00,Sunday,6,29,22,13.7,46.6,25.4,Medium,Cloudy,0,25,Completed,0
F1193,2025-08-29,Mandal Procurement Centre,Kisanpur,Krishna,Cotton,NCS-145,8.19,17,Mini Truck,1,4,6,09:00-10:00,Friday,8,34,28,17.5,90.5,40.1,High,Clear,0,20,Completed,0
F1194,2025-09-01,Mandal Procurement Centre,Kisanpur,Krishna,Maize,DHM-117,7.76,16,Tractor,1,5,11,12:00-13:00,Monday,9,22,21,16.8,64.2,32.9,Medium,Cloudy,0,20,Cancelled,0
F1195,2025-08-29,Cooperative Collection Centre,Rythu Colony,Krishna,Maize,DHM-117,5.87,12,Auto,3,4,4,09:00-10:00,Friday,8,34,34,15.8,112.9,44.0,High,Clear,0,20,Completed,2
F1196,2024-08-01,Rural Market Yard,Greenfield,Krishna,Maize,Pioneer-3396,5.83,12,Tractor,3,4,11,14:00-15:00,Thursday,8,27,33,16.0,82.3,36.6,Medium,Cloudy,0,25,Completed,0
F1197,2025-08-01,Cooperative Collection Centre,Rythu Colony,Krishna,Maize,DHM-117,8.75,18,Tractor,3,5,7,10:00-11:00,Friday,8,27,27,19.0,85.8,40.5,Medium,Rainy,0,25,Completed,0
F1198,2025-01-24,Mandal Procurement Centre,Lakshmi Nagar,Krishna,Cotton,NCS-145,22.51,46,Mini Truck,1,2,9,09:00-10:00,Friday,1,54,51,36.4,199.7,86.3,High,Clear,0,20,Cancelled,3
F1199,2025-03-25,Mandal Procurement Centre,Lakshmi Nagar,Krishna,Paddy,BPT-5204,15.06,31,Tractor,2,5,12,12:00-13:00,Tuesday,3,20,18,25.8,108.2,52.9,High,Cloudy,0,20,Completed,1
F1200,2025-03-14,Mandal Procurement Centre,Greenfield,Krishna,Paddy,BPT-5204,34.17,69,Auto,1,2,12,10:00-11:00,Friday,3,37,44,48.8,188.1,95.8,High,Cloudy,1,25,Completed,3
F1201,2024-04-14,Rural Market Yard,Rythu Colony,Krishna,Maize,Pioneer-3396,3.28,7,Mini Truck,3,2,7,11:00-12:00,Sunday,4,18,12,13.9,62.4,29.5,Medium,Clear,0,25,Completed,0
F1202,2024-06-17,Rural Market Yard,Kisanpur,Krishna,Cotton,Bt Cotton,17.12,35,Tractor,2,5,11,15:00-16:00,Monday,6,25,23,26.3,100.4,51.4,High,Clear,0,25,Cancelled,1
F1203,2024-09-15,Cooperative Collection Centre,Rythu Colony,Krishna,Paddy,Sona Masuri,7.61,16,Tractor,1,4,4,12:00-13:00,Sunday,9,24,23,17.6,72.4,35.7,Medium,Clear,0,20,Cancelled,0
F1204,2024-04-01,Cooperative Collection Centre,Greenfield,Krishna,Maize,DHM-117,10.64,22,Mini Truck,2,3,8,11:00-12:00,Monday,4,24,21,21.5,92.9,44.7,High,Clear,0,25,Cancelled,1
F1205,2024-02-13,Mandal Procurement Centre,Lakshmi Nagar,Krishna,Maize,DHM-117,10.01,21,Tractor,3,2,10,11:00-12:00,Tuesday,2,23,17,21.5,82.7,42.2,Medium,Cloudy,0,25,Completed,1
F1206,2024-09-23,Mandal Procurement Centre,Kisanpur,Krishna,Paddy,Sona Masuri,23.72,48,Mini Truck,1,4,7,11:00-12:00,Monday,9,18,27,35.7,105.1,62.0,High,Clear,0,25,Cancelled,3
F1207,2025-07-03,Cooperative Collection Centre,Kisanpur,Krishna,Paddy,BPT-5204,9.29,19,Auto,2,3,12,10:00-11:00,Thursday,7,34,36,16.9,92.9,40.1,High,Cloudy,0,25,Completed,2
F1208,2024-12-06,Mandal Procurement Centre,Lakshmi Nagar,Krishna,Paddy,BPT-5204,5.85,12,Mini Truck,3,3,9,12:00-13:00,Friday,12,34,35,16.5,111.9,44.5,High,Cloudy,0,20,Completed,2
F1209,2024-08-22,Cooperative Collection Centre,Greenfield,Krishna,Maize,Pioneer-3396,23.11,47,Auto,3,5,8,08:00-09:00,Thursday,8,32,28,36.5,140.7,71.7,High,Clear,0,20,Completed,3
F1210,2024-11-01,Mandal Procurement Centre,Kisanpur,Krishna,Maize,Pioneer-3396,9.35,19,Mini Truck,3,3,6,10:00-11:00,Friday,11,44,43,18.5,124.7,49.7,High,Cloudy,0,25,Cancelled,2
F1211,2025-07-18,Rural Market Yard,Rythu Colony,Krishna,Cotton,Bt Cotton,9.58,20,Mini Truck,3,5,7,15:00-16:00,Friday,7,21,16,19.6,66.0,36.1,Medium,Clear,1,25,Completed,0
F1212,2025-09-06,Mandal Procurement Centre,Greenfield,Krishna,Paddy,Sona Masuri,11.3,23,Mini Truck,1,5,5,16:00-17:00,Saturday,9,24,21,20.8,88.7,43.0,Medium,Clear,0,20,Cancelled,1
F1213,2025-08-23,Cooperative Collection Centre,Lakshmi Nagar,Krishna,Maize,Pioneer-3396,4.35,9,Mini Truck,3,2,6,10:00-11:00,Saturday,8,42,46,13.6,110.6,41.2,High,Clear,0,25,Cancelled,2
F1214,2024-04-20,Rural Market Yard,Rythu Colony,Krishna,Maize,DHM-117,6.56,14,Mini Truck,3,4,4,11:00-12:00,Saturday,4,24,18,15.2,74.9,33.9,Medium,Cloudy,0,25,Completed,0
F1215,2025-03-07,Cooperative Collection Centre,Rythu Colony,Krishna,Maize,DHM-117,10.63,22,Tractor,3,4,5,08:00-09:00,Friday,3,28,29,19.8,107.2,46.6,High,Rainy,1,20,Completed,1
F1216,2025-09-27,Mandal Procurement Centre,Lakshmi Nagar,Krishna,Paddy,Sona Masuri,29.92,60,Mini Truck,3,2,12,14:00-15:00,Saturday,9,29,31,41.6,168.1,83.6,High,Cloudy,0,25,Cancelled,3
F1217,2025-10-13,Rural Market Yard,Greenfield,Krishna,Cotton,Bt Cotton,8.47,17,Tractor,2,5,10,11:00-12:00,Monday,10,41,42,21.3,114.2,49.9,High,Clear,0,25,Completed,2
F1218,2025-11-14,Mandal Procurement Centre,Lakshmi Nagar,Krishna,Maize,Pioneer-3396,8.24,17,Tractor,2,5,11,14:00-15:00,Friday,11,38,41,14.9,99.1,39.7,High,Cloudy,0,25,Completed,2
F1219,2025-09-23,Cooperative Collection Centre,Greenfield,Krishna,Paddy,Sona Masuri,9.81,20,Tractor,2,5,12,14:00-15:00,Tuesday,9,25,21,18.1,61.9,33.6,Medium,Cloudy,0,25,Completed,0
F1220,2025-04-21,Mandal Procurement Centre,Rythu Colony,Krishna,Maize,DHM-117,6.4,13,Mini Truck,2,3,12,09:00-10:00,Monday,4,34,30,12.3,89.5,34.7,High,Cloudy,0,20,Completed,0
F1221,2024-01-16,Cooperative Collection Centre,Rythu Colony,Krishna,Maize,Pioneer-3396,7.64,16,Mini Truck,2,3,5,10:00-11:00,Tuesday,1,50,48,14.4,107.0,41.1,High,Cloudy,0,25,Completed,2
F1222,2025-07-06,Cooperative Collection Centre,Lakshmi Nagar,Krishna,Cotton,Bt Cotton,3.48,7,Tractor,2,4,8,15:00-16:00,Sunday,7,21,14,8.9,44.8,20.1,Low,Rainy,0,25,Cancelled,0
F1223,2025-09-28,Cooperative Collection Centre,Rythu Colony,Krishna,Paddy,Sona Masuri,12.28,25,Tractor,1,5,10,10:00-11:00,Sunday,9,40,40,23.6,95.8,47.5,High,Cloudy,0,25,Completed,1
F1224,2024-11-18,Mandal Procurement Centre,Greenfield,Krishna,Cotton,NCS-145,2.39,5,Mini Truck,3,3,9,09:00-10:00,Monday,11,39,34,11.4,113.1,39.7,High,Rainy,0,20,Completed,2
F1225,2024-04-09,Mandal Procurement Centre,Greenfield,Krishna,Maize,DHM-117,5.04,11,Mini Truck,2,2,12,12:00-13:00,Tuesday,4,17,11,13.6,52.1,26.6,Medium,Rainy,0,20,Cancelled,0
F1226,2024-10-24,Rural Market Yard,Rythu Colony,Krishna,Maize,DHM-117,13.64,28,Tractor,2,4,11,08:00-09:00,Thursday,10,39,39,24.7,122.6,55.3,High,Rainy,0,20,Completed,3
F1227,2025-06-24,Rural Market Yard,Greenfield,Krishna,Cotton,NCS-145,12.63,26,Auto,1,4,12,09:00-10:00,Tuesday,6,30,30,22.9,95.7,46.8,High,Cloudy,1,20,Completed,1
F1228,2025-09-20,Cooperative Collection Centre,Rythu Colony,Krishna,Paddy,Sona Masuri,6.11,13,Tractor,1,4,5,09:00-10:00,Saturday,9,33,42,15.2,104.9,41.4,High,Clear,0,20,Completed,2
F1229,2024-08-15,Mandal Procurement Centre,Kisanpur,Krishna,Cotton,NCS-145,5.67,12,Mini Truck,3,5,8,09:00-10:00,Thursday,8,35,43,15.0,136.1,49.0,High,Clear,0,20,Completed,2
F1230,2024-02-18,Mandal Procurement Centre,Greenfield,Krishna,Cotton,NCS-145,6.55,14,Mini Truck,3,4,4,10:00-11:00,Sunday,2,39,33,12.7,90.0,35.2,Medium,Clear,0,25,Cancelled,0
F1231,2025-09-20,Mandal Procurement Centre,Greenfield,Krishna,Cotton,Bt Cotton,12.84,26,Mini Truck,2,2,10,15:00-16:00,Saturday,9,28,29,27.2,109.6,54.6,High,Clear,0,25,Completed,1
F1232,2025-11-17,Cooperative Collection Centre,Rythu Colony,Krishna,Paddy,Sona Masuri,3.19,7,Mini Truck,2,2,6,14:00-15:00,Monday,11,32,30,6.7,82.2,27.2,Medium,Clear,0,25,Completed,0
F1233,2024-08-11,Rural Market Yard,Greenfield,Krishna,Paddy,BPT-5204,11.98,24,Auto,1,5,4,08:00-09:00,Sunday,8,35,35,21.1,100.7,46.3,High,Clear,0,20,Completed,1
F1234,2025-12-13,Rural Market Yard,Greenfield,Krishna,Paddy,Sona Masuri,10.61,22,Tractor,3,2,8,10:00-11:00,Saturday,12,59,50,19.3,158.2,58.8,High,Clear,0,25,Completed,2
F1235,2025-09-28,Mandal Procurement Centre,Lakshmi Nagar,Krishna,Paddy,BPT-5204,16.07,33,Auto,2,2,10,11:00-12:00,Sunday,9,27,28,28.4,116.5,57.5,High,Cloudy,0,25,Completed,1
F1236,2024-07-15,Mandal Procurement Centre,Kisanpur,Krishna,Paddy,Sona Masuri,12.34,25,Mini Truck,2,5,10,08:00-09:00,Monday,7,29,27,23.5,112.6,51.6,High,Clear,0,20,Cancelled,1
F1237,2025-09-24,Mandal Procurement Centre,Lakshmi Nagar,Krishna,Paddy,Sona Masuri,8.3,17,Auto,3,4,12,10:00-11:00,Wednesday,9,39,41,14.9,101.3,40.2,High,Clear,0,25,Completed,2
F1238,2024-04-22,Mandal Procurement Centre,Greenfield,Krishna,Paddy,BPT-5204,7.52,16,Mini Truck,3,2,5,09:00-10:00,Monday,4,36,39,17.7,141.2,53.0,High,Cloudy,0,20,Cancelled,2
F1239,2024-12-21,Cooperative Collection Centre,Greenfield,Krishna,Cotton,Bt Cotton,5.7,12,Auto,3,5,9,11:00-12:00,Saturday,12,37,39,15.2,102.0,40.7,High,Clear,0,25,Completed,2
F1240,2024-07-15,Mandal Procurement Centre,Kisanpur,Krishna,Maize,DHM-117,10.26,21,Auto,2,4,5,12:00-13:00,Monday,7,23,28,19.7,101.4,45.0,High,Clear,0,20,Completed,1
F1241,2025-11-28,Rural Market Yard,Rythu Colony,Krishna,Maize,DHM-117,9.46,19,Mini Truck,3,2,6,09:00-10:00,Friday,11,44,46,21.4,158.1,60.9,High,Clear,0,20,Cancelled,2
F1242,2025-09-22,Rural Market Yard,Rythu Colony,Krishna,Cotton,Bt Cotton,5.36,11,Mini Truck,2,5,6,11:00-12:00,Monday,9,11,13,15.9,49.7,28.3,Medium,Rainy,0,25,Completed,0
F1243,2025-01-16,Mandal Procurement Centre,Greenfield,Krishna,Paddy,BPT-5204,9.43,19,Tractor,1,3,7,15:00-16:00,Thursday,1,23,23,19.1,73.4,37.5,Medium,Rainy,0,25,Completed,0
F1244,2024-11-27,Rural Market Yard,Kisanpur,Krishna,Cotton,NCS-145,10.51,22,Mini Truck,3,4,7,10:00-11:00,Wednesday,11,53,50,22.6,136.9,56.8,High,Cloudy,0,25,Completed,2
F1245,2024-06-20,Rural Market Yard,Lakshmi Nagar,Krishna,Maize,DHM-117,30.1,61,Tractor,2,3,4,09:00-10:00,Thursday,6,28,26,42.6,160.0,82.6,High,Clear,0,20,Cancelled,3
F1246,2025-10-25,Rural Market Yard,Greenfield,Krishna,Paddy,BPT-5204,6.82,14,Tractor,1,3,7,14:00-15:00,Saturday,10,36,38,20.7,105.2,47.0,High,Clear,0,25,Completed,2
F1247,2025-06-01,Cooperative Collection Centre,Rythu Colony,Krishna,Maize,DHM-117,7.9,16,Mini Truck,1,5,7,11:00-12:00,Sunday,6,26,27,20.3,72.8,38.5,Medium,Clear,0,25,Cancelled,0
F1248,2025-08-07,Cooperative Collection Centre,Kisanpur,Krishna,Paddy,BPT-5204,10.28,21,Tractor,3,2,9,08:00-09:00,Thursday,8,44,36,21.1,132.1,54.1,High,Cloudy,1,20,Completed,2
F1249,2025-07-22,Mandal Procurement Centre,Greenfield,Krishna,Paddy,Sona Masuri,6.13,13,Tractor,1,4,10,10:00-11:00,Tuesday,7,38,43,16.5,106.7,43.2,High,Cloudy,0,25,Completed,2
F1250,2024-10-15,Rural Market Yard,Rythu Colony,Krishna,Paddy,Sona Masuri,3.67,8,Mini Truck,1,2,7,12:00-13:00,Tuesday,10,34,27,13.3,99.8,38.2,High,Clear,0,20,Completed,0
F1251,2025-09-02,Rural Market Yard,Lakshmi Nagar,Krishna,Cotton,NCS-145,19.47,39,Auto,2,3,11,09:00-10:00,Tuesday,9,34,35,26.3,136.7,60.5,High,Clear,0,20,Completed,3
F1252,2024-01-03,Cooperative Collection Centre,Greenfield,Krishna,Paddy,BPT-5204,16.82,34,Mini Truck,1,4,8,12:00-13:00,Wednesday,1,46,42,25.2,134.9,58.9,High,Clear,0,20,Completed,3
F1253,2024-03-14,Cooperative Collection Centre,Rythu Colony,Krishna,Maize,Pioneer-3396,3.43,7,Tractor,1,5,9,12:00-13:00,Thursday,3,11,3,12.1,7.1,13.9,Low,Clear,0,20,Completed,0
F1254,2025-08-24,Rural Market Yard,Rythu Colony,Krishna,Paddy,BPT-5204,10.9,22,Mini Truck,1,3,6,14:00-15:00,Sunday,8,25,21,22.6,88.5,44.7,Medium,Clear,0,25,Completed,1
F1255,2024-08-01,Rural Market Yard,Lakshmi Nagar,Krishna,Maize,Pioneer-3396,5.52,12,Auto,1,3,10,09:00-10:00,Thursday,8,39,37,13.9,109.1,41.2,High,Cloudy,1,20,Completed,2
F1256,2024-08-15,Cooperative Collection Centre,Lakshmi Nagar,Krishna,Paddy,BPT-5204,18.7,38,Tractor,3,2,10,09:00-10:00,Thursday,8,34,28,31.0,145.5,67.4,High,Clear,0,20,Completed,3
F1257,2024-02-14,Rural Market Yard,Kisanpur,Krishna,Cotton,NCS-145,10.26,21,Auto,3,2,10,09:00-10:00,Wednesday,2,28,28,18.1,107.9,45.1,High,Clear,1,20,Completed,1
F1258,2025-05-22,Mandal Procurement Centre,Kisanpur,Krishna,Maize,DHM-117,13.29,27,Tractor,2,5,7,12:00-13:00,Thursday,5,25,30,25.6,104.6,51.8,High,Clear,1,20,Completed,1
F1259,2024-10-07,Rural Market Yard,Lakshmi Nagar,Krishna,Cotton,NCS-145,8.63,18,Mini Truck,1,5,12,10:00-11:00,Monday,10,43,39,17.2,95.4,41.0,High,Rainy,0,25,Completed,2
F1260,2024-01-02,Rural Market Yard,Greenfield,Krishna,Paddy,BPT-5204,8.41,17,Mini Truck,2,2,11,15:00-16:00,Tuesday,1,30,37,18.1,107.5,45.0,High,Clear,1,25,Completed,2
F1261,2025-11-19,Rural Market Yard,Kisanpur,Krishna,Cotton,NCS-145,5.7,12,Tractor,1,3,8,09:00-10:00,Wednesday,11,44,43,17.1,125.3,48.4,High,Cloudy,0,20,Completed,2
F1262,2025-06-20,Mandal Procurement Centre,Greenfield,Krishna,Paddy,BPT-5204,8.72,18,Mini Truck,2,3,4,11:00-12:00,Friday,6,13,16,19.1,75.5,38.0,Medium,Rainy,0,25,Completed,0
F1263,2025-10-02,Cooperative Collection Centre,Greenfield,Krishna,Maize,DHM-117,9.26,19,Mini Truck,2,2,12,12:00-13:00,Thursday,10,39,49,22.0,155.4,60.9,High,Clear,0,20,Completed,2
F1264,2024-02-28,Rural Market Yard,Lakshmi Nagar,Krishna,Paddy,BPT-5204,6.65,14,Auto,3,3,4,11:00-12:00,Wednesday,2,7,14,16.1,61.5,31.5,Medium,Rainy,0,25,Completed,0
F1265,2025-08-24,Rural Market Yard,Kisanpur,Krishna,Paddy,BPT-5204,10.93,22,Tractor,3,4,7,08:00-09:00,Sunday,8,42,43,18.3,142.9,54.0,High,Clear,1,20,Cancelled,2
F1266,2024-10-05,Rural Market Yard,Greenfield,Krishna,Paddy,Sona Masuri,29.9,60,Auto,2,3,12,10:00-11:00,Saturday,10,50,49,42.4,191.5,90.3,High,Clear,0,25,Cancelled,3
F1267,2025-11-30,Mandal Procurement Centre,Rythu Colony,Krishna,Cotton,Bt Cotton,14.41,29,Mini Truck,2,4,12,16:00-17:00,Sunday,11,39,40,26.5,144.6,62.6,High,Cloudy,1,20,Completed,3
F1268,2024-10-01,Cooperative Collection Centre,Greenfield,Krishna,Paddy,BPT-5204,7.72,16,Tractor,3,2,5,15:00-16:00,Tuesday,10,42,45,15.3,132.1,48.3,High,Cloudy,0,25,Completed,2
F1269,2024-06-25,Mandal Procurement Centre,Greenfield,Krishna,Paddy,BPT-5204,7.72,16,Mini Truck,2,5,4,08:00-09:00,Tuesday,6,38,32,18.8,100.8,44.0,High,Clear,0,20,Completed,2
F1270,2025-12-09,Mandal Procurement Centre,Lakshmi Nagar,Krishna,Cotton,Bt Cotton,18.59,38,Mini Truck,3,5,7,11:00-12:00,Tuesday,12,16,14,31.9,94.9,55.6,High,Rainy,0,25,Completed,1
F1271,2024-12-31,Cooperative Collection Centre,Kisanpur,Krishna,Paddy,BPT-5204,7.78,16,Auto,2,4,12,09:00-10:00,Tuesday,12,42,40,14.8,127.0,46.5,High,Clear,0,20,Completed,2
F1272,2025-07-11,Cooperative Collection Centre,Kisanpur,Krishna,Paddy,Sona Masuri,8.56,18,Mini Truck,1,2,7,12:00-13:00,Friday,7,19,22,16.2,88.3,38.3,Medium,Clear,0,20,Completed,0
F1273,2025-01-29,Cooperative Collection Centre,Rythu Colony,Krishna,Maize,DHM-117,15.56,32,Auto,3,5,7,08:00-09:00,Wednesday,1,50,45,28.2,173.3,71.5,High,Cloudy,0,20,Completed,3
F1274,2024-11-08,Cooperative Collection Centre,Rythu Colony,Krishna,Paddy,Sona Masuri,6.25,13,Mini Truck,3,2,9,12:00-13:00,Friday,11,41,46,13.8,133.7,47.2,High,Cloudy,1,20,Completed,2
F1275,2024-12-19,Mandal Procurement Centre,Rythu Colony,Krishna,Cotton,Bt Cotton,9.2,19,Auto,1,4,4,15:00-16:00,Thursday,12,31,31,18.7,96.0,42.7,High,Clear,0,25,Completed,1
F1276,2025-02-07,Mandal Procurement Centre,Rythu Colony,Krishna,Cotton,NCS-145,6.41,13,Tractor,1,4,4,10:00-11:00,Friday,2,40,39,12.2,86.0,33.7,High,Clear,0,25,Cancelled,0
F1277,2024-04-07,Mandal Procurement Centre,Lakshmi Nagar,Krishna,Cotton,NCS-145,4.08,9,Mini Truck,1,5,11,09:00-10:00,Sunday,4,41,35,13.0,75.4,31.9,High,Clear,0,20,Cancelled,0
F1278,2024-07-10,Rural Market Yard,Greenfield,Krishna,Cotton,NCS-145,10.41,21,Mini Truck,1,2,10,10:00-11:00,Wednesday,7,28,29,18.4,103.6,44.3,High,Rainy,0,25,Cancelled,1
F1279,2024-11-28,Cooperative Collection Centre,Kisanpur,Krishna,Cotton,Bt Cotton,14.71,30,Auto,2,3,6,09:00-10:00,Thursday,11,55,60,29.4,196.6,78.5,High,Clear,0,20,Completed,3
F1280,2024-05-22,Rural Market Yard,Lakshmi Nagar,Krishna,Paddy,Sona Masuri,19.2,39,Mini Truck,3,2,10,08:00-09:00,Wednesday,5,24,20,30.6,130.2,63.1,High,Rainy,1,20,Completed,3
F1281,2024-10-23,Mandal Procurement Centre,Rythu Colony,Krishna,Maize,Pioneer-3396,5.73,12,Auto,3,5,12,12:00-13:00,Wednesday,10,33,37,15.7,101.1,41.0,High,Rainy,0,20,Completed,2
F1282,2025-09-15,Mandal Procurement Centre,Lakshmi Nagar,Krishna,Paddy,BPT-5204,5.09,11,Tractor,2,3,11,08:00-09:00,Monday,9,30,37,17.3,113.3,45.6,High,Rainy,0,20,Completed,2
F1283,2025-10-17,Rural Market Yard,Greenfield,Krishna,Paddy,Sona Masuri,4.99,10,Tractor,3,2,6,16:00-17:00,Friday,10,31,31,13.2,113.4,41.5,High,Clear,0,20,Completed,2
F1284,2024-06-18,Mandal Procurement Centre,Lakshmi Nagar,Krishna,Paddy,BPT-5204,11.86,24,Mini Truck,1,4,5,11:00-12:00,Tuesday,6,24,27,23.2,84.5,44.3,Medium,Clear,0,25,Cancelled,1
F1285,2025-07-31,Rural Market Yard,Kisanpur,Krishna,Paddy,BPT-5204,4.99,10,Mini Truck,2,2,8,10:00-11:00,Thursday,7,26,21,15.6,83.3,36.4,Medium,Rainy,0,25,Cancelled,0
F1286,2025-01-24,Mandal Procurement Centre,Rythu Colony,Krishna,Paddy,BPT-5204,8.06,17,Tractor,2,3,10,14:00-15:00,Friday,1,23,23,19.3,81.2,39.6,Medium,Rainy,0,25,Completed,0
F1287,2025-10-12,Rural Market Yard,Greenfield,Krishna,Paddy,Sona Masuri,20.45,41,Tractor,1,5,6,08:00-09:00,Sunday,10,57,58,35.5,185.7,81.9,High,Clear,0,20,Completed,3
F1288,2025-05-09,Rural Market Yard,Kisanpur,Krishna,Cotton,Bt Cotton,7.56,16,Tractor,1,2,4,16:00-17:00,Friday,5,28,24,17.1,105.0,43.4,High,Clear,0,20,Cancelled,0
F1289,2024-01-24,Mandal Procurement Centre,Kisanpur,Krishna,Cotton,NCS-145,2.85,6,Mini Truck,2,4,6,14:00-15:00,Wednesday,1,34,28,13.1,63.9,29.1,Medium,Clear,0,25,Completed,0
F1290,2024-03-24,Mandal Procurement Centre,Greenfield,Krishna,Maize,Pioneer-3396,9.15,19,Tractor,1,3,12,14:00-15:00,Sunday,3,20,16,17.8,54.1,31.3,Medium,Clear,0,25,Completed,0
F1291,2025-02-26,Cooperative Collection Centre,Greenfield,Krishna,Paddy,Sona Masuri,6.72,14,Tractor,2,5,11,08:00-09:00,Wednesday,2,34,29,17.5,88.4,39.6,High,Cloudy,0,20,Cancelled,0
F1292,2025-06-03,Cooperative Collection Centre,Greenfield,Krishna,Maize,Pioneer-3396,11.83,24,Tractor,3,2,7,12:00-13:00,Tuesday,6,16,14,23.0,108.1,50.0,High,Rainy,0,20,Completed,1
F1293,2024-07-06,Rural Market Yard,Kisanpur,Krishna,Maize,Pioneer-3396,10.51,22,Auto,2,2,5,09:00-10:00,Saturday,7,42,40,20.3,130.2,52.8,High,Cloudy,0,20,Completed,2
F1294,2025-07-29,Mandal Procurement Centre,Lakshmi Nagar,Krishna,Cotton,Bt Cotton,9.71,20,Mini Truck,1,5,12,15:00-16:00,Tuesday,7,25,30,22.3,74.0,40.8,Medium,Clear,0,25,Completed,1
F1295,2024-08-12,Rural Market Yard,Rythu Colony,Krishna,Paddy,Sona Masuri,5.66,12,Tractor,1,2,9,09:00-10:00,Monday,8,40,46,12.3,129.1,44.6,High,Clear,0,20,Completed,2
F1296,2025-03-14,Mandal Procurement Centre,Greenfield,Krishna,Cotton,NCS-145,10.26,21,Tractor,1,3,5,12:00-13:00,Friday,3,17,20,22.0,92.1,45.0,High,Cloudy,0,20,Completed,1
F1297,2024-09-20,Cooperative Collection Centre,Kisanpur,Krishna,Maize,Pioneer-3396,12.34,25,Mini Truck,3,5,8,08:00-09:00,Friday,9,25,26,21.0,93.9,44.5,High,Clear,0,20,Completed,1
F1298,2025-02-28,Cooperative Collection Centre,Rythu Colony,Krishna,Paddy,Sona Masuri,8.18,17,Auto,1,3,5,09:00-10:00,Friday,2,39,38,18.5,125.9,50.0,High,Clear,0,20,Cancelled,2
F1299,2025-01-04,Cooperative Collection Centre,Lakshmi Nagar,Krishna,Cotton,NCS-145,17.69,36,Mini Truck,1,3,12,11:00-12:00,Saturday,1,42,45,31.8,129.3,64.1,High,Clear,0,25,Cancelled,3
F1300,2024-11-21,Mandal Procurement Centre,Rythu Colony,Krishna,Paddy,Sona Masuri,9.93,20,Tractor,2,5,7,09:00-10:00,Thursday,11,51,50,21.8,131.0,54.5,High,Clear,0,20,Cancelled,2
F1301,2025-05-10,Rural Market Yard,Greenfield,Krishna,Maize,DHM-117,7.5,15,Mini Truck,3,5,9,11:00-12:00,Saturday,5,31,39,16.0,103.3,41.8,High,Cloudy,0,25,Completed,2
F1302,2025-04-12,Mandal Procurement Centre,Rythu Colony,Krishna,Maize,Pioneer-3396,8.58,18,Tractor,3,2,9,16:00-17:00,Saturday,4,30,28,16.1,116.7,45.3,High,Clear,0,20,Completed,2
F1303,2025-10-27,Rural Market Yard,Greenfield,Krishna,Cotton,NCS-145,7.96,16,Auto,1,5,12,16:00-17:00,Monday,10,30,27,17.3,82.0,37.8,Medium,Clear,0,20,Completed,0
F1304,2024-03-17,Mandal Procurement Centre,Lakshmi Nagar,Krishna,Paddy,BPT-5204,16.75,34,Auto,1,4,7,10:00-11:00,Sunday,3,38,41,28.3,126.8,60.0,High,Clear,0,25,Completed,3
F1305,2024-11-27,Rural Market Yard,Rythu Colony,Krishna,Paddy,BPT-5204,21.3,43,Tractor,1,5,11,16:00-17:00,Wednesday,11,26,34,31.2,136.5,65.3,High,Rainy,0,20,Cancelled,3
F1306,2024-07-13,Cooperative Collection Centre,Kisanpur,Krishna,Paddy,Sona Masuri,8.88,18,Mini Truck,2,5,12,14:00-15:00,Saturday,7,29,33,22.2,86.7,43.9,Medium,Clear,0,25,Completed,1
F1307,2025-01-03,Rural Market Yard,Greenfield,Krishna,Cotton,Bt Cotton,15.47,31,Auto,2,5,12,09:00-10:00,Friday,1,45,44,25.3,147.8,62.2,High,Cloudy,0,20,Completed,3
F1308,2024-11-12,Rural Market Yard,Greenfield,Krishna,Maize,Pioneer-3396,19.35,39,Mini Truck,2,4,8,10:00-11:00,Tuesday,11,46,39,32.1,137.9,66.6,High,Clear,0,25,Completed,3
F1309,2025-12-17,Mandal Procurement Centre,Greenfield,Krishna,Cotton,Bt Cotton,6.33,13,Tractor,2,5,6,11:00-12:00,Wednesday,12,33,36,17.2,84.4,38.3,High,Clear,0,25,Completed,0
F1310,2025-10-28,Rural Market Yard,Greenfield,Krishna,Cotton,Bt Cotton,4.92,10,Tractor,1,5,9,09:00-10:00,Tuesday,10,46,42,13.3,107.8,40.2,High,Clear,0,20,Cancelled,2
F1311,2024-09-19,Rural Market Yard,Lakshmi Nagar,Krishna,Cotton,Bt Cotton,5.48,11,Auto,3,3,7,14:00-15:00,Thursday,9,22,15,14.7,80.2,34.8,Medium,Cloudy,0,25,Cancelled,0
F1312,2025-05-27,Rural Market Yard,Rythu Colony,Krishna,Paddy,BPT-5204,9.37,19,Tractor,2,4,7,09:00-10:00,Tuesday,5,35,32,17.0,115.8,46.0,High,Clear,0,20,Completed,2
F1313,2024-12-07,Rural Market Yard,Kisanpur,Krishna,Paddy,Sona Masuri,12.16,25,Auto,2,3,11,10:00-11:00,Saturday,12,60,63,22.4,153.9,60.9,High,Clear,0,25,Cancelled,2
F1314,2025-09-21,Cooperative Collection Centre,Lakshmi Nagar,Krishna,Cotton,NCS-145,15.41,31,Mini Truck,2,3,7,10:00-11:00,Sunday,9,42,47,23.4,150.5,61.0,High,Clear,0,25,Cancelled,3
F1315,2025-03-26,Cooperative Collection Centre,Kisanpur,Krishna,Cotton,Bt Cotton,7.39,15,Auto,1,4,5,08:00-09:00,Wednesday,3,46,44,17.5,116.7,46.7,High,Clear,0,20,Completed,2
F1316,2024-07-19,Cooperative Collection Centre,Rythu Colony,Krishna,Maize,DHM-117,19.41,39,Tractor,2,2,4,14:00-15:00,Friday,7,11,4,29.2,89.7,51.6,Medium,Rainy,0,25,Completed,1
F1317,2025-08-24,Rural Market Yard,Greenfield,Krishna,Paddy,BPT-5204,11.35,23,Auto,2,5,8,11:00-12:00,Sunday,8,31,25,19.4,85.0,40.6,Medium,Clear,0,25,Completed,1
F1318,2025-04-01,Rural Market Yard,Rythu Colony,Krishna,Cotton,Bt Cotton,4.39,9,Auto,1,5,12,08:00-09:00,Tuesday,4,16,14,13.8,41.7,24.2,Low,Rainy,0,20,Completed,0
F1319,2025-09-21,Mandal Procurement Centre,Lakshmi Nagar,Krishna,Cotton,Bt Cotton,8.16,17,Mini Truck,3,2,4,09:00-10:00,Sunday,9,38,41,17.7,136.2,51.8,High,Clear,0,20,Completed,2
F1320,2024-05-16,Cooperative Collection Centre,Lakshmi Nagar,Krishna,Paddy,Sona Masuri,8.3,17,Auto,3,3,11,08:00-09:00,Thursday,5,40,37,20.5,117.0,49.8,High,Clear,0,20,Completed,2
F1321,2024-08-28,Cooperative Collection Centre,Lakshmi Nagar,Krishna,Paddy,Sona Masuri,11.18,23,Mini Truck,1,4,8,14:00-15:00,Wednesday,8,17,18,20.4,64.3,36.5,Medium,Clear,0,25,Cancelled,1
F1322,2025-03-09,Rural Market Yard,Lakshmi Nagar,Krishna,Maize,Pioneer-3396,9.87,20,Auto,1,3,4,15:00-16:00,Sunday,3,22,28,19.8,90.4,42.4,High,Cloudy,0,25,Completed,1
F1323,2024-04-25,Cooperative Collection Centre,Rythu Colony,Krishna,Cotton,NCS-145,13.93,28,Auto,3,3,5,10:00-11:00,Thursday,4,36,37,23.8,134.7,57.5,High,Cloudy,0,25,Cancelled,3
F1324,2025-07-18,Cooperative Collection Centre,Rythu Colony,Krishna,Maize,DHM-117,21.29,43,Tractor,1,2,8,10:00-11:00,Friday,7,22,23,31.0,121.2,61.3,High,Rainy,0,25,Completed,3
F1325,2025-08-13,Mandal Procurement Centre,Kisanpur,Krishna,Maize,DHM-117,8.25,17,Mini Truck,2,5,8,09:00-10:00,Wednesday,8,28,27,16.9,83.2,37.7,Medium,Clear,0,20,Completed,0
F1326,2025-01-23,Rural Market Yard,Greenfield,Krishna,Maize,DHM-117,12.56,26,Tractor,1,4,6,12:00-13:00,Thursday,1,26,24,21.6,98.3,46.2,High,Rainy,0,20,Completed,1
F1327,2025-05-13,Rural Market Yard,Kisanpur,Krishna,Maize,Pioneer-3396,12.42,25,Auto,2,2,12,09:00-10:00,Tuesday,5,26,26,22.8,117.0,52.0,High,Rainy,0,20,Completed,1
F1328,2024-04-09,Mandal Procurement Centre,Rythu Colony,Krishna,Maize,DHM-117,7.02,15,Auto,1,5,11,16:00-17:00,Tuesday,4,23,24,16.7,66.3,33.3,Medium,Clear,0,20,Completed,0
F1329,2025-06-24,Cooperative Collection Centre,Greenfield,Krishna,Maize,DHM-117,11.35,23,Auto,1,3,7,09:00-10:00,Tuesday,6,32,32,23.2,129.6,55.6,High,Clear,0,20,Completed,1
F1330,2025-06-20,Mandal Procurement Centre,Lakshmi Nagar,Krishna,Maize,Pioneer-3396,7.28,15,Mini Truck,1,3,6,16:00-17:00,Friday,6,12,10,20.0,47.7,31.9,Medium,Rainy,0,20,Completed,0
F1331,2024-01-28,Rural Market Yard,Lakshmi Nagar,Krishna,Paddy,Sona Masuri,6.86,14,Tractor,2,3,11,09:00-10:00,Sunday,1,59,55,16.3,141.4,51.7,High,Clear,0,20,Cancelled,2
F1332,2024-01-08,Rural Market Yard,Greenfield,Krishna,Maize,Pioneer-3396,5.58,12,Tractor,3,4,6,16:00-17:00,Monday,1,39,42,15.1,125.4,46.5,High,Cloudy,0,20,Completed,2
F1333,2025-03-04,Mandal Procurement Centre,Greenfield,Krishna,Paddy,BPT-5204,12.67,26,Mini Truck,3,3,7,15:00-16:00,Tuesday,3,14,16,25.8,92.6,49.0,High,Cloudy,0,25,Completed,1
F1334,2024-05-14,Cooperative Collection Centre,Rythu Colony,Krishna,Maize,Pioneer-3396,8.92,18,Tractor,3,4,4,15:00-16:00,Tuesday,5,14,8,17.7,79.6,37.6,Medium,Clear,0,25,Completed,0
F1335,2024-08-18,Cooperative Collection Centre,Rythu Colony,Krishna,Maize,DHM-117,7.21,15,Tractor,2,4,6,09:00-10:00,Sunday,8,36,33,16.7,110.8,44.4,High,Cloudy,0,20,Cancelled,2
F1336,2025-04-15,Mandal Procurement Centre,Rythu Colony,Krishna,Cotton,Bt Cotton,4.06,9,Auto,3,3,8,08:00-09:00,Tuesday,4,41,45,13.6,133.8,47.1,High,Clear,0,20,Cancelled,2
F1337,2024-06-03,Cooperative Collection Centre,Rythu Colony,Krishna,Paddy,BPT-5204,19.61,40,Tractor,2,5,6,09:00-10:00,Monday,6,39,35,31.6,146.7,68.3,High,Clear,1,20,Completed,3
F1338,2024-07-05,Rural Market Yard,Lakshmi Nagar,Krishna,Paddy,BPT-5204,7.29,15,Tractor,2,5,7,14:00-15:00,Friday,7,7,3,18.2,40.9,28.4,Low,Rainy,0,25,Completed,0
F1339,2025-04-10,Rural Market Yard,Kisanpur,Krishna,Paddy,Sona Masuri,4.21,9,Mini Truck,3,4,10,14:00-15:00,Thursday,4,16,20,13.9,58.9,28.6,Medium,Clear,1,25,Completed,0
F1340,2024-08-24,Rural Market Yard,Greenfield,Krishna,Cotton,Bt Cotton,8.54,18,Tractor,1,5,5,14:00-15:00,Saturday,8,19,12,17.8,54.1,31.3,Medium,Clear,0,25,Completed,0
F1341,2024-04-20,Mandal Procurement Centre,Kisanpur,Krishna,Cotton,Bt Cotton,19.45,39,Mini Truck,1,4,8,10:00-11:00,Saturday,4,32,34,32.3,126.9,64.0,High,Cloudy,0,25,Completed,3
F1342,2024-10-03,Mandal Procurement Centre,Kisanpur,Krishna,Cotton,NCS-145,12.23,25,Mini Truck,3,2,12,11:00-12:00,Thursday,10,36,30,20.2,111.5,48.1,High,Clear,0,25,Completed,1
F1343,2025-08-06,Rural Market Yard,Lakshmi Nagar,Krishna,Paddy,BPT-5204,12.02,25,Tractor,2,5,8,10:00-11:00,Wednesday,8,31,32,18.8,96.8,43.0,High,Clear,0,25,Completed,1
F1344,2024-09-24,Mandal Procurement Centre,Kisanpur,Krishna,Cotton,Bt Cotton,4.85,10,Tractor,2,2,5,15:00-16:00,Tuesday,9,15,19,10.9,65.9,27.4,Medium,Cloudy,0,25,Completed,0
F1345,2025-10-06,Cooperative Collection Centre,Rythu Colony,Krishna,Maize,Pioneer-3396,4.13,9,Tractor,2,5,8,10:00-11:00,Monday,10,35,24,14.8,76.0,33.8,Medium,Rainy,0,25,Completed,0
F1346,2024-11-09,Rural Market Yard,Rythu Colony,Krishna,Cotton,Bt Cotton,4.04,9,Mini Truck,1,3,12,08:00-09:00,Saturday,11,63,64,12.1,156.6,51.2,High,Cloudy,0,20,Cancelled,2
F1347,2025-10-30,Cooperative Collection Centre,Kisanpur,Krishna,Maize,DHM-117,11.46,23,Auto,3,2,5,11:00-12:00,Thursday,10,25,26,20.7,122.0,51.2,High,Cloudy,0,25,Completed,1
F1348,2025-12-01,Cooperative Collection Centre,Rythu Colony,Krishna,Cotton,Bt Cotton,9.76,20,Tractor,3,4,11,09:00-10:00,Monday,12,46,61,21.6,181.1,66.9,High,Clear,0,20,Cancelled,2
F1349,2024-07-02,Mandal Procurement Centre,Kisanpur,Krishna,Cotton,Bt Cotton,3.37,7,Tractor,2,3,11,16:00-17:00,Tuesday,7,20,19,11.3,67.3,28.1,Medium,Clear,0,20,Completed,0
F1350,2025-09-18,Rural Market Yard,Rythu Colony,Krishna,Maize,DHM-117,6.75,14,Tractor,2,5,4,14:00-15:00,Thursday,9,15,15,15.0,49.7,27.4,Medium,Cloudy,0,25,Completed,0
F1351,2025-08-19,Cooperative Collection Centre,Kisanpur,Krishna,Paddy,BPT-5204,9.4,19,Mini Truck,1,2,8,09:00-10:00,Tuesday,8,23,24,20.4,99.7,45.3,High,Rainy,0,20,Completed,1
F1352,2025-05-19,Cooperative Collection Centre,Lakshmi Nagar,Krishna,Cotton,NCS-145,8.43,17,Tractor,3,4,10,11:00-12:00,Monday,5,12,11,18.7,62.7,34.4,Medium,Rainy,0,25,Cancelled,0
F1353,2025-06-28,Mandal Procurement Centre,Kisanpur,Krishna,Cotton,Bt Cotton,23.37,47,Tractor,2,4,5,09:00-10:00,Saturday,6,33,30,40.5,152.5,78.6,High,Rainy,0,20,Completed,3
F1354,2025-09-16,Mandal Procurement Centre,Kisanpur,Krishna,Paddy,BPT-5204,3.36,7,Auto,1,5,5,16:00-17:00,Tuesday,9,21,18,13.5,60.8,28.7,Medium,Clear,0,20,Cancelled,0
F1355,2025-11-11,Cooperative Collection Centre,Greenfield,Krishna,Maize,DHM-117,12.93,26,Mini Truck,2,5,9,11:00-12:00,Tuesday,11,28,29,21.5,102.8,47.2,High,Clear,0,25,Completed,1
F1356,2025-10-17,Cooperative Collection Centre,Greenfield,Krishna,Cotton,NCS-145,7.28,15,Mini Truck,2,4,10,14:00-15:00,Friday,10,46,50,14.2,114.3,42.8,High,Clear,0,25,Completed,2
F1357,2024-01-30,Rural Market Yard,Greenfield,Krishna,Cotton,NCS-145,6.62,14,Tractor,3,2,12,15:00-16:00,Tuesday,1,29,29,17.2,88.5,39.3,Medium,Clear,0,25,Completed,0
F1358,2024-02-29,Cooperative Collection Centre,Rythu Colony,Krishna,Cotton,NCS-145,9.27,19,Tractor,2,3,8,10:00-11:00,Thursday,2,35,39,21.5,118.9,51.2,High,Cloudy,0,25,Completed,2
F1359,2025-01-23,Mandal Procurement Centre,Rythu Colony,Krishna,Maize,DHM-117,17.19,35,Tractor,2,5,11,09:00-10:00,Thursday,1,47,40,28.0,143.1,63.8,High,Cloudy,0,20,Completed,3
F1360,2025-06-08,Cooperative Collection Centre,Lakshmi Nagar,Krishna,Paddy,BPT-5204,9.17,19,Tractor,1,4,11,08:00-09:00,Sunday,6,44,40,19.6,124.2,50.7,High,Rainy,0,20,Completed,2
F1361,2024-08-21,Rural Market Yard,Greenfield,Krishna,Maize,Pioneer-3396,17.85,36,Tractor,2,3,4,09:00-10:00,Wednesday,8,40,40,29.4,163.9,70.4,High,Cloudy,0,20,Completed,3
F1362,2024-07-24,Cooperative Collection Centre,Greenfield,Krishna,Paddy,Sona Masuri,13.1,27,Tractor,1,3,5,09:00-10:00,Wednesday,7,25,29,25.1,116.2,54.2,High,Clear,0,20,Completed,1
F1363,2024-07-12,Cooperative Collection Centre,Rythu Colony,Krishna,Paddy,Sona Masuri,9.72,20,Tractor,1,3,7,10:00-11:00,Friday,7,24,25,14.9,90.0,37.4,Medium,Rainy,1,25,Completed,0
F1364,2024-05-22,Mandal Procurement Centre,Rythu Colony,Krishna,Maize,DHM-117,23.32,47,Mini Truck,3,3,6,14:00-15:00,Wednesday,5,20,21,39.3,140.5,74.4,High,Rainy,0,25,Completed,3
F1365,2024-06-14,Rural Market Yard,Rythu Colony,Krishna,Maize,DHM-117,12.96,26,Mini Truck,3,3,7,11:00-12:00,Friday,6,21,14,24.8,82.5,45.4,Medium,Clear,0,25,Completed,1
F1366,2024-06-04,Cooperative Collection Centre,Rythu Colony,Krishna,Maize,Pioneer-3396,8.03,17,Mini Truck,1,5,4,15:00-16:00,Tuesday,6,9,5,16.4,32.8,24.6,Low,Rainy,0,25,Completed,0
F1367,2024-05-04,Mandal Procurement Centre,Rythu Colony,Krishna,Cotton,NCS-145,9.02,19,Tractor,2,3,8,09:00-10:00,Saturday,5,46,43,17.1,128.5,49.2,High,Cloudy,0,20,Completed,2
F1368,2024-01-25,Cooperative Collection Centre,Greenfield,Krishna,Paddy,Sona Masuri,14.61,30,Mini Truck,2,2,10,10:00-11:00,Thursday,1,46,49,22.3,152.1,60.3,High,Rainy,0,25,Completed,3
F1369,2024-06-05,Rural Market Yard,Rythu Colony,Krishna,Paddy,Sona Masuri,5.26,11,Tractor,1,4,7,15:00-16:00,Wednesday,6,24,28,15.5,69.8,33.0,Medium,Clear,0,25,Cancelled,0
F1370,2024-10-20,Rural Market Yard,Kisanpur,Krishna,Cotton,Bt Cotton,17.03,35,Auto,3,2,6,09:00-10:00,Sunday,10,49,50,28.4,199.3,78.2,High,Cloudy,0,20,Completed,3
F1371,2024-04-22,Cooperative Collection Centre,Kisanpur,Krishna,Cotton,NCS-145,7.01,15,Mini Truck,1,4,9,08:00-09:00,Monday,4,36,32,15.3,98.4,39.9,High,Clear,0,20,Completed,0
F1372,2024-09-05,Cooperative Collection Centre,Rythu Colony,Krishna,Maize,Pioneer-3396,4.09,9,Tractor,3,3,8,08:00-09:00,Thursday,9,32,41,13.8,108.7,41.0,High,Clear,0,20,Cancelled,2
F1373,2025-07-11,Rural Market Yard,Rythu Colony,Krishna,Cotton,Bt Cotton,10.63,22,Mini Truck,1,4,4,08:00-09:00,Friday,7,30,20,21.0,84.6,42.1,Medium,Clear,0,20,Completed,1
F1374,2024-07-17,Mandal Procurement Centre,Kisanpur,Krishna,Paddy,BPT-5204,9.48,19,Mini Truck,2,3,10,14:00-15:00,Wednesday,7,19,26,18.3,85.5,39.7,Medium,Clear,0,25,Cancelled,0
F1375,2025-12-05,Rural Market Yard,Kisanpur,Krishna,Paddy,Sona Masuri,9.16,19,Mini Truck,2,5,7,11:00-12:00,Friday,12,44,38,14.9,105.3,41.2,High,Clear,1,25,Completed,2
F1376,2025-12-29,Mandal Procurement Centre,Lakshmi Nagar,Krishna,Maize,DHM-117,6.69,14,Auto,1,4,4,09:00-10:00,Monday,12,44,43,15.7,116.1,44.7,High,Rainy,0,20,Completed,2
F1377,2025-01-18,Rural Market Yard,Kisanpur,Krishna,Maize,Pioneer-3396,19.44,39,Mini Truck,3,5,6,14:00-15:00,Saturday,1,47,50,31.8,161.2,72.1,High,Cloudy,0,25,Completed,3
F1378,2024-07-11,Cooperative Collection Centre,Greenfield,Krishna,Cotton,NCS-145,9.17,19,Mini Truck,1,2,6,12:00-13:00,Thursday,7,20,18,18.1,80.9,38.3,Medium,Cloudy,0,20,Completed,0
F1379,2024-07-17,Cooperative Collection Centre,Kisanpur,Krishna,Maize,Pioneer-3396,12.04,25,Auto,3,5,7,08:00-09:00,Wednesday,7,32,34,21.2,124.1,52.2,High,Cloudy,0,20,Completed,2
F1380,2024-09-20,Cooperative Collection Centre,Rythu Colony,Krishna,Paddy,Sona Masuri,10.07,21,Mini Truck,1,4,12,11:00-12:00,Friday,9,29,29,19.8,81.1,40.1,Medium,Clear,0,25,Completed,1
F1381,2025-09-07,Cooperative Collection Centre,Rythu Colony,Krishna,Paddy,Sona Masuri,14.39,29,Mini Truck,2,5,7,14:00-15:00,Sunday,9,20,29,23.6,116.6,52.8,High,Cloudy,1,25,Completed,1
F1382,2024-04-28,Cooperative Collection Centre,Lakshmi Nagar,Krishna,Cotton,NCS-145,6.76,14,Auto,2,3,11,14:00-15:00,Sunday,4,27,30,17.2,85.0,38.5,Medium,Clear,0,25,Completed,0
F1383,2025-09-18,Cooperative Collection Centre,Lakshmi Nagar,Krishna,Paddy,BPT-5204,23.62,48,Mini Truck,3,2,9,14:00-15:00,Thursday,9,24,24,32.2,141.9,67.7,High,Clear,0,25,Cancelled,3
F1384,2025-09-19,Cooperative Collection Centre,Greenfield,Krishna,Paddy,BPT-5204,5.56,12,Tractor,1,4,4,14:00-15:00,Friday,9,24,19,11.1,61.9,26.6,Medium,Clear,0,25,Cancelled,0
F1385,2025-04-09,Rural Market Yard,Greenfield,Krishna,Paddy,Sona Masuri,6.05,13,Mini Truck,2,5,12,16:00-17:00,Wednesday,4,32,30,17.3,85.8,38.8,High,Cloudy,0,20,Completed,0
F1386,2025-02-28,Rural Market Yard,Kisanpur,Krishna,Paddy,BPT-5204,9.43,19,Tractor,2,3,8,10:00-11:00,Friday,2,32,31,19.8,102.7,45.5,High,Rainy,0,25,Completed,1
F1387,2024-09-11,Rural Market Yard,Rythu Colony,Krishna,Maize,DHM-117,13.29,27,Mini Truck,1,4,12,14:00-15:00,Wednesday,9,19,22,25.9,95.7,49.8,High,Clear,0,25,Completed,1
F1388,2025-07-01,Cooperative Collection Centre,Lakshmi Nagar,Krishna,Paddy,BPT-5204,10.32,21,Mini Truck,3,2,8,14:00-15:00,Tuesday,7,26,24,22.0,112.0,50.0,High,Clear,0,25,Completed,1
F1389,2025-08-06,Mandal Procurement Centre,Greenfield,Krishna,Cotton,NCS-145,6.81,14,Mini Truck,2,2,10,10:00-11:00,Wednesday,8,32,29,15.6,77.3,34.9,Medium,Clear,0,25,Completed,0
F1390,2024-11-01,Rural Market Yard,Rythu Colony,Krishna,Paddy,Sona Masuri,6.66,14,Auto,3,3,5,14:00-15:00,Friday,11,38,36,16.6,108.1,43.6,High,Clear,0,25,Completed,2
F1391,2025-01-10,Cooperative Collection Centre,Kisanpur,Krishna,Maize,DHM-117,10.51,22,Tractor,2,5,11,10:00-11:00,Friday,1,44,48,20.0,116.3,49.1,High,Clear,0,25,Completed,2
F1392,2024-03-24,Rural Market Yard,Lakshmi Nagar,Krishna,Cotton,NCS-145,8.62,18,Tractor,3,5,5,14:00-15:00,Sunday,3,23,23,18.0,77.8,37.5,Medium,Rainy,0,25,Completed,0
F1393,2025-01-22,Mandal Procurement Centre,Kisanpur,Krishna,Cotton,NCS-145,16.1,33,Tractor,2,3,6,12:00-13:00,Wednesday,1,34,38,26.9,159.1,66.7,High,Clear,1,20,Completed,3
F1394,2025-10-27,Mandal Procurement Centre,Greenfield,Krishna,Cotton,NCS-145,7.09,15,Tractor,2,5,7,11:00-12:00,Monday,10,34,46,14.7,97.7,39.1,High,Clear,0,25,Completed,2
F1395,2024-06-22,Rural Market Yard,Rythu Colony,Krishna,Paddy,BPT-5204,4.16,9,Tractor,2,4,12,10:00-11:00,Saturday,6,42,41,13.7,91.7,36.6,High,Cloudy,0,25,Completed,2
F1396,2025-04-30,Cooperative Collection Centre,Lakshmi Nagar,Krishna,Paddy,Sona Masuri,16.53,34,Mini Truck,1,5,5,10:00-11:00,Wednesday,4,29,28,29.3,102.5,54.9,High,Cloudy,0,25,Completed,1
F1397,2025-08-18,Cooperative Collection Centre,Kisanpur,Krishna,Cotton,Bt Cotton,4.34,9,Tractor,2,4,7,15:00-16:00,Monday,8,22,24,10.5,63.0,26.2,Medium,Clear,0,25,Completed,0
F1398,2024-05-18,Rural Market Yard,Lakshmi Nagar,Krishna,Maize,DHM-117,19.0,38,Mini Truck,2,5,9,10:00-11:00,Saturday,5,35,31,32.9,111.1,60.7,High,Clear,0,25,Completed,3
F1399,2025-09-13,Rural Market Yard,Lakshmi Nagar,Krishna,Maize,Pioneer-3396,5.52,12,Auto,3,4,9,15:00-16:00,Saturday,9,20,16,12.7,44.2,23.8,Low,Clear,0,25,Completed,0
